{
  "embedding_dim": 10,
  "epoch": 296,
  "model_type": "distance_cpcc_radial",
  "node_count": 486,
  "radius_max": 0.36600311635562655,
  "radius_mean": 0.2756442162756463,
  "radius_min": 0.0854495717019009
}