{
  "ancestor_ranking": {
    "mean_average_precision": 0.9969072164948454,
    "mean_positive_rank": 1.0123711340206185
  },
  "branch_separation": {
    "across_branch": {
      "count": 4000,
      "max": 1.1815848721630835,
      "mean": 0.8577631849030637,
      "median": 0.8623851869879546,
      "min": 0.17667008178369076
    },
    "within_branch": {
      "count": 4000,
      "max": 1.053429976381997,
      "mean": 0.40604717498135745,
      "median": 0.43669866677269176,
      "min": 0.0031573205469774494
    }
  },
  "checkpoint_epoch": 296,
  "depth_radius": {
    "pearson": 0.4659806776041688,
    "spearman": 0.24166274459484444
  },
  "parent_ranking": {
    "depth_stratified_mean_rank": {
      "1": 1.0,
      "2": 1.077922077922078,
      "3": 1.0,
      "4": 1.0
    },
    "mean_rank": 1.0123711340206185,
    "median_rank": 1.0
  },
  "radius_structure": {
    "adjacent_depth_gaps": {
      "0_to_1": 0.12923472024990754,
      "1_to_2": 0.053943252620948234,
      "2_to_3": 0.008276864260276906,
      "3_to_4": 0.08385209710944946
    },
    "internal_mean_radius": 0.2029356810199987,
    "leaf_internal_radius_ratio": 1.3665807387230084,
    "leaf_mean_radius": 0.2773279928815666,
    "mean_radius_by_depth": {
      "0": 0.0854495717019009,
      "1": 0.21468429195180844,
      "2": 0.26862754457275667,
      "3": 0.2769044088330336,
      "4": 0.36075650594248304
    },
    "minimum_adjacent_gap": 0.008276864260276906,
    "monotonic_depth_means": true,
    "parent_child_radial_violation_rate": 0.1134020618556701
  },
  "radius_summary": {
    "internal": {
      "count": 11,
      "max": 0.26348106801976856,
      "mean": 0.2029356810199987,
      "median": 0.2396914343822076,
      "min": 0.0854495717019009
    },
    "leaf": {
      "count": 475,
      "max": 0.36600311635562655,
      "mean": 0.2773279928815666,
      "median": 0.28039852583813774,
      "min": 0.08725554437391984
    }
  },
  "ratios": {
    "sibling_to_non_sibling_mean": 0.16392883270798608,
    "within_branch_to_across_branch_mean": 0.4733791122397554
  },
  "reconstruction": {
    "map_rank": 0.30555796078359787,
    "mean_rank": 6.068041237113402
  },
  "sibling_cohesion": {
    "same_depth_non_siblings": {
      "count": 4000,
      "max": 1.1803283680993886,
      "mean": 0.8167846281837191,
      "median": 0.8640262450076055,
      "min": 0.12864564851439142
    },
    "siblings": {
      "count": 1517,
      "max": 1.050296219223098,
      "mean": 0.1338945506719835,
      "median": 0.003159841777417173,
      "min": 0.003157307250934716
    }
  }
}