node_id	coding	meaning	parent_id	depth	top_branch_id	top_branch_code	selectable	is_target_code	dim_1	dim_2	dim_3	dim_4	dim_5	dim_6	dim_7	dim_8	dim_9	dim_10
12070	C00	C00 Malignant neoplasm of lip	440	3	20	Chapter II	Y	Y	0.000449779462761	0.000245986650757	0.00310154372785	0.00454268216367	0.000401001320639	-0.00203354544749	0.00264413184253	0.00651999010705	0.00276935069353	-0.00235260447846
12080	C000	C00.0 External upper lip	12070	4	20	Chapter II	Y	Y	0.000467143559064	0.000108290237716	0.00306178876825	0.00442460975932	0.000344256882559	-0.00222865483238	0.00254974139075	0.00641821352756	0.00284899574342	-0.00233727078686
12090	C001	C00.1 External lower lip	12070	4	20	Chapter II	Y	Y	0.000506679954109	0.000159604376189	0.00308597511634	0.00453365493667	0.000284840506663	-0.00217705570234	0.00264168104411	0.00644720400752	0.00290405987835	-0.00239652803704
12100	C002	C00.2 External lip, unspecified	12070	4	20	Chapter II	Y	Y	0.00036114780211	0.000208088165622	0.0031285615464	0.0045155131546	0.000393395895139	-0.00228018578137	0.00259180624126	0.00655322740113	0.00285465232106	-0.00235200006769
12110	C003	C00.3 Upper lip, inner aspect	12070	4	20	Chapter II	Y	Y	0.000560470205521	0.000141568858747	0.00308012088143	0.00442322084224	0.000268105315794	-0.00220246011354	0.00262322867955	0.00644366660705	0.00287542307021	-0.00238361439475
12120	C004	C00.4 Lower lip, inner aspect	12070	4	20	Chapter II	Y	Y	0.00029500709753	0.000209086935213	0.00309455069233	0.00460219647735	0.000408327317048	-0.00233250286104	0.0025993449139	0.00656800680561	0.0029396953411	-0.00238366214662
12130	C005	C00.5 Lip, unspecified, inner aspect	12070	4	20	Chapter II	Y	Y	-0.000421411440937	0.00117728790294	0.0030272037689	0.00507227388292	0.00101488112528	0.00023145996217	0.00341285593979	0.0059546819628	0.0010829090712	-0.00215448894375
12140	C006	C00.6 Commissure of lip	12070	4	20	Chapter II	Y	Y	0.000320423557207	0.000182948012724	0.00306696661452	0.0045117284756	0.000393499025374	-0.00228106289184	0.00256431132679	0.00647475471816	0.00289108451505	-0.00238042386796
12150	C008	C00.8 Overlapping lesion of lip	12070	4	20	Chapter II	Y	Y	0.000430315537329	0.000200959624323	0.0031497444765	0.00450609688148	0.000367153072835	-0.0023255042266	0.00258945809449	0.00657411523342	0.00287092360888	-0.00229481135667
12160	C009	C00.9 Lip, unspecified	12070	4	20	Chapter II	Y	Y	0.000398123721194	0.000205269438652	0.00316470779278	0.00452948092031	0.000387161002777	-0.00227602792288	0.00262420278679	0.00661489291062	0.00283552492767	-0.00237581532545
12170	C01	C01 Malignant neoplasm of base of tongue	440	3	20	Chapter II	Y	Y	0.0020981982615	-0.000328055707169	0.00275662277233	0.00339450261187	0.000945735453669	0.000283687441746	0.00178957566668	0.00425733681154	0.00120979683316	-0.00121121353049
12180	C02	C02 Malignant neoplasm of other and unspecified parts of tongue	440	3	20	Chapter II	Y	Y	0.00301834691741	-0.00126675848518	0.00522056539255	0.00505679429403	-0.0012387277876	-0.000198496329197	-0.000241224882507	0.00525990924599	-0.00121908513837	-0.00057048183017
12190	C020	C02.0 Dorsal surface of tongue	12180	4	20	Chapter II	Y	Y	0.00308913378334	-0.00134834246479	0.00551414707724	0.00501850305806	-0.00124688688353	-0.000336403731989	-0.000373779863447	0.00549374799576	-0.00141293690631	-0.000426970280068
12200	C021	C02.1 Border of tongue	12180	4	20	Chapter II	Y	Y	0.00300558178183	-0.00117285462315	0.00544610225272	0.00507203543705	-0.00125688055762	-0.00032806153761	-0.000376339706447	0.00546606236008	-0.00145595760214	-0.000596798474859
12210	C022	C02.2 Ventral surface of tongue	12180	4	20	Chapter II	Y	Y	0.00313005358478	-0.00138634884806	0.00550968028025	0.00501890105753	-0.00127027373524	-0.000343677105608	-0.000369910680605	0.00547331628248	-0.0013759435587	-0.000373840162158
12220	C023	C02.3 Anterior two-thirds of tongue, part unspecified	12180	4	20	Chapter II	Y	Y	0.00317742970911	-0.00128214518657	0.00556819985874	0.00504372118042	-0.00143153829648	-0.000429866760648	-0.000425309847705	0.0053306929173	-0.00141331930485	-0.000539500624175
12230	C024	C02.4 Lingual tonsil	12180	4	20	Chapter II	Y	Y	0.00309846949938	-0.00134009593198	0.00553882311223	0.00502511911513	-0.00124396540868	-0.0003287140281	-0.000358365210993	0.00550178649048	-0.00142672587028	-0.000400716727674
12240	C028	C02.8 Overlapping lesion of tongue	12180	4	20	Chapter II	Y	Y	0.00315629879936	-0.00126234714839	0.00558492949272	0.00499460879473	-0.00142666653307	-0.000470201944522	-0.000468390290424	0.00528428011333	-0.00148958229527	-0.000521746437509
12250	C029	C02.9 Tongue, unspecified	12180	4	20	Chapter II	Y	Y	0.00306759687675	-0.00124573156188	0.00554003150055	0.00508647500716	-0.00131368044669	-0.000336818955702	-0.00040280089626	0.0054899572138	-0.00150687651855	-0.000496953509752
12260	C03	C03 Malignant neoplasm of gum	440	3	20	Chapter II	Y	Y	0.00226628463477	-0.000826746446023	0.00440826853317	0.00383161987165	0.000665026323819	-0.00126634828454	0.00159634849706	0.00692210866623	0.00168064569344	-0.00128636137129
12270	C030	C03.0 Upper gum	12260	4	20	Chapter II	Y	Y	0.00233872543525	-0.000691682492442	0.00460345996927	0.00401637526008	0.000707391180868	-0.00138645055419	0.0016873471857	0.00722651491452	0.00160596930991	-0.00149790085893
12280	C031	C03.1 Lower gum	12260	4	20	Chapter II	Y	Y	0.00228325464783	-0.000724827304522	0.00439760850975	0.00386411570892	0.000705100188868	-0.00117675987025	0.00164411914548	0.00689393289677	0.00161932167874	-0.00138102901636
12290	C039	C03.9 Gum, unspecified	12260	4	20	Chapter II	Y	Y	0.00233205337179	-0.000746239463727	0.00450730466914	0.00395903576208	0.000688857940177	-0.0012873857402	0.00165705054038	0.00709612685844	0.00163627855535	-0.00140705462696
12300	C04	C04 Malignant neoplasm of floor of mouth	440	3	20	Chapter II	Y	Y	0.000600234051812	0.00112333371585	0.00391003824578	0.00556096261584	0.00116311556092	-5.13044036536e-05	0.00396793614395	0.00489004528405	0.0027109861261	-0.000991195791926
12310	C040	C04.0 Anterior floor of mouth	12300	4	20	Chapter II	Y	Y	0.000607415996412	0.0011400910099	0.00398590423104	0.00569367037839	0.0011553603496	-4.21495914032e-05	0.00407392187039	0.00497406319925	0.00276732109137	-0.000996335807031
12320	C041	C04.1 Lateral floor of mouth	12300	4	20	Chapter II	Y	Y	0.000568785934655	0.00112180468305	0.00402758547994	0.00562165741591	0.000982154907212	-1.47159462746e-05	0.00431448503702	0.00490825737152	0.00286782837734	-0.000836545668658
12330	C048	C04.8 Overlapping lesion of floor of mouth	12300	4	20	Chapter II	Y	Y	0.000631696735564	0.00111665036549	0.00401962818446	0.0056218629445	0.00113808813034	-5.13628834005e-05	0.00413385756147	0.00506445483253	0.00277470694153	-0.000933087260333
12340	C049	C04.9 Floor of mouth, unspecified	12300	4	20	Chapter II	Y	Y	0.000585844811046	0.00111502266889	0.00395466212076	0.00571734312122	0.00109263520689	1.15266406348e-05	0.00415505320132	0.00496316287502	0.0027945952264	-0.00095636295458
12350	C05	C05 Malignant neoplasm of palate	440	3	20	Chapter II	Y	Y	0.0021025918807	0.000252208612316	0.00442135655927	0.00554246649335	0.00289050628535	0.000483839449345	0.000611539484382	0.00516645335238	-0.000343181370946	-0.00240623228978
12360	C050	C05.0 Hard palate	12350	4	20	Chapter II	Y	Y	0.00220097747569	0.000221495829162	0.00454867877483	0.0056664202451	0.00294740565243	0.000449593926137	0.00049391239266	0.00514860301591	-0.000389546565401	-0.00251853688598
12370	C051	C05.1 Soft palate	12350	4	20	Chapter II	Y	Y	0.0021859809548	0.000208473361849	0.00453395761235	0.00565717378779	0.00295418574389	0.000484011429641	0.000449270705764	0.00509996028905	-0.000432339855181	-0.00251355064634
12380	C052	C05.2 Uvula	12350	4	20	Chapter II	Y	Y	0.00221871940933	0.000178035686251	0.00465469242013	0.00579712243522	0.00294140479051	0.000648428206958	0.000535656379323	0.00526380556128	-0.00049339606264	-0.00243452628683
12390	C058	C05.8 Overlapping lesion of palate	12350	4	20	Chapter II	Y	Y	0.0022792341132	0.000135825877768	0.00463716689803	0.00566391316231	0.00283177853577	0.000504933080528	0.00051655120937	0.00512278988458	-0.000330241610897	-0.00240822754893
12400	C059	C05.9 Palate, unspecified	12350	4	20	Chapter II	Y	Y	0.00218903683306	0.000236429992965	0.00456585224622	0.00569710426392	0.00297772479682	0.000434865607342	0.000435968348322	0.00514945107877	-0.000433089294939	-0.00256515913859
12410	C06	C06 Malignant neoplasm of other and unspecified parts of mouth	440	3	20	Chapter II	Y	Y	0.00156194542928	0.000409079429427	0.00101236237427	0.00406449881883	0.00165328360295	-0.00166363777535	0.00342663709828	0.00755213749311	0.00233908008187	-0.00122785243811
12420	C060	C06.0 Cheek mucosa	12410	4	20	Chapter II	Y	Y	0.00185836876792	6.42564916314e-05	0.000634072222979	0.00392337236015	0.00155935976686	-0.00174094602037	0.00350244077118	0.00736786463065	0.00267836808248	-0.001185617992
12430	C061	C06.1 Vestibule of mouth	12410	4	20	Chapter II	Y	Y	0.00182681880771	4.0884051774e-05	0.000494689434008	0.00385331901885	0.00151173383146	-0.00177799372259	0.0034927709668	0.00730902069227	0.00271371671395	-0.00117264839633
12440	C062	C06.2 Retromolar area	12410	4	20	Chapter II	Y	Y	0.00200187660731	5.59205072098e-05	0.000357302033495	0.00396546106771	0.00142455226825	-0.00176578814744	0.00365815048873	0.00746962883816	0.00282405066619	-0.00118028392273
12450	C068	C06.8 Overlapping lesion of other and unspecified parts of mouth	12410	4	20	Chapter II	Y	Y	0.00180723049978	9.10377883899e-05	0.00055726795922	0.00387376985092	0.00152471267363	-0.00176397973846	0.00348537267717	0.00729516230424	0.00266144150143	-0.00116061634255
12460	C069	C06.9 Mouth, unspecified	12410	4	20	Chapter II	Y	Y	0.00181966881158	9.09109325338e-05	0.000554929380691	0.00390043925935	0.00154337796408	-0.00174128994879	0.003502945311	0.0073418514387	0.00265002037668	-0.00118505728087
12470	C07	C07 Malignant neoplasm of parotid gland	440	3	20	Chapter II	Y	Y	0.00208454272501	-0.000346007461525	0.00265708920653	0.00313942353507	0.000706526153318	0.000318108362099	0.00175567836961	0.0041168978514	0.00127756299171	-0.00116647579513
12480	C08	C08 Malignant neoplasm of other and unspecified major salivary glands	440	3	20	Chapter II	Y	Y	0.003797156845	0.00212790667474	0.00304358172547	0.00744993925698	0.00104138531532	0.000762941006323	0.000669685685673	0.00294025238129	0.000276882658762	-0.00175219060051
12490	C080	C08.0 Submandibular gland	12480	4	20	Chapter II	Y	Y	0.00378019238305	0.00230106108841	0.00299971808242	0.00768259701725	0.00114856239352	0.000709994958095	0.000628482454983	0.00280986342728	0.000257133706376	-0.00173205697358
12500	C081	C08.1 Sublingual gland	12480	4	20	Chapter II	Y	Y	0.00384684944351	0.00220390216831	0.00309981967784	0.00766334295751	0.00106416790933	0.000791641389767	0.000649886683414	0.00295009164757	0.000271999978955	-0.00178304568167
12510	C088	C08.8 Overlapping lesion of major salivary glands	12480	4	20	Chapter II	Y	Y	0.00364272603215	0.00201370171226	0.00299722136007	0.00766983199624	0.00106113232112	0.000818344129805	0.000573135998538	0.00292059582911	0.000408728837666	-0.00174606774783
12520	C089	C08.9 Major salivary gland, unspecified	12480	4	20	Chapter II	Y	Y	0.00381538443838	0.00219083695461	0.00305495808249	0.00760083587527	0.00105627040753	0.000814121792033	0.000667443372439	0.00291231413982	0.000227684554381	-0.00178657084089
12530	C09	C09 Malignant neoplasm of tonsil	440	3	20	Chapter II	Y	Y	0.00186919002861	-0.000672953986629	0.00435678724361	0.00515330894028	0.00152550987166	-0.00025779609826	0.000686603978885	0.00638872364617	0.000949987003526	0.000741803835582
12540	C090	C09.0 Tonsillar fossa	12530	4	20	Chapter II	Y	Y	0.00197957961939	-0.000635163876148	0.00454902902177	0.00533752711926	0.00157109942112	-0.000341813697096	0.00062260303985	0.00678912794614	0.000893366347684	0.000916140497761
12550	C091	C09.1 Tonsillar pillar (anterior) (posterior)	12530	4	20	Chapter II	Y	Y	0.00187221029861	-0.00070256426281	0.00449053098308	0.00532753499466	0.00156125657013	-0.00035855219086	0.000641675071246	0.00661400549904	0.000879251322346	0.0009430248621
12560	C098	C09.8 Overlapping lesion of tonsil	12530	4	20	Chapter II	Y	Y	0.00183307595074	-0.000736365647435	0.00449439106771	0.0053296442971	0.00160361510069	-0.000360690634006	0.000737574726788	0.00656079683823	0.000929742980873	0.000905225011578
12570	C099	C09.9 Tonsil, unspecified	12530	4	20	Chapter II	Y	Y	0.00190471501254	-0.000678300842207	0.00444587189296	0.00524290093804	0.00156406335874	-0.00027488833744	0.000711070466676	0.00649108335264	0.000966418570046	0.000729598597112
12580	C10	C10 Malignant neoplasm of oropharynx	440	3	20	Chapter II	Y	Y	0.00371056796622	-0.00171052001556	0.00241826984296	0.00429727158626	0.00433353172836	0.00445028017094	-0.00133316479567	0.00125717906838	0.00109352736366	-0.00346718561544
12590	C100	C10.0 Vallecula	12580	4	20	Chapter II	Y	Y	0.00387719556217	-0.00167990835502	0.00239275898824	0.00431211029717	0.00441766764921	0.00448345589608	-0.00135153884977	0.00129244297325	0.00113582982402	-0.00348072887504
12600	C101	C10.1 Anterior surface of epiglottis	12580	4	20	Chapter II	Y	Y	0.00383680846768	-0.00162801045708	0.00241710278102	0.00438233183855	0.00448280392768	0.00449560834602	-0.00143935342052	0.00134009970023	0.00109876808898	-0.00354920382348
12610	C102	C10.2 Lateral wall of oropharynx	12580	4	20	Chapter II	Y	Y	0.00372910992534	-0.00173412058835	0.00250016000637	0.00435977277614	0.00441203809145	0.00446954632588	-0.00132950437377	0.0012876372402	0.00106795059021	-0.00352238637914
12620	C103	C10.3 Posterior wall of oropharynx	12580	4	20	Chapter II	Y	Y	0.00376558763536	-0.00177071656045	0.00242510618202	0.00437692245001	0.00445152789332	0.00457110456563	-0.00136351560681	0.00124092785931	0.00109850920548	-0.00353955594245
12630	C104	C10.4 Branchial cleft	12580	4	20	Chapter II	Y	Y	0.00377801960112	-0.00168944252461	0.00247887148391	0.00435772039876	0.0043799234482	0.00447038987951	-0.00137630448649	0.00133528594483	0.00116296280923	-0.00351653926338
12640	C108	C10.8 Overlapping lesion of oropharynx	12580	4	20	Chapter II	Y	Y	0.00382728803935	-0.00174009426394	0.00244414996088	0.00434549980099	0.00444404052301	0.00458206345841	-0.00141460491334	0.00126977979146	0.00112444633598	-0.00359009186819
12650	C109	C10.9 Oropharynx, unspecified	12580	4	20	Chapter II	Y	Y	0.00365762227296	-0.0017761766037	0.00249049883992	0.00440572794659	0.0044516736402	0.00446440779625	-0.00136130283525	0.00127932790353	0.00108770367327	-0.00354467025462
12660	C11	C11 Malignant neoplasm of nasopharynx	440	3	20	Chapter II	Y	Y	0.00341852851258	0.00146548988817	0.00470833527315	0.00360854900905	-0.000148057995676	-0.000536334474237	0.00243974445109	0.00508630728667	0.00233458230178	-0.00331518843869
12670	C110	C11.0 Superior wall of nasopharynx	12660	4	20	Chapter II	Y	Y	0.00343095014634	0.0014417565632	0.00485971756493	0.00381277585757	-0.000279012943622	-0.000480737486225	0.00245825117548	0.00538266611909	0.00248495221005	-0.00339009988227
12680	C111	C11.1 Posterior wall of nasopharynx	12660	4	20	Chapter II	Y	Y	0.00345165457973	0.0014437612614	0.0047204962145	0.00379497272822	-0.000272805172476	-0.000475666745412	0.00237015600715	0.00507618141798	0.00233730378985	-0.00330727353472
12690	C112	C11.2 Lateral wall of nasopharynx	12660	4	20	Chapter II	Y	Y	0.00352587278818	0.00142586009437	0.00494950012368	0.00425909231753	-0.00076581556602	-0.000184611376888	0.00203001684763	0.00514772111659	0.00247128056635	-0.0033497886328
12700	C113	C11.3 Anterior wall of nasopharynx	12660	4	20	Chapter II	Y	Y	0.00340441956462	0.00140987956698	0.0046625533177	0.00364611166926	-0.000127621086206	-0.000552930406003	0.00249723843534	0.00512401508168	0.00231599479832	-0.00329352748752
12710	C118	C11.8 Overlapping lesion of nasopharynx	12660	4	20	Chapter II	Y	Y	0.00337273306022	0.00135629678164	0.00456980622137	0.00359205992225	-5.60415194344e-05	-0.000514024091067	0.00255129399821	0.00514491862617	0.00228530044524	-0.00323894057741
12720	C119	C11.9 Nasopharynx, unspecified	12660	4	20	Chapter II	Y	Y	0.00339059175571	0.00146074746467	0.00478796969598	0.00360586985147	-0.000161547002932	-0.000515212535161	0.00230781835274	0.00515997418111	0.00239808638233	-0.00331388668246
12730	C12	C12 Malignant neoplasm of pyriform sinus	440	3	20	Chapter II	Y	Y	0.00202478142386	-0.000354943453978	0.00257543229372	0.00326604672596	0.000755403899514	0.000324638713656	0.00176210405321	0.00408383342062	0.00123964071487	-0.0011941892821
12740	C13	C13 Malignant neoplasm of hypopharynx	440	3	20	Chapter II	Y	Y	0.000339815077042	-0.00223153407577	0.00184155951965	0.00349329711598	4.84733874072e-05	-0.00155317773441	0.00247034009543	0.00758138872973	-0.000109194418566	-0.0029366849292
12750	C130	C13.0 Postcricoid region	12740	4	20	Chapter II	Y	Y	0.000171451840195	-0.00230444711029	0.00172395631105	0.00346063814985	-9.97904743793e-05	-0.00157156763752	0.00261201901744	0.00769766875899	-0.000150165587166	-0.00299479337746
12760	C131	C13.1 Aryepiglottic fold, hypopharyngeal aspect	12740	4	20	Chapter II	Y	Y	0.000319148451438	-0.00226636921706	0.00181440271859	0.00353199318772	2.70560697604e-05	-0.00155386170326	0.00258906338709	0.00767601349958	-5.90087946254e-05	-0.00298113572133
12770	C132	C13.2 Posterior wall of hypopharynx	12740	4	20	Chapter II	Y	Y	0.000207547321161	-0.00238621211154	0.00172457446029	0.00348564930099	-5.9172207631e-05	-0.00158401061145	0.00253168605784	0.00769284647957	-0.000202103018776	-0.00303662698153
12780	C138	C13.8 Overlapping lesion of hypopharynx	12740	4	20	Chapter II	Y	Y	0.000252697312321	-0.00227868735529	0.00171066657926	0.00341891631915	-2.92700553905e-05	-0.00159394662843	0.00252221841187	0.00759058186571	-0.000189007205698	-0.00295196966927
12790	C139	C13.9 Hypopharynx, unspecified	12740	4	20	Chapter II	Y	Y	0.000386925941117	-0.00228604262668	0.00183441977569	0.0035387960946	8.01474191062e-05	-0.00150987854892	0.0025465719	0.00760457507158	-4.37793069849e-05	-0.00294602044301
12800	C14	C14 Malignant neoplasm of other and ill-defined sites in the lip, oral cavity and pharynx	440	3	20	Chapter II	Y	Y	0.00295420932537	0.0003733366011	0.00469113124284	0.00365479324919	0.00308094470651	0.000461180531144	0.00328715001991	0.00498809691911	0.00214875589452	-0.00198780558039
12810	C140	C14.0 Pharynx, unspecified	12800	4	20	Chapter II	Y	Y	0.00305837891296	0.000364967137292	0.00486903538046	0.00378034985618	0.00313315959597	0.00030480905896	0.00316165383348	0.00508882909374	0.00210422317727	-0.00206421765524
12820	C142	C14.2 Waldeyer's ring	12800	4	20	Chapter II	Y	Y	0.00305976394995	0.000352985885949	0.00487607770999	0.00377979964794	0.00315451184066	0.000368442567507	0.00328390066384	0.00512142987786	0.00211674177366	-0.00206732251596
12830	C148	C14.8 Overlapping lesion of lip, oral cavity and pharynx	12800	4	20	Chapter II	Y	Y	0.00308612776215	0.000363800589432	0.00489364753688	0.00374864876337	0.00318954765143	0.000421055753447	0.00335743856423	0.00508911940012	0.00215050959973	-0.0020781920036
12840	C15	C15 Malignant neoplasm of oesophagus	450	3	20	Chapter II	Y	Y	0.000610352141499	-0.00226179402588	-0.00323398807513	0.000976328741393	0.00116100610045	0.00582568339097	0.00221886736401	0.00326905189167	0.00490197339924	-0.00159954924649
12850	C150	C15.0 Cervical part of oesophagus	12840	4	20	Chapter II	Y	Y	0.000518699506793	-0.00232606980847	-0.00326781958453	0.000990528602701	0.00129999169328	0.00602411221375	0.00226770792406	0.00343468441079	0.00502476244245	-0.00168201293336
12860	C151	C15.1 Thoracic part of oesophagus	12840	4	20	Chapter II	Y	Y	0.000574558566443	-0.00228771861151	-0.00329655872842	0.00101911317762	0.00116856620743	0.00595546155953	0.00219279371503	0.00338596313576	0.00504366676263	-0.00168740088765
12870	C152	C15.2 Abdominal part of oesophagus	12840	4	20	Chapter II	Y	Y	0.000568889883961	-0.00223286154586	-0.00329206391967	0.00108005137744	0.00107977963587	0.00592911189567	0.00223003830162	0.00332786841374	0.00497953917417	-0.00166114958412
12880	C153	C15.3 Upper third of oesophagus	12840	4	20	Chapter II	Y	Y	0.000436727530293	-0.00226227077081	-0.00324479512659	0.0010499374902	0.00114200146621	0.00601829707784	0.00230253039864	0.00332824906538	0.004907344042	-0.00155758281301
12890	C154	C15.4 Middle third of oesophagus	12840	4	20	Chapter II	Y	Y	0.000531786789787	-0.00228710729631	-0.003355797968	0.00096559009056	0.00126861191053	0.00601486601285	0.0022508081983	0.00342405379904	0.00510840790152	-0.00172758909632
12900	C155	C15.5 Lower third of oesophagus	12840	4	20	Chapter II	Y	Y	0.000473027541952	-0.00226522364046	-0.00325189076228	0.00107137440375	0.00115418304321	0.00602933865425	0.00232250651302	0.00333603567237	0.00493094645901	-0.00155434308168
12910	C158	C15.8 Overlapping lesion of oesophagus	12840	4	20	Chapter II	Y	Y	0.000512451858045	-0.00228857469957	-0.0033091434098	0.0010199923699	0.00122569187452	0.00606819490685	0.00231681165622	0.00337194955874	0.00494673253818	-0.00159369354626
12920	C159	C15.9 Oesophagus, unspecified	12840	4	20	Chapter II	Y	Y	0.000574745573808	-0.00220243943919	-0.00326003535202	0.0010376258881	0.00118175134846	0.00586809270496	0.00224344703667	0.00324960170984	0.00500613266639	-0.00151564363979
12930	C16	C16 Malignant neoplasm of stomach	450	3	20	Chapter II	Y	Y	0.000157074764307	-0.00483953390484	0.00387706448654	0.00560674337434	0.00341189114375	0.00239949660586	0.000506873464883	-0.00115547057794	0.00134451336431	-0.00147030227122
12940	C160	C16.0 Cardia	12930	4	20	Chapter II	Y	Y	-9.7399477113e-05	-0.00514915010158	0.00400667320946	0.00589918426538	0.00360070711275	0.00281090286555	0.000360063128472	-0.00105007681911	0.0017940261053	-0.00160187093486
12950	C161	C16.1 Fundus of stomach	12930	4	20	Chapter II	Y	Y	-5.46909267319e-05	-0.00529298811682	0.00404060009107	0.00587213321268	0.00349131470982	0.00271828651828	0.000305115725189	-0.00106194000275	0.0017593524762	-0.00153799888056
12960	C162	C16.2 Body of stomach	12930	4	20	Chapter II	Y	Y	0.000106921916402	-0.0049709989796	0.00383488806811	0.00569794266241	0.00353251278169	0.00270622819239	0.000482486297478	-0.000938115541	0.00162144621031	-0.00151301764951
12970	C163	C16.3 Pyloric antrum	12930	4	20	Chapter II	Y	Y	0.000259002801619	-0.00503357520132	0.00386123528398	0.00571761042744	0.0035154720114	0.0026449288463	0.000532375107677	-0.00102881230555	0.00151091488633	-0.001501869887
12980	C164	C16.4 Pylorus	12930	4	20	Chapter II	Y	Y	9.76254501672e-05	-0.00501647196556	0.00393655142987	0.00572551110997	0.00349867517654	0.00266047374826	0.000414450817564	-0.00108237526054	0.00158995038901	-0.00153799265765
12990	C165	C16.5 Lesser curvature of stomach, unspecified	12930	4	20	Chapter II	Y	Y	0.000176571176899	-0.0049501207505	0.00382200448991	0.00569171106333	0.00352480789796	0.00274340416631	0.000476983607755	-0.000866703588341	0.00163528080336	-0.00154331854139
13000	C166	C16.6 Greater curvature of stomach, unspecified	12930	4	20	Chapter II	Y	Y	0.000105308240725	-0.00509905507058	0.00409016891305	0.00592569348462	0.0037240372303	0.00287298285118	0.000449130601882	-0.00103439695197	0.00165918308596	-0.00164317236486
13010	C168	C16.8 Overlapping lesion of stomach	12930	4	20	Chapter II	Y	Y	0.00027663832082	-0.00501676000567	0.00382829605272	0.00571094163004	0.0035268529264	0.00267310138266	0.000551320112635	-0.000980061348138	0.00151454681928	-0.00150627132871
13020	C169	C16.9 Stomach, unspecified	12930	4	20	Chapter II	Y	Y	-1.49027524878e-05	-0.00531823182817	0.00405613564478	0.00594899851254	0.0037252051121	0.00302323664782	0.000262780033493	-0.000918795381482	0.00197873153981	-0.00163336415725
13030	C17	C17 Malignant neoplasm of small intestine	450	3	20	Chapter II	Y	Y	0.00380829832159	-0.00488397865088	-2.62969101771e-05	-0.000104646312653	0.00239388783582	0.004360063408	-0.00158084096137	0.00484633590219	0.00284606142186	-8.58126589384e-05
13040	C170	C17.0 Duodenum	13030	4	20	Chapter II	Y	Y	0.00392807759981	-0.00498631687331	-0.000113445765723	-0.000320450217851	0.00255867954158	0.00420064700507	-0.00157055518888	0.00495323608496	0.00304037029111	-0.000184821677875
13050	C171	C17.1 Jejunum	13030	4	20	Chapter II	Y	Y	0.00387145345265	-0.00505900885444	-7.63787450494e-05	-0.000162804018546	0.00250529965609	0.0043420842559	-0.00162073198601	0.0050526068692	0.00299360346813	-8.12768799371e-05
13060	C172	C17.2 Ileum	13030	4	20	Chapter II	Y	Y	0.00380829919851	-0.00526415948208	-0.000218829962022	-0.000299933923839	0.00272588527156	0.0043487081103	-0.00162776437266	0.00525032199504	0.00324416410676	-0.000156466700353
13070	C173	C17.3 Meckel's diverticulum	13030	4	20	Chapter II	Y	Y	0.00386593883052	-0.00505465387202	-0.000112787029046	-0.000223467402149	0.00256010417792	0.00430023577442	-0.00157709774521	0.00504199988372	0.00305035498266	-0.000152671095775
13080	C178	C17.8 Overlapping lesion of small intestine	13030	4	20	Chapter II	Y	Y	0.00379178791414	-0.0049980487499	-0.000121134197467	-0.000175246205161	0.00250225417668	0.00425336776183	-0.00156424826041	0.00501861183147	0.00292097252868	-0.000118163570004
13090	C179	C17.9 Small intestine, unspecified	13030	4	20	Chapter II	Y	Y	0.00385789269797	-0.00502421938781	-5.00859242919e-05	-0.000144649414638	0.00248319927297	0.0043705200614	-0.00162564111359	0.0049706515549	0.00298363903049	-0.000133793805975
13100	C18	C18 Malignant neoplasm of colon	450	3	20	Chapter II	Y	Y	-0.000328579435069	-0.00182056845401	-3.06469047849e-05	0.00480105946115	0.00192533462928	0.00324830602966	-0.00121180942446	0.00276282355178	0.00607115136461	0.000140738116918
13110	C180	C18.0 Caecum	13100	4	20	Chapter II	Y	Y	-0.000116383573428	-0.00219438423429	0.00016722290411	0.00534274954291	0.00217392508892	0.00367154917022	-0.00154267825943	0.00316446011658	0.00689318145184	5.6801313874e-05
13120	C181	C18.1 Appendix	13100	4	20	Chapter II	Y	Y	-0.000257181489565	-0.00191484497634	-3.29343581769e-06	0.00491707926529	0.0019610978077	0.00332516420165	-0.00138306365761	0.00282255010203	0.00636850167521	5.72692185468e-05
13130	C182	C18.2 Ascending colon	13100	4	20	Chapter II	Y	Y	-0.000235689134434	-0.00190236858895	9.04322781152e-06	0.00488983045795	0.00192077153167	0.0033296118417	-0.00133139284793	0.0028172360293	0.0062780131482	4.53482009398e-05
13140	C183	C18.3 Hepatic flexure	13100	4	20	Chapter II	Y	Y	-0.000271511047949	-0.00189648753813	3.20023675502e-06	0.00500919165673	0.00213173409123	0.00332724943891	-0.00144476917828	0.00281277937265	0.0065827995844	5.37114557359e-05
13150	C184	C18.4 Transverse colon	13100	4	20	Chapter II	Y	Y	-0.000319139865155	-0.00195207232692	1.73980424751e-05	0.00505732772594	0.00194653840021	0.00351860937788	-0.00140848681792	0.00296496617784	0.00642198714122	0.000168712915924
13160	C185	C18.5 Splenic flexure	13100	4	20	Chapter II	Y	Y	-0.00022365653431	-0.00197051307417	5.40988368162e-05	0.00499604109682	0.00200595366314	0.00341231367913	-0.0013343777009	0.00293822805372	0.00642242410921	6.05886661145e-05
13170	C186	C18.6 Descending colon	13100	4	20	Chapter II	Y	Y	-0.000191341887049	-0.00194773509535	4.88984976074e-05	0.00488579536967	0.00204575755048	0.00334379524668	-0.00131136483699	0.00284607472665	0.00638762359776	1.68654434255e-05
13180	C187	C18.7 Sigmoid colon	13100	4	20	Chapter II	Y	Y	-0.000287656083597	-0.00203382707462	6.38542433185e-05	0.00509408591192	0.00205729229129	0.00349727067082	-0.00151733557953	0.00292597702652	0.00670432044939	1.41466990986e-05
13190	C188	C18.8 Overlapping lesion of colon	13100	4	20	Chapter II	Y	Y	-0.000248884429159	-0.00199742820589	4.20865527513e-05	0.00502115457182	0.00203042149845	0.00345645694961	-0.00138136003707	0.00296123976362	0.00650998842151	6.2873942774e-05
13200	C189	C18.9 Colon, unspecified	13100	4	20	Chapter II	Y	Y	-0.000229608395665	-0.00193155976961	4.30604322049e-05	0.00491814284128	0.00200786045228	0.00335650772481	-0.00138796848352	0.00284623306435	0.00641927251812	3.28739746086e-05
13210	C19	C19 Malignant neoplasm of rectosigmoid junction	450	3	20	Chapter II	Y	Y	0.00172393017772	-0.00276844519406	0.000396219840365	0.000828985933156	0.00184924100398	0.00410668203645	-0.000128024531286	0.00355715449442	0.00329841128717	-0.00121513736795
13220	C20	C20 Malignant neoplasm of rectum	450	3	20	Chapter II	Y	Y	0.00167854141866	-0.00280013485829	0.000452371887189	0.00139104920082	0.00176215325136	0.00396142113271	-6.53375362061e-05	0.00361198703315	0.00332873373832	-0.00112461136771
13230	C21	C21 Malignant neoplasm of anus and anal canal	450	3	20	Chapter II	Y	Y	0.00137841830769	-0.00625135247637	0.00258542142554	0.00141971312737	0.00375229763192	0.004056794952	0.00044397647689	0.00411619496364	0.000737532742602	0.000500427289393
13240	C210	C21.0 Anus, unspecified	13230	4	20	Chapter II	Y	Y	0.00138896807712	-0.00637188533993	0.00267250729145	0.0014476226187	0.00372979346918	0.00423221410065	0.000373180476185	0.00416927366162	0.00104435512804	0.000415941911798
13250	C211	C21.1 Anal canal	13230	4	20	Chapter II	Y	Y	0.00135848732212	-0.00637799287128	0.00264074402174	0.00140336818466	0.00384378280864	0.00406375562078	0.000454951164961	0.00415350679768	0.00068077961768	0.000546159210042
13260	C212	C21.2 Cloacogenic zone	13230	4	20	Chapter II	Y	Y	0.00130177460301	-0.00641540352963	0.00270873110121	0.00133812601143	0.00382223275733	0.00403231789518	0.000432416471416	0.00410780456848	0.000750410008918	0.000567305452302
13270	C218	C21.8 Overlapping lesion of rectum, anus and anal canal	13230	4	20	Chapter II	Y	Y	0.00136283894036	-0.0063779223234	0.00267417341215	0.00144446915661	0.0037564649465	0.00415774429428	0.000380329145337	0.00417423311202	0.000937876672532	0.000452785063267
13280	C22	C22 Malignant neoplasm of liver and intrahepatic bile ducts	450	3	20	Chapter II	Y	Y	0.000857787397267	-0.00296267430196	0.000289171684097	0.000992395646206	0.00166692869849	0.00423131157834	-0.00236039100474	0.00532450860856	0.00509078450339	-0.00302758886302
13290	C220	C22.0 Liver cell carcinoma	13280	4	20	Chapter II	Y	Y	0.000980219961311	-0.00329899199797	4.45711571402e-05	0.00113754017837	0.00160614608196	0.00446332532397	-0.00190230251775	0.00494297498187	0.00526702101441	-0.00278236223082
13300	C221	C22.1 Intrahepatic bile duct carcinoma	13280	4	20	Chapter II	Y	Y	0.00102584947955	-0.00318954600245	8.57774531237e-05	0.0011798853314	0.00158265543549	0.00451421057138	-0.00200230447896	0.00505000946374	0.00519688937303	-0.0029357103595
13310	C222	C22.2 Hepatoblastoma	13280	4	20	Chapter II	Y	Y	0.00101214996038	-0.00331240599476	4.23013553455e-05	0.00121773465647	0.0016506758684	0.00444201646019	-0.00195556839503	0.00495155809755	0.00524713528385	-0.00283777454912
13320	C223	C22.3 Angiosarcoma of liver	13280	4	20	Chapter II	Y	Y	0.00105758207258	-0.00322353040073	9.48972596209e-05	0.00117932261227	0.00164795495984	0.00447430229984	-0.00195819016495	0.0050185105793	0.00515699525087	-0.0028301026881
13330	C224	C22.4 Other sarcomas of liver	13280	4	20	Chapter II	Y	Y	0.00100002842377	-0.00316945815624	0.000116269471326	0.00109461829723	0.00165713419128	0.00437951186831	-0.00199913367759	0.00503119509895	0.00510515655004	-0.00280533400748
13340	C227	C22.7 Other specified carcinomas of liver	13280	4	20	Chapter II	Y	Y	0.000960984088973	-0.00326160668432	3.40548600154e-05	0.00127556429033	0.00153169363096	0.00457819026292	-0.00209372076362	0.00519266882859	0.00546688448781	-0.00302965724243
13350	C229	C22.9 Liver, unspecified	13280	4	20	Chapter II	Y	Y	0.000980990438879	-0.00314938931383	8.21934276487e-05	0.00115770522646	0.00157611894496	0.00442879123454	-0.002013184046	0.00507624791482	0.00522205423388	-0.00291691265001
13360	C23	C23 Malignant neoplasm of gallbladder	450	3	20	Chapter II	Y	Y	0.00163543428244	-0.00271017650209	0.000466920762842	0.00124873458015	0.00170674472923	0.00391197107977	-6.70872679207e-05	0.00354379798479	0.00339530405201	-0.00116875683146
13370	C24	C24 Malignant neoplasm of other and unspecified parts of biliary tract	450	3	20	Chapter II	Y	Y	0.000740314138202	-0.00448708321437	-0.000612900504366	0.00116307353808	0.00364400981416	0.00436998049449	-0.000453567063951	0.0049498892187	0.00383307537519	-0.00179174770356
13380	C240	C24.0 Extrahepatic bile duct	13370	4	20	Chapter II	Y	Y	0.000551616165886	-0.00436378981917	-0.000170243581401	0.00142197940766	0.00362835044424	0.00526194518359	-0.000425524383795	0.00492630233338	0.00433229878229	-0.00141449053826
13390	C241	C24.1 Ampulla of Vater	13370	4	20	Chapter II	Y	Y	0.000691258386592	-0.00425604424307	-0.000329783324085	0.00119945949903	0.00358641255441	0.00470428119416	-0.000389928901813	0.00486978662477	0.00401026939873	-0.00160677221713
13400	C248	C24.8 Overlapping lesion of biliary tract	13370	4	20	Chapter II	Y	Y	0.000632939052621	-0.00417813301433	-0.000408218833567	0.00101278164834	0.00368495557767	0.00473582042367	-0.00044825425611	0.00505858704894	0.00397293707315	-0.0016148010718
13410	C249	C24.9 Biliary tract, unspecified	13370	4	20	Chapter II	Y	Y	0.000666807623724	-0.00423791374335	-0.000367018024304	0.00104865118474	0.00368150085916	0.00478278206502	-0.000458554710146	0.00511196119952	0.00401660631372	-0.00160726671386
13420	C25	C25 Malignant neoplasm of pancreas	450	3	20	Chapter II	Y	Y	0.00149957035948	-0.00262240887102	0.00207869674715	-0.00010763587843	0.0014798344887	0.00616082833957	-0.000101664897152	0.00508134705659	0.00424543445039	-0.000644976529075
13430	C250	C25.0 Head of pancreas	13420	4	20	Chapter II	Y	Y	0.00149074581418	-0.00265207961551	0.00223022891405	-0.000213856988596	0.00152142484018	0.00631586675728	-0.000159006593858	0.00516905617765	0.00434654855999	-0.000627647014982
13440	C251	C25.1 Body of pancreas	13420	4	20	Chapter II	Y	Y	0.00150806621542	-0.00266374923584	0.00223538618652	-0.000223174337009	0.0015143826579	0.00628490205026	-0.000145044000789	0.00516658846718	0.00435738077839	-0.000650594715204
13450	C252	C25.2 Tail of pancreas	13420	4	20	Chapter II	Y	Y	0.00145212923155	-0.00260121092615	0.00216182268191	-0.000150431785428	0.00144740020338	0.00619783511604	-8.50088988343e-05	0.00519774681588	0.00423909146356	-0.000662019148386
13460	C253	C25.3 Pancreatic duct	13420	4	20	Chapter II	Y	Y	0.00143393904117	-0.00265081436922	0.00217906849576	-0.000210520812231	0.00143978084708	0.00617582420933	-0.000108746333783	0.00512613120268	0.00428447939733	-0.000701702111971
13470	C254	C25.4 Endocrine pancreas	13420	4	20	Chapter II	Y	Y	0.00151953397123	-0.00266026549112	0.00225278469876	-0.000171327021489	0.00151877948174	0.00630163321747	-0.000154815357391	0.00522305257916	0.0043459589297	-0.000720014637785
13480	C257	C25.7 Other parts of pancreas	13420	4	20	Chapter II	Y	Y	0.00152608394239	-0.00267095582661	0.00223739351983	-0.000201294124567	0.00152540957191	0.00629489358819	-0.000158553165678	0.00517083043412	0.00440666357231	-0.000641499231375
13490	C258	C25.8 Overlapping lesion of pancreas	13420	4	20	Chapter II	Y	Y	0.00144324447696	-0.0026324943509	0.00209703881639	-8.5825208097e-05	0.00146715968613	0.0061508686918	-8.99508397504e-05	0.0051068454327	0.00425084507269	-0.000689336831128
13500	C259	C25.9 Pancreas, unspecified	13420	4	20	Chapter II	Y	Y	0.00150242130831	-0.0026564188802	0.00222706979264	-0.000170885039638	0.00151736265065	0.00632572673708	-0.000148951115214	0.00521617138064	0.00431531972754	-0.00071921190048
13510	C26	C26 Malignant neoplasm of other and ill-defined digestive organs	450	3	20	Chapter II	Y	Y	3.1185002271e-05	-0.00128001473795	0.000908829656288	0.00339562056881	0.000164838924762	0.00664446853018	-0.00197627218427	0.00395041308292	0.00367700467845	-0.00208528070675
13520	C260	C26.0 Intestinal tract, part unspecified	13510	4	20	Chapter II	Y	Y	-0.000114989552664	-0.00109267857668	0.000902350044768	0.00338482622337	0.000132056009919	0.00694951850504	-0.00224353943454	0.00400279080645	0.00376831153828	-0.0022022948267
13530	C261	C26.1 Spleen	13510	4	20	Chapter II	Y	Y	4.76484202954e-05	-0.00122916171373	0.000881983425433	0.00324314565356	0.000244022096883	0.00690114159943	-0.00211952327763	0.00408904328231	0.00382377002454	-0.00222860310985
13540	C268	C26.8 Overlapping lesion of digestive system	13510	4	20	Chapter II	Y	Y	0.00015821901272	-0.00120792865266	0.000904401341381	0.00328153468839	0.000187582558513	0.00699045177532	-0.00210661698444	0.00412869966669	0.00383311222358	-0.00228426900244
13550	C269	C26.9 Ill-defined sites within the digestive system	13510	4	20	Chapter II	Y	Y	-2.65225662938e-06	-0.00121162314226	0.000880555463074	0.00339529046653	2.67733634014e-05	0.00689465676565	-0.00210829889342	0.00404837415342	0.00372398868693	-0.00220569510237
13560	C30	C30 Malignant neoplasm of nasal cavity and middle ear	460	3	20	Chapter II	Y	Y	0.000741328431155	-0.000508488469059	0.000791315043026	0.00840790251696	-0.000138119754032	0.00325747816505	0.000355954274157	0.00114979207664	0.000131049924821	0.00352501256693
13570	C300	C30.0 Nasal cavity	13560	4	20	Chapter II	Y	Y	0.000999022048599	-0.000648823546501	0.000705403915993	0.00843019779404	-0.000483270786104	0.00350025026671	0.000671340006089	0.00116323792559	-6.60006943575e-06	0.00378918270439
13580	C301	C30.1 Middle ear	13560	4	20	Chapter II	Y	Y	0.00134568320383	-0.000818378520755	0.000617857420669	0.00890334326199	-0.000716546217116	0.00377024552121	0.00105066433936	0.00127833298071	-1.43805651838e-05	0.00399947197855
13590	C31	C31 Malignant neoplasm of accessory sinuses	460	3	20	Chapter II	Y	Y	0.00412602120245	0.00123664267525	-0.00302641707041	0.00174336064474	9.35076026796e-05	0.00568116585904	0.00421800395863	0.00321707323586	-0.00241415212895	2.29173087391e-05
13600	C310	C31.0 Maxillary sinus	13590	4	20	Chapter II	Y	Y	0.00413540469576	0.00116745311639	-0.00312947950639	0.00178647505153	7.72797089946e-05	0.00595391875019	0.00431110212627	0.00320171742967	-0.00245948731508	-3.46604748423e-05
13610	C311	C31.1 Ethmoidal sinus	13590	4	20	Chapter II	Y	Y	0.00416500158192	0.00126229080246	-0.00311124788921	0.00180167131466	0.000120811226091	0.00582476253969	0.00428259939469	0.00328065772218	-0.00242178886684	6.1162906354e-05
13620	C312	C31.2 Frontal sinus	13590	4	20	Chapter II	Y	Y	0.00408906456021	0.00132765037773	-0.0031621613979	0.00170507952637	0.000236349411091	0.00574838370141	0.00420386144223	0.00332562492685	-0.0023532531331	0.000146320933406
13630	C313	C31.3 Sphenoidal sinus	13590	4	20	Chapter II	Y	Y	0.00426922941871	0.00132694173406	-0.00306724988187	0.00190274993796	0.000172325376839	0.00582703016628	0.00439712512047	0.00336310839479	-0.00241778017301	0.000171502649269
13640	C318	C31.8 Overlapping lesion of accessory sinuses	13590	4	20	Chapter II	Y	Y	0.0042064050472	0.00122851839764	-0.00312228364054	0.0018083988554	7.32090322568e-05	0.00590860205269	0.00435532943232	0.00323202209536	-0.00250374271229	3.98508421942e-05
13650	C319	C31.9 Accessory sinus, unspecified	13590	4	20	Chapter II	Y	Y	0.00412321055288	0.00132429179725	-0.00316217885584	0.00172124437448	0.000224853062679	0.00575802160772	0.00421736860042	0.00329717572314	-0.00240946383772	8.88658329568e-05
13660	C32	C32 Malignant neoplasm of larynx	460	3	20	Chapter II	Y	Y	0.00498452806845	-0.00315191252982	-0.000611208184872	0.00487757384976	-0.00252841305633	0.000789963312314	-0.00426654205535	0.00197915879883	0.00324733622831	-0.0023430685232
13670	C320	C32.0 Glottis	13660	4	20	Chapter II	Y	Y	0.00491283718789	-0.00323993386318	-0.000707979471346	0.004982150896	-0.00287619496758	0.000633878000406	-0.00475380234842	0.00198137438904	0.00310382730969	-0.00234249976049
13680	C321	C32.1 Supraglottis	13660	4	20	Chapter II	Y	Y	0.00475138048056	-0.00311600531948	-0.000641364527802	0.00483470998504	-0.0026269772466	0.000665863558741	-0.00433136550396	0.00192845066968	0.00295510067704	-0.00224120549854
13690	C322	C32.2 Subglottis	13660	4	20	Chapter II	Y	Y	0.00483657160939	-0.00315384165277	-0.000625937545431	0.00491743546169	-0.00273372702622	0.000701416432978	-0.00450255337787	0.00194106621697	0.00311196137357	-0.00231647957909
13700	C323	C32.3 Laryngeal cartilage	13660	4	20	Chapter II	Y	Y	0.00478975038755	-0.00307334576057	-0.000582255592621	0.00486950451014	-0.0026590658845	0.000764336835672	-0.00440413303526	0.00195848626742	0.00308966870758	-0.00227206733579
13710	C328	C32.8 Overlapping lesion of larynx	13660	4	20	Chapter II	Y	Y	0.00459169414398	-0.00320943473536	-0.000612144424464	0.00482498341579	-0.00293279665658	0.000540325879443	-0.00438637599848	0.00185492883437	0.00291334046512	-0.00216581809811
13720	C329	C32.9 Larynx, unspecified	13660	4	20	Chapter II	Y	Y	0.00475249340102	-0.00310476270956	-0.000669009082495	0.00485150041777	-0.00265784656763	0.000618901581772	-0.00442794646307	0.00193123143101	0.00295203356558	-0.00226610484388
13730	C33	C33 Malignant neoplasm of trachea	460	3	20	Chapter II	Y	Y	0.0021427690273	-0.00135886056011	2.58579011665e-05	0.00329641464553	0.000451162465316	0.00136720528248	0.00219898447222	0.00224437259691	0.00104844910492	0.000110314054955
13740	C34	C34 Malignant neoplasm of bronchus and lung	460	3	20	Chapter II	Y	Y	-0.000104388237206	-0.00293346247253	-0.00406455635345	0.00671905094447	0.00219947092224	4.12757679392e-05	0.00155929839352	0.00393004791718	0.000195426456034	0.00221863094427
13750	C340	C34.0 Main bronchus	13740	4	20	Chapter II	Y	Y	-0.000108298127376	-0.00290390869691	-0.00414587958862	0.00679362883361	0.00201279487065	7.45143590458e-05	0.00149233764627	0.00399006470899	0.000184034040611	0.00222356011358
13760	C341	C34.1 Upper lobe, bronchus or lung	13740	4	20	Chapter II	Y	Y	-2.06730551561e-05	-0.00278439546693	-0.00406634856493	0.00678520165877	0.00194431165499	8.91592585571e-05	0.00134482642301	0.00394497697079	0.000132550212388	0.00220850182318
13770	C342	C34.2 Middle lobe, bronchus or lung	13740	4	20	Chapter II	Y	Y	-0.000105512946727	-0.00292451213926	-0.00412694425804	0.00674138192815	0.00205045681601	4.83960151289e-05	0.00154919105057	0.00390691118136	0.000153569317655	0.0022046944727
13780	C343	C34.3 Lower lobe, bronchus or lung	13740	4	20	Chapter II	Y	Y	-0.000185734702555	-0.00292654304598	-0.00416651517737	0.00681272470888	0.00218113995925	-9.33205509381e-06	0.00147843521959	0.00391667062975	0.000118951360519	0.00220299473601
13790	C348	C34.8 Overlapping lesion of bronchus and lung	13740	4	20	Chapter II	Y	Y	-0.000141495263748	-0.00292152202148	-0.00413799556393	0.00680267690727	0.00213185758939	3.13541707454e-05	0.00150610335251	0.00393267347004	0.000145518325956	0.00219607865499
13800	C349	C34.9 Bronchus or lung, unspecified	13740	4	20	Chapter II	Y	Y	-0.000171463445766	-0.00295246856214	-0.00416219683959	0.00682119567991	0.00216245170764	5.90909470639e-05	0.00153696838679	0.00401066428608	0.000181285819813	0.00225419882558
13810	C37	C37 Malignant neoplasm of thymus	460	3	20	Chapter II	Y	Y	0.000337261994621	-8.20545851434e-05	-0.00108925533476	0.00364255100046	0.00383965341911	-0.00213971617795	0.00172187379625	0.00371085012142	0.00179858445572	0.00178957695326
13820	C38	C38 Malignant neoplasm of heart, mediastinum and pleura	460	3	20	Chapter II	Y	Y	1.25196244389e-05	-0.00419132154724	-0.000524666549424	0.00452088244673	-0.000759511867004	-0.0016034065538	0.00669614356578	0.00126996834847	0.00340565846936	0.00100303942682
13830	C380	C38.0 Heart	13820	4	20	Chapter II	Y	Y	2.44111730849e-05	-0.00423187632591	-0.000502284670852	0.00451695166221	-0.000834031189631	-0.00151506028475	0.00658418928358	0.00132461476504	0.00325114799577	0.00110985340912
13840	C381	C38.1 Anterior mediastinum	13820	4	20	Chapter II	Y	Y	-4.24809709556e-05	-0.00427598565842	-0.000502301819844	0.00450007893918	-0.000713305585645	-0.0016904660638	0.00673440833681	0.00127778993995	0.00330679541345	0.00112098713544
13850	C382	C38.2 Posterior mediastinum	13820	4	20	Chapter II	Y	Y	-4.98051993363e-05	-0.00418155522791	-0.000611715546325	0.00444414437988	-0.000883325056265	-0.00159778727957	0.0066786901603	0.00117903263695	0.00334362033371	0.00100211673647
13860	C383	C38.3 Mediastinum, part unspecified	13820	4	20	Chapter II	Y	Y	9.14521119744e-06	-0.00418844876568	-0.000552319868802	0.00449076482545	-0.000834011151929	-0.00156000078673	0.00669408624318	0.001247601304	0.00330340156786	0.00105150181751
13870	C384	C38.4 Pleura	13820	4	20	Chapter II	Y	Y	-9.65513636024e-05	-0.00429025455326	-0.000586921732543	0.0044673531708	-0.000872472241394	-0.00171162436631	0.00674319787693	0.00117289792012	0.00335276118066	0.0010448239637
13880	C388	C38.8 Overlapping lesion of heart, mediastinum and pleura	13820	4	20	Chapter II	Y	Y	-4.94565141661e-06	-0.0042267464946	-0.000548969095274	0.00453160462444	-0.000942005482856	-0.00159099565064	0.00683416932729	0.00123594099549	0.00323009542202	0.00112537650782
13890	C39	C39 Malignant neoplasm of other and ill-defined sites in the respiratory system and intrathoracic organs	460	3	20	Chapter II	Y	Y	0.000855036578866	-0.000695091710365	-0.00213632484573	0.00679358057344	0.000353082881738	0.00456584934022	0.00264080382687	0.00183480274873	-0.00215742236047	0.00299419140325
13900	C390	C39.0 Upper respiratory tract, part unspecified	13890	4	20	Chapter II	Y	Y	0.000823230858948	-0.00063973316478	-0.00224774329811	0.00697444528503	0.000357824548336	0.00467923491222	0.00266638239917	0.001857120561	-0.00231093966306	0.00305314853057
13910	C398	C39.8 Overlapping lesion of respiratory and intrathoracic organs	13890	4	20	Chapter II	Y	Y	0.000936970553497	-0.000744442641418	-0.00213185292242	0.0070542569739	0.000355650333287	0.00464276607111	0.00268331058321	0.00191836003894	-0.00207984732995	0.00305412770999
13920	C399	C39.9 Ill-defined sites within the respiratory system	13890	4	20	Chapter II	Y	Y	0.000839539010853	-0.000623826652059	-0.00229092501895	0.00706101186274	0.000358346761829	0.00466449494369	0.0026878661224	0.00189594287619	-0.00235994474397	0.00305900600197
13930	C40	C40 Malignant neoplasm of bone and articular cartilage of limbs	470	3	20	Chapter II	Y	Y	0.001177703562	-0.00314482094021	0.00154279180204	-0.000917783522333	-0.00338957808052	0.000467457667017	0.00652218867436	0.00506929142001	0.0018445718183	-0.00150566954871
13940	C400	C40.0 Scapula and long bones of upper limb	13930	4	20	Chapter II	Y	Y	0.00115699259177	-0.00309299733466	0.00147140373421	-0.00131850997479	-0.00364873799473	0.000310069869924	0.00659395738228	0.00505370895181	0.00161099268307	-0.00143203767357
13950	C401	C40.1 Short bones of upper limb	13930	4	20	Chapter II	Y	Y	0.00116285699227	-0.00316848490167	0.00150960821432	-0.00128214016087	-0.00366133804048	0.000313464385026	0.00675287780727	0.00515338181225	0.00172513271561	-0.00149627989861
13960	C402	C40.2 Long bones of lower limb	13930	4	20	Chapter II	Y	Y	0.0011753198387	-0.0031458855552	0.00151922781865	-0.00124906065265	-0.00361300344137	0.00033729740721	0.00665794428132	0.00510805673537	0.00168613937352	-0.0014895987351
13970	C403	C40.3 Short bones of lower limb	13930	4	20	Chapter II	Y	Y	0.00114577520064	-0.00309424992919	0.00153462665413	-0.00118951028384	-0.00357264417034	0.000310809758462	0.00666182468712	0.00509981803579	0.00167664918044	-0.00144285080083
13980	C408	C40.8 Overlapping lesion of bone and articular cartilage of limbs	13930	4	20	Chapter II	Y	Y	0.00114649339102	-0.00315080503408	0.00149200644359	-0.00124090346881	-0.00361929372063	0.000341435197857	0.00661676600595	0.00507489108577	0.0016774276645	-0.00146784378441
13990	C409	C40.9 Bone and articular cartilage of limb, unspecified	13930	4	20	Chapter II	Y	Y	0.00118661999076	-0.00307095235023	0.00153407313851	-0.00108876214678	-0.00350590024845	0.000345263047966	0.0066523845066	0.00512350538712	0.00169898079135	-0.00146500457493
14000	C41	C41 Malignant neoplasm of bone and articular cartilage of other and unspecified sites	470	3	20	Chapter II	Y	Y	0.00163047063347	0.00251304302812	-0.00125940965093	0.00239657543328	0.0032942853397	0.00624107629376	0.00388229681378	0.00313818797513	0.000857348718357	0.00171998277961
14010	C410	C41.0 Bones of skull and face	14000	4	20	Chapter II	Y	Y	0.00200743878902	0.002614100367	-0.00106980434381	0.0023227898081	0.00321738649379	0.00652133232884	0.0041269368427	0.00342313194793	0.00106907836814	0.00163881826505
14020	C411	C41.1 Mandible	14000	4	20	Chapter II	Y	Y	0.00198199097172	0.00259437200196	-0.00107778118727	0.00234529345326	0.00323118642068	0.00653576566849	0.00410966008385	0.00340866195984	0.00106364195864	0.00164819818899
14030	C412	C41.2 Vertebral column	14000	4	20	Chapter II	Y	Y	0.00191811026631	0.00265150506421	-0.00112002775106	0.00243782680436	0.00324322810865	0.00637936323764	0.00409382293966	0.00344836938717	0.001091666291	0.00159806077251
14040	C413	C41.3 Ribs, sternum and clavicle	14000	4	20	Chapter II	Y	Y	0.00205508612171	0.00256653198114	-0.00103384136718	0.00237843279854	0.00318004800209	0.00658002262388	0.00413318132057	0.0034234585011	0.00111208322539	0.00163545677603
14050	C414	C41.4 Pelvic bones, sacrum and coccyx	14000	4	20	Chapter II	Y	Y	0.00182667705791	0.00266662856834	-0.00113628419525	0.00243271956096	0.00328542669333	0.00640582886186	0.00413460313106	0.00329737412071	0.000940723979486	0.00164055134459
14060	C418	C41.8 Overlapping lesion of bone and articular cartilage	14000	4	20	Chapter II	Y	Y	0.00195729185185	0.00260356903577	-0.00109993196529	0.00239766968768	0.00325548860357	0.00648393451355	0.00409284434039	0.0033986645831	0.00108198671586	0.00162759749343
14070	C419	C41.9 Bone and articular cartilage, unspecified	14000	4	20	Chapter II	Y	Y	0.00187112566323	0.0026807609214	-0.00113883247765	0.00227783421201	0.00334044533404	0.00650787033666	0.00407412912489	0.00338164784124	0.000968894764985	0.00166051804356
14080	C42	C42 hematopoietic and reticuloendothelial systems (ICD-O-3 specific)	470	3	20	Chapter II	Y	Y	0.00403020448763	-0.000425229164915	0.00245063375962	0.00243815727709	-0.00538937792466	0.00404306033068	-0.00291668733619	0.00280261080242	0.00292469532694	-0.00150211539371
14090	C420	C42.0 hematopoietic and reticuloendothelial systems: blood (ICD-O-3 specific)	14080	4	20	Chapter II	Y	Y	0.00420434613571	-0.000387764179125	0.00254507076625	0.00239598761873	-0.00559732962667	0.00417709085754	-0.00301387075748	0.00284390125883	0.00300059191698	-0.00150620765725
14100	C421	C42.1 hematopoietic and reticuloendothelial systems: bone marrow (ICD-O-3 specific)	14080	4	20	Chapter II	Y	Y	0.00404690173212	-0.000421455586537	0.00250920653157	0.00248645813303	-0.00545369366421	0.00409527439107	-0.00305325889566	0.00284398275128	0.00291792479034	-0.00152239566054
14110	C422	C42.2 hematopoietic and reticuloendothelial systems: spleen (ICD-O-3 specific)	14080	4	20	Chapter II	Y	Y	0.0040711254416	-0.000401698169716	0.00249635413561	0.00244280494524	-0.00548974516069	0.00409668290787	-0.00300560316494	0.00283411504307	0.00296371841706	-0.00152780093563
14120	C423	C42.3 hematopoietic and reticuloendothelial systems: Reticuloendothelial system, NOS (ICD-O-3 specific)	14080	4	20	Chapter II	Y	Y	0.00417951896253	-0.000385064171494	0.00246959529477	0.00242936478437	-0.00545545927824	0.00411980366495	-0.0028867994994	0.00287815397976	0.00294262118087	-0.00148838044776
14130	C424	C42.4 hematopoietic and reticuloendothelial systems: Hematopoietic system, NOS  (ICD-O-3 specific)	14080	4	20	Chapter II	Y	Y	0.00403062597574	-0.00042320402964	0.00246621314489	0.00246893471359	-0.00530615255463	0.00404463057866	-0.00289956645165	0.00284452682367	0.00288176940917	-0.0014974005988
14140	C43	C43 Malignant melanoma of skin	480	3	20	Chapter II	Y	Y	0.0053907499866	0.00173582307682	0.00414975565243	-0.00118215835249	-0.00113857809214	0.00213874278413	0.00101902654311	0.00428817931071	0.00203825122945	-0.00388949497392
14150	C430	C43.0 Malignant melanoma of lip	14140	4	20	Chapter II	Y	Y	0.00562819014662	0.00157757745545	0.00400454303498	-0.00111956857739	-0.00127717395487	0.00244705060308	0.00132660581646	0.00451202297794	0.00181271701077	-0.00398450919416
14160	C431	C43.1 Malignant melanoma of eyelid, including canthus	14140	4	20	Chapter II	Y	Y	0.00561370880477	0.00174241747455	0.00399989690799	-0.00117739912682	-0.00131026682184	0.00249394470976	0.0014016955761	0.00461878665034	0.00192215128085	-0.00410865110739
14170	C432	C43.2 Malignant melanoma of ear and external auricular canal	14140	4	20	Chapter II	Y	Y	0.00568518790949	0.00159079620885	0.00401531238182	-0.00113784002212	-0.00128174042237	0.0024739999492	0.00126175495765	0.00462738789839	0.00185951578322	-0.00405087124313
14180	C433	C43.3 Malignant melanoma of other and unspecified parts of face	14140	4	20	Chapter II	Y	Y	0.00609244856254	0.00144092370958	0.00397000829789	-0.0011211807146	-0.0013945275585	0.00277769085127	0.00150867777712	0.0050353310232	0.0017467277363	-0.00420492113813
14190	C434	C43.4 Malignant melanoma of scalp and neck	14140	4	20	Chapter II	Y	Y	0.00575674273105	0.00146884500474	0.00405107417445	-0.00116114908127	-0.00121326169704	0.00246261946636	0.00114948921487	0.00458289093469	0.00180060476924	-0.00403271447545
14200	C435	C43.5 Malignant melanoma of trunk	14140	4	20	Chapter II	Y	Y	0.00576511800952	0.00146344279188	0.00403074141974	-0.00113763529187	-0.00125046708214	0.00243929919629	0.00118036842323	0.00463644656521	0.00184970071662	-0.00403184946152
14210	C436	C43.6 Malignant melanoma of upper limb, including shoulder	14140	4	20	Chapter II	Y	Y	0.00574262168725	0.00156528851192	0.0040528478956	-0.00115856362631	-0.00126269028693	0.00245244954834	0.0012429585911	0.00458591110271	0.00181691669257	-0.00403903045463
14220	C437	C43.7 Malignant melanoma of lower limb, including hip	14140	4	20	Chapter II	Y	Y	0.00562481943386	0.00172688589324	0.00401779161319	-0.00119655649454	-0.00128255390526	0.00248956104105	0.00136497029408	0.00461019278222	0.00191341826484	-0.00409843138606
14230	C438	C43.8 Overlapping malignant melanoma of skin	14140	4	20	Chapter II	Y	Y	0.00572093067297	0.00148382733216	0.00401914968156	-0.00113020795544	-0.00122533090435	0.00245168713452	0.00119742701324	0.00459311528563	0.00181678151337	-0.00400822182616
14240	C439	C43.9 Malignant melanoma of skin, unspecified	14140	4	20	Chapter II	Y	Y	0.00572771490173	0.00150810096525	0.00400879902798	-0.00112573500884	-0.00121499649245	0.00241999254362	0.00121472696173	0.00455645521152	0.00177882034813	-0.00401115227805
14250	C44	C44 Other malignant neoplasms of skin	480	3	20	Chapter II	Y	Y	0.000445730238993	-0.00535459622198	0.00220479169788	0.00329185526969	-0.00264521363302	0.00353784372715	0.00479909705859	-0.00139710465933	-0.00240874134633	0.00153817549149
14260	C440	C44.0 Skin of lip	14250	4	20	Chapter II	Y	Y	0.000577559818466	-0.00537228142789	0.00227838150666	0.00340720280058	-0.00264743725236	0.00357355309901	0.00486742262765	-0.00129138802454	-0.00236063215598	0.00147821353529
14270	C441	C44.1 Skin of eyelid, including canthus	14250	4	20	Chapter II	Y	Y	0.000406599153906	-0.00554072650216	0.00233975134902	0.00354070989018	-0.00261707386832	0.00387025649494	0.00504810511362	-0.00121603553517	-0.00238271994919	0.00140948679253
14280	C442	C44.2 Skin of ear and external auricular canal	14250	4	20	Chapter II	Y	Y	0.000373697755087	-0.00544779201655	0.00231336627202	0.00343014816767	-0.00260110326394	0.00367480353138	0.00491523476957	-0.00136811126854	-0.0024607359293	0.00152564467313
14290	C443	C44.3 Skin of other and unspecified parts of face	14250	4	20	Chapter II	Y	Y	0.000469485713856	-0.00545012824626	0.00230986912223	0.00347770309623	-0.00257928625574	0.00375834381334	0.00496437889862	-0.00121113340511	-0.00237089905478	0.00146023064683
14300	C444	C44.4 Skin of scalp and neck	14250	4	20	Chapter II	Y	Y	0.000472281834519	-0.00542222197797	0.00224540620426	0.0033978287339	-0.00241787176733	0.00363273640682	0.00480601287175	-0.0012943303702	-0.00237529351295	0.00144551214887
14310	C445	C44.5 Skin of trunk	14250	4	20	Chapter II	Y	Y	0.000477833361974	-0.00535272630778	0.0021794379952	0.0033695205983	-0.00264469704061	0.0037038771088	0.00502703375202	-0.00136260983927	-0.00228107306708	0.00145353745475
14320	C446	C44.6 Skin of upper limb, including shoulder	14250	4	20	Chapter II	Y	Y	0.000453816204528	-0.00547193297398	0.00229205324752	0.00350235237587	-0.00256513317771	0.00382085497985	0.00501269351139	-0.00119879532056	-0.00232788826412	0.0013989780335
14330	C447	C44.7 Skin of lower limb, including hip	14250	4	20	Chapter II	Y	Y	0.000521215689853	-0.00533475556381	0.0021900210863	0.00335154434448	-0.00254732510286	0.00369486124235	0.00496052854058	-0.00132011878853	-0.00227503359519	0.00144067559421
14340	C448	C44.8 Overlapping lesion of skin	14250	4	20	Chapter II	Y	Y	0.000427020961649	-0.00538502229727	0.00223811003857	0.00336066447926	-0.0023704919157	0.00361884280695	0.00477894207478	-0.00128942733908	-0.00234830064106	0.00145374320376
14350	C449	C44.9 Malignant neoplasm of skin, unspecified	14250	4	20	Chapter II	Y	Y	0.000526486854832	-0.00539768657535	0.00228699012727	0.0034461979731	-0.00264712220914	0.00362040599732	0.00490702379486	-0.00129466614599	-0.00238971862923	0.00147131190114
14360	C45	C45 Mesothelioma	490	3	20	Chapter II	Y	Y	-0.00160124963589	-0.00460067406676	-0.00177563989975	0.0053575720141	0.0022346692709	0.00339380913281	0.00193044291384	0.0024185730127	-0.00318091485415	-0.00138844803253
14370	C450	C45.0 Mesothelioma of pleura	14360	4	20	Chapter II	Y	Y	-0.0016557300732	-0.00471259745226	-0.00161084333444	0.00548056306985	0.00224995857474	0.00338745270499	0.00187720318733	0.00246261260761	-0.00345724292308	-0.00144541193602
14380	C451	C45.1 Mesothelioma of peritoneum	14360	4	20	Chapter II	Y	Y	-0.00153431586257	-0.00464816046909	-0.00167389393857	0.00544656643833	0.00230080870894	0.00342497423978	0.00197031570696	0.00243475525319	-0.0033467247635	-0.00142345280079
14390	C452	C45.2 Mesothelioma of pericardium	14360	4	20	Chapter II	Y	Y	-0.00165197654377	-0.00478914202357	-0.00175794204191	0.00547335406471	0.00242856092409	0.00350358491091	0.00196580683842	0.00236092847794	-0.00345817769519	-0.00151099073361
14400	C457	C45.7 Mesothelioma of other sites	14360	4	20	Chapter II	Y	Y	-0.00183434618723	-0.00502712891743	-0.00176618652249	0.00578699376331	0.00253368068152	0.00372043342439	0.00198784708535	0.00251853511253	-0.00398497539747	-0.00159712392846
14410	C459	C45.9 Mesothelioma, unspecified	14360	4	20	Chapter II	Y	Y	-0.00155795079525	-0.00472605279198	-0.00202005750446	0.00530572976276	0.00256174319268	0.00341039582919	0.00203305563029	0.00211298753064	-0.00306977581546	-0.00153240426923
14420	C46	C46 Kaposi's sarcoma	490	3	20	Chapter II	Y	Y	-7.10622971298e-06	-0.00261145282417	-0.00254095027753	0.00694490241535	-0.00356038686188	-0.00107295064976	-0.00130007980551	0.00275055764732	0.00273621538174	-0.00155047081465
14430	C460	C46.0 Kaposi's sarcoma of skin	14420	4	20	Chapter II	Y	Y	-0.000146783420041	-0.00272255542752	-0.00260146985736	0.00715266471016	-0.00375235301052	-0.00110009946754	-0.00131073201158	0.00280705334546	0.0028645353667	-0.00154630168016
14440	C461	C46.1 Kaposi's sarcoma of soft tissue	14420	4	20	Chapter II	Y	Y	-0.000176545652846	-0.0027276463533	-0.0025975730113	0.00720882280352	-0.00372778865448	-0.00105774120237	-0.00132159164347	0.00285200040975	0.00287167052017	-0.00153696483083
14450	C462	C46.2 Kaposi's sarcoma of palate	14420	4	20	Chapter II	Y	Y	-4.80459413207e-05	-0.00266746143845	-0.00261274184183	0.00709762692974	-0.0036624304758	-0.00107604078933	-0.00135064851638	0.00280322566845	0.00287117210817	-0.00154913628767
14460	C463	C46.3 Kaposi's sarcoma of lymph nodes	14420	4	20	Chapter II	Y	Y	-6.15295628594e-05	-0.00258500566384	-0.00261803688635	0.00692244217601	-0.003603703506	-0.00111253911485	-0.00135777023721	0.00272109515024	0.00274247448014	-0.00157857880033
14470	C467	C46.7 Kaposi's sarcoma of other sites	14420	4	20	Chapter II	Y	Y	-0.000191034018606	-0.00271279862705	-0.00259975469315	0.00720337147166	-0.00374490220794	-0.00106659421241	-0.00131485792757	0.00283818439182	0.00285972215388	-0.00153744615858
14480	C468	C46.8 Kaposi's sarcoma of multiple organs	14420	4	20	Chapter II	Y	Y	-6.12270921078e-05	-0.00267357050323	-0.00260603214085	0.00724488003399	-0.00369322978131	-0.00107471843741	-0.00134647746647	0.00286503807001	0.00285090011996	-0.00154987846735
14490	C469	C46.9 Kaposi's sarcoma, unspecified	14420	4	20	Chapter II	Y	Y	-0.000149185155235	-0.00270065253573	-0.00256678427066	0.00710814613453	-0.00365466577346	-0.000999045796289	-0.00126020596626	0.00284536277088	0.00287817525196	-0.00147908106228
14500	C47	C47 Malignant neoplasm of peripheral nerves and autonomic nervous system	490	3	20	Chapter II	Y	Y	0.00289055508517	0.00160307084554	-0.00154054501002	0.00318488056499	-0.00475945510407	0.00034579851362	0.00280565381817	0.00501746920594	0.00381193586254	0.00304796158842
14510	C470	C47.0 Peripheral nerves of head, face and neck	14500	4	20	Chapter II	Y	Y	0.00298460026431	0.00159177058111	-0.00164589003889	0.00291885195362	-0.00465453298157	0.000617908232046	0.00277094893529	0.00491831386516	0.00364140512267	0.00301096758742
14520	C471	C47.1 Peripheral nerves of upper limb, including shoulder	14500	4	20	Chapter II	Y	Y	0.00292667895579	0.00152597179317	-0.00154214933806	0.00302291997091	-0.00458435401764	0.000565607364634	0.00272999411755	0.00487869538878	0.00365981678246	0.00296841372181
14530	C472	C47.2 Peripheral nerves of lower limb, including hip	14500	4	20	Chapter II	Y	Y	0.00300130097016	0.00151214468967	-0.00155100598952	0.00316641460363	-0.00454714361815	0.000550031032699	0.00276001288107	0.00499741039346	0.00377195990723	0.00289931411288
14540	C473	C47.3 Peripheral nerves of thorax	14500	4	20	Chapter II	Y	Y	0.00300045389613	0.00160306573183	-0.00164172623765	0.0030019407986	-0.00473040656682	0.000574012893857	0.00283976446884	0.00498276440679	0.0037449861761	0.00303521658944
14550	C474	C47.4 Peripheral nerves of abdomen	14500	4	20	Chapter II	Y	Y	0.00298610488803	0.00158215353502	-0.00164912780286	0.00294121254375	-0.00463070257582	0.000617405932077	0.00276923671107	0.00491623636227	0.00365050410544	0.00302707113311
14560	C475	C47.5 Peripheral nerves of pelvis	14500	4	20	Chapter II	Y	Y	0.0029675853498	0.00159938729994	-0.00161592945024	0.00297208061409	-0.00464461483877	0.00057894361928	0.00275570310611	0.00495610987879	0.00366626249085	0.00301933889499
14570	C476	C47.6 Peripheral nerves of trunk, unspecified	14500	4	20	Chapter II	Y	Y	0.00291703022473	0.00162082824228	-0.00160773858995	0.00293379230756	-0.00463657605758	0.000443708409567	0.00273267113223	0.00487311589719	0.00376551713047	0.00316954282976
14580	C478	C47.8 Overlapping lesion of peripheral nerves and autonomic nervous system	14500	4	20	Chapter II	Y	Y	0.00298774342367	0.00163304796941	-0.00169335990607	0.00287444452575	-0.00482926488645	0.000605912573787	0.00287867163562	0.00499209409338	0.00374844572726	0.00312805177915
14590	C479	C47.9 Peripheral nerves and autonomic nervous system, unspecified	14500	4	20	Chapter II	Y	Y	0.00290025536731	0.00151095000441	-0.00154333349171	0.00297158898296	-0.00462156733498	0.000655149149556	0.00276653892803	0.00480698948794	0.00372376961677	0.00306277516448
14600	C48	C48 Malignant neoplasm of retroperitoneum and peritoneum	490	3	20	Chapter II	Y	Y	0.00126518640472	-0.00231790690749	0.00151352349483	0.00471634945781	-0.00475588481255	0.00199402956754	0.00306003187508	0.00371770469255	-0.00172151108661	0.00393341919138
14610	C480	C48.0 Retroperitoneum	14600	4	20	Chapter II	Y	Y	0.00127577861722	-0.00220469459446	0.00142950870025	0.00463160047515	-0.00494998388149	0.00215697846971	0.0030754171213	0.00368734994764	-0.00169935042523	0.00399236473536
14620	C481	C48.1 Specified parts of peritoneum	14600	4	20	Chapter II	Y	Y	0.00127370667994	-0.00224055192225	0.00151389176294	0.00466823415616	-0.00497950749792	0.00216555614654	0.00317911828918	0.00368016232383	-0.00181846463034	0.0041011105464
14630	C482	C48.2 Peritoneum, unspecified	14600	4	20	Chapter II	Y	Y	0.00128919758215	-0.00218002846283	0.00144691596683	0.00462368053757	-0.0049544036271	0.00215024226796	0.00306863006264	0.0036702269446	-0.00170791182686	0.00397977606953
14640	C488	C48.8 Overlapping lesion of retroperitoneum and peritoneum	14600	4	20	Chapter II	Y	Y	0.00130900109762	-0.00239576847177	0.00163802038032	0.00466210739306	-0.00491807673497	0.00198479338788	0.00316934937097	0.00380129881296	-0.00189919350907	0.00413923829585
14650	C49	C49 Malignant neoplasm of other connective and soft tissue	490	3	20	Chapter II	Y	Y	-0.00292723962233	-0.00167711729085	0.00250269707686	0.00614535791147	-0.0019789040281	0.00143585677859	0.00431522766721	0.000608775430032	0.00335667889876	-0.00123039390054
14660	C490	C49.0 Connective and soft tissue of head, face and neck	14650	4	20	Chapter II	Y	Y	-0.00328160398883	-0.00151561896231	0.00251914694105	0.00628293357862	-0.00208577341308	0.00136028151524	0.00444590645592	0.000658830717589	0.00347381422409	-0.00125442880609
14670	C491	C49.1 Connective and soft tissue of upper limb, including shoulder	14650	4	20	Chapter II	Y	Y	-0.00333981606926	-0.00152634244718	0.00255550311744	0.00634162862643	-0.0021097049512	0.00137283355998	0.00446984733697	0.000685075144675	0.00353315374685	-0.00126256438444
14680	C492	C49.2 Connective and soft tissue of lower limb, including hip	14650	4	20	Chapter II	Y	Y	-0.00325714813327	-0.00154476885264	0.00256240932552	0.00613511203777	-0.00200930770103	0.00137057319158	0.00430617710949	0.000575744401468	0.00338414777381	-0.00126238434586
14690	C493	C49.3 Connective and soft tissue of thorax	14650	4	20	Chapter II	Y	Y	-0.00329577054713	-0.00150712362513	0.00256834668824	0.00632477767935	-0.00211964419698	0.00135543708777	0.00447702125937	0.000650386865641	0.00354830585779	-0.00129880623151
14700	C494	C49.4 Connective and soft tissue of abdomen	14650	4	20	Chapter II	Y	Y	-0.0029772831367	-0.00170840000583	0.002552817075	0.00618259389525	-0.00197430198697	0.00144695300007	0.0042896670302	0.000604235216476	0.00338706350424	-0.00122353917957
14710	C495	C49.5 Connective and soft tissue of pelvis	14650	4	20	Chapter II	Y	Y	-0.00343960549114	-0.00157635246984	0.0026099080234	0.00621884900903	-0.00208498315417	0.00132045582512	0.00437417757911	0.000494061659996	0.00343230477347	-0.00122249802388
14720	C496	C49.6 Connective and soft tissue of trunk, unspecified	14650	4	20	Chapter II	Y	Y	-0.00330838771755	-0.00150063961609	0.00253945071923	0.00634122199732	-0.00211341262873	0.00136072027881	0.00449976628159	0.000681383256989	0.00352661805236	-0.00131009726454
14730	C498	C49.8 Overlapping lesion of connective and soft tissue	14650	4	20	Chapter II	Y	Y	-0.00324120909902	-0.00150471009609	0.00250220266205	0.0062487468022	-0.00207202963902	0.00138017046117	0.00439640170868	0.000678101144846	0.0034632604933	-0.00125378338788
14740	C499	C49.9 Connective and soft tissue, unspecified	14650	4	20	Chapter II	Y	Y	-0.00316430126836	-0.00163042630875	0.00253724723751	0.00642840708701	-0.0020908383472	0.00140452984595	0.00448817614346	0.000657575357437	0.0035816798516	-0.0012058459182
14750	C50	C50 Malignant neoplasm of breast	500	3	20	Chapter II	Y	Y	-0.000407193638996	-0.00368602882837	0.00304191232039	0.0040978085793	-0.0033398208581	0.00320956650799	7.45204038116e-05	0.000280910706737	0.00115560445639	-0.00149076467588
14760	C500	C50.0 Nipple and areola	14750	4	20	Chapter II	Y	Y	-0.000473420693731	-0.00384016240973	0.00310356918195	0.00411565090603	-0.00345885572998	0.00334772680555	4.12396267213e-05	0.000302855944715	0.00108644966699	-0.001526383865
14770	C501	C50.1 Central portion of breast	14750	4	20	Chapter II	Y	Y	-0.000434234946094	-0.00378656721983	0.0031513274191	0.00417133251483	-0.00336131905034	0.00329664194965	9.01743685204e-05	0.000288679415841	0.00125049023304	-0.00151623965264
14780	C502	C50.2 Upper-inner quadrant of breast	14750	4	20	Chapter II	Y	Y	-0.000448217044428	-0.00369312279154	0.00312163586653	0.00417281978525	-0.00336336414382	0.00325203714417	6.91190821253e-05	0.0002635474046	0.00123687295309	-0.00149034812497
14790	C503	C50.3 Lower-inner quadrant of breast	14750	4	20	Chapter II	Y	Y	-0.000414141488178	-0.00381973194499	0.00309003416745	0.00408468250036	-0.00341337961658	0.00332059179334	0.000102199873907	0.000351564395366	0.00110830083021	-0.0015245331289
14800	C504	C50.4 Upper-outer quadrant of breast	14750	4	20	Chapter II	Y	Y	-0.000391100515434	-0.00375689985131	0.0031814076323	0.00423617538017	-0.00336582588525	0.00325106790413	7.49118245258e-05	0.000235023762844	0.00124643991561	-0.00148046586955
14810	C505	C50.5 Lower-outer quadrant of breast	14750	4	20	Chapter II	Y	Y	-0.000309104582847	-0.00375606301696	0.00311790056181	0.00421651805731	-0.00332078603508	0.00335800660038	0.000192395777338	0.000418735555229	0.00133302579052	-0.00150729051741
14820	C506	C50.6 Axillary tail of breast	14750	4	20	Chapter II	Y	Y	-0.000380498038986	-0.00375101312675	0.00313262865126	0.00418544682093	-0.00332282741352	0.00324231497657	6.45845523604e-05	0.000262360694214	0.00122289229263	-0.00147244050262
14830	C508	C50.8 Overlapping lesion of breast	14750	4	20	Chapter II	Y	Y	-0.000325136298528	-0.00376161144955	0.00311339766299	0.00412838274537	-0.00336482311966	0.0033088043845	0.000124403578889	0.000372130089106	0.00116133063836	-0.0014827657188
14840	C509	C50.9 Breast, unspecified	14750	4	20	Chapter II	Y	Y	-0.000268644995627	-0.00374852613659	0.00310573727075	0.00411899389503	-0.00328299103313	0.0032602252161	0.000114115783901	0.000339153531282	0.0011683774928	-0.00144534964047
14850	C51	C51 Malignant neoplasm of vulva	510	3	20	Chapter II	Y	Y	0.00351472023628	-0.00468530134466	0.00262449232341	0.00140936697134	0.00127337819064	0.00253566659132	0.00204491802384	-0.000553092168995	0.00677867443368	-0.00124478314167
14860	C510	C51.0 Labium majus	14850	4	20	Chapter II	Y	Y	0.00354619210769	-0.00462434066544	0.0025442094122	0.00141285794232	0.00125567282164	0.00249671169472	0.00212349763309	-0.000565749809935	0.00669353434281	-0.00125201752401
14870	C511	C51.1 Labium minus	14850	4	20	Chapter II	Y	Y	0.00359578213513	-0.00470736706167	0.00265571265357	0.00145376946949	0.00126823709795	0.00254810258415	0.00205902095298	-0.000532571429233	0.00675369848359	-0.00125923647107
14880	C512	C51.2 Clitoris	14850	4	20	Chapter II	Y	Y	0.00356596810224	-0.00477447481317	0.00263193691596	0.00142727292005	0.00133930355242	0.00254766242205	0.00218321148674	-0.000578421575025	0.00682434696665	-0.00127132348884
14890	C518	C51.8 Overlapping lesion of vulva	14850	4	20	Chapter II	Y	Y	0.00357316988108	-0.00479641742435	0.00270871194189	0.00142564436599	0.001287171403	0.00263590733646	0.00204029331555	-0.000587994284434	0.00697671782335	-0.00124950573218
14900	C519	C51.9 Vulva, unspecified	14850	4	20	Chapter II	Y	Y	0.00358188216779	-0.00471036746412	0.00267852104849	0.00144208251331	0.00128191450367	0.00254884733928	0.00205527532764	-0.000540641769978	0.00676616891382	-0.0012573151299
14910	C52	C52 Malignant neoplasm of vagina	510	3	20	Chapter II	Y	Y	0.00345656550329	-0.00171747851176	0.00122430001751	0.00225018335987	-8.97576369356e-05	0.00252815623968	0.00188162706157	0.00164573828298	0.00210866957935	-0.000265900037544
14920	C53	C53 Malignant neoplasm of cervix uteri	510	3	20	Chapter II	Y	Y	0.00531094732264	-0.00119608268377	0.00267496310753	0.0040653640123	-0.00353102987032	0.00452585651155	-0.000521154180951	0.00101432660556	0.000740841167486	0.0039406944218
14930	C530	C53.0 Endocervix	14920	4	20	Chapter II	Y	Y	0.00543042639737	-0.00131241271258	0.00276503512663	0.00398260524892	-0.00335945472926	0.00470780220413	-0.000526339025486	0.00102076688215	0.000868531701347	0.00395791915093
14940	C531	C53.1 Exocervix	14920	4	20	Chapter II	Y	Y	0.00540986915171	-0.00130173580919	0.00273786211059	0.00398307118773	-0.00333798731556	0.00466445731039	-0.000515323558802	0.00103580757064	0.000862069782396	0.00394153904961
14950	C538	C53.8 Overlapping lesion of cervix uteri	14920	4	20	Chapter II	Y	Y	0.00534799451731	-0.00127022193161	0.00274091202202	0.00395609645854	-0.00338698899324	0.00463564888081	-0.000590609066998	0.000994691344449	0.0007953500765	0.00398500233987
14960	C539	C53.9 Cervix uteri, unspecified	14920	4	20	Chapter II	Y	Y	0.00544444241771	-0.00122505207854	0.00281027549135	0.00413058584694	-0.00354290862763	0.00477724780592	-0.000652429751694	0.00096544696338	0.000730345959528	0.00415785496118
14970	C54	C54 Malignant neoplasm of corpus uteri	510	3	20	Chapter II	Y	Y	0.00768877501538	-0.00294989764949	-0.000339584837296	0.000590235597941	-0.00133068073005	0.00544566698129	0.000827174312833	-0.000651573518363	0.00114281315473	0.000713092847326
14980	C540	C54.0 Isthmus uteri	14970	4	20	Chapter II	Y	Y	0.00768767760823	-0.00295282734234	-0.000308979959102	0.000550107072355	-0.00130796890374	0.00549342543322	0.000817661274793	-0.00068856811697	0.00118727456678	0.00072627897423
14990	C541	C54.1 Endometrium	14970	4	20	Chapter II	Y	Y	0.00781257863955	-0.00305982006033	-0.000209671653885	0.000597646525971	-0.001301947539	0.00559749470838	0.000903998676608	-0.000632865975461	0.00129624977311	0.000742337512661
15000	C542	C54.2 Myometrium	14970	4	20	Chapter II	Y	Y	0.00774032808934	-0.00317204860101	-0.000492438745994	0.000429098179395	-0.00150967700948	0.00572022884522	0.000824083613112	-0.000730747909037	0.00104556083362	0.000614332166795
15010	C543	C54.3 Fundus uteri	14970	4	20	Chapter II	Y	Y	0.00767960605352	-0.00310795477515	-0.00035802630713	0.000534445498289	-0.00142744859022	0.00562773546535	0.00086635795544	-0.00065278467232	0.00116120881694	0.000604097979426
15020	C548	C54.8 Overlapping lesion of corpus uteri	14970	4	20	Chapter II	Y	Y	0.00765517945889	-0.00301474078267	-0.000278775346321	0.000597066848502	-0.00132263839941	0.00552022602892	0.000905724436381	-0.000616259786262	0.00124262088236	0.000653794931637
15030	C549	C54.9 Corpus uteri, unspecified	14970	4	20	Chapter II	Y	Y	0.0077749790006	-0.00303711159208	-0.000228412880726	0.0006189385258	-0.00129459827552	0.00554207812342	0.000902462357351	-0.000618177705623	0.00129362579451	0.000735244168626
15040	C55	C55 Malignant neoplasm of uterus, part unspecified	510	3	20	Chapter II	Y	Y	0.00438242011364	-0.00195474743684	0.00171760660898	0.0019773588618	-2.59599429691e-06	0.00293269215856	0.00226594592783	0.00175664390093	0.00291095586648	-0.000354675365151
15050	C56	C56 Malignant neoplasm of ovary	510	3	20	Chapter II	Y	Y	0.0033650155745	-0.00168413976675	0.00111151450165	0.0022440843434	-9.35971145393e-05	0.0024394802811	0.00191765213899	0.00171003533344	0.00198738042804	-0.000380602660105
15060	C57	C57 Malignant neoplasm of other and unspecified female genital organs	510	3	20	Chapter II	Y	Y	-0.0014220884097	-0.000150900907506	-0.00410904275314	0.00637196342279	0.00152015069943	0.00501422012318	0.000357901162884	0.00155926879843	0.00167607206816	-0.00156769517937
15070	C570	C57.0 Fallopian tube	15060	4	20	Chapter II	Y	Y	-0.00166978477678	-7.35934851767e-05	-0.00436508112199	0.00653728139361	0.0015837931134	0.00505322847654	0.000290423247677	0.00153836146205	0.00165239240903	-0.00155935609366
15080	C571	C57.1 Broad ligament	15060	4	20	Chapter II	Y	Y	-0.00170355251612	-0.000115941797107	-0.00431860645476	0.00650891380507	0.00157657499767	0.00510041483668	0.000238889704861	0.00152390821506	0.00160981839662	-0.00157006948208
15090	C572	C57.2 Round ligament	15060	4	20	Chapter II	Y	Y	-0.00176369820771	-0.000103950238915	-0.00437413697954	0.00650413131491	0.00159324433325	0.00511337641007	0.000214037895749	0.00151279039462	0.0015682105625	-0.00152129312357
15100	C573	C57.3 Parametrium	15060	4	20	Chapter II	Y	Y	-0.00180630446005	-6.19788103926e-05	-0.00440429912591	0.00648747883994	0.00155131691166	0.00511398635902	0.000212531995752	0.00150273769973	0.00157589510727	-0.00153239171656
15110	C574	C57.4 Uterine adnexa, unspecified	15060	4	20	Chapter II	Y	Y	-0.00142043026478	-0.000142816542622	-0.00414671796738	0.00660175652837	0.00157342960141	0.00514748505074	0.000391402737022	0.00163684881562	0.00175932703752	-0.00166691643441
15120	C577	C57.7 Other specified female genital organs	15060	4	20	Chapter II	Y	Y	-0.00183695514469	-6.10585465389e-05	-0.00423004018677	0.00641865901026	0.00165786085883	0.00519914900416	0.00022832486076	0.00144353059461	0.0015772231345	-0.00156435555704
15130	C578	C57.8 Overlapping lesion of female genital organs	15060	4	20	Chapter II	Y	Y	-0.00165466255001	-6.71145814043e-05	-0.00433861609592	0.00642066052049	0.00153379599804	0.00504428374511	0.000269150233468	0.00154210713549	0.00159445072971	-0.00156638262566
15140	C579	C57.9 Female genital organ, unspecified	15060	4	20	Chapter II	Y	Y	-0.00169490913929	-7.87858830007e-05	-0.00432253979289	0.00642503461416	0.00156587488225	0.00505363241568	0.0002530962282	0.00148888205866	0.0015979552446	-0.00154780965823
15150	C58	C58 Malignant neoplasm of placenta	510	3	20	Chapter II	Y	Y	0.00343399360636	-0.00174935005806	0.00119842672147	0.0021770978878	-1.84239240186e-05	0.00250755503975	0.00194013200891	0.00163828167406	0.00218423512946	-0.000381545460867
15160	C60	C60 Malignant neoplasm of penis	520	3	20	Chapter II	Y	Y	0.00249435551267	-0.00794937597682	0.00136538154165	0.00229407810115	-0.00252777687308	-0.000218882040166	0.000691235691648	0.00184737913471	-0.00220355403366	-0.00258463385083
15170	C600	C60.0 Prepuce	15160	4	20	Chapter II	Y	Y	0.0024474725872	-0.00804870442189	0.0013988631716	0.00204510231114	-0.00241004867645	-0.000299795601056	0.000517824908288	0.00174647917804	-0.00231631282781	-0.00256448780072
15180	C601	C60.1 Glans penis	15160	4	20	Chapter II	Y	Y	0.00244289350829	-0.00817945083025	0.00135634511101	0.00214352991579	-0.00256608733579	-0.000304038599618	0.00062140366291	0.00186395683322	-0.00229279796081	-0.00268778978278
15190	C602	C60.2 Body of penis	15160	4	20	Chapter II	Y	Y	0.00239514607997	-0.00808356722373	0.00126526449244	0.00201973150402	-0.00244998751763	-0.00032108219277	0.000468042207731	0.00166785128808	-0.00235571646075	-0.00267389754404
15200	C608	C60.8 Overlapping lesion of penis	15160	4	20	Chapter II	Y	Y	0.00244681244026	-0.00801266358752	0.00132139742305	0.00219997739654	-0.00258816136614	-0.000336712435116	0.000615650668525	0.0017278531858	-0.00225006926321	-0.00266551249663
15210	C609	C60.9 Penis, unspecified	15160	4	20	Chapter II	Y	Y	0.00250728432606	-0.00817920329869	0.00140417872747	0.0022190288824	-0.00256801024669	-0.000258089720176	0.000616261626315	0.00180735763783	-0.00237949897389	-0.00263542824802
15220	C61	C61 Malignant neoplasm of prostate	520	3	20	Chapter II	Y	Y	0.00224056409812	-0.00213407025355	0.000701644547373	0.00219515599267	-0.000499559157078	0.00129431774956	0.00175316230811	0.00212721830059	0.000848164323614	-0.00057708915885
15230	C62	C62 Malignant neoplasm of testis	520	3	20	Chapter II	Y	Y	0.000676511233084	-0.0051460086618	0.000238931984838	0.00351107980142	-0.00456914143398	0.000268664210087	-0.00191160305332	0.00575450504992	0.000647665341069	0.000995034873415
15240	C620	C62.0 Undescended testis	15230	4	20	Chapter II	Y	Y	0.000634170984707	-0.00517274364992	0.000243543129907	0.00353282723272	-0.00469159554046	0.000129628184368	-0.00199562130546	0.00583459431855	0.000618497079535	0.00108853600388
15250	C621	C62.1 Descended testis	15230	4	20	Chapter II	Y	Y	0.000672780215907	-0.00509818157128	0.000360938176824	0.00338069515426	-0.00453562824694	0.000227557671641	-0.00203275173556	0.00587947383233	0.000839159911537	0.00117947719403
15260	C629	C62.9 Testis, unspecified	15230	4	20	Chapter II	Y	Y	0.000676400899473	-0.00513366706618	0.00020706910384	0.00343230011498	-0.00460826090502	0.000103626602965	-0.00201665919852	0.00577249200063	0.000634144045817	0.0012161783755
15270	C63	C63 Malignant neoplasm of other and unspecified male genital organs	520	3	20	Chapter II	Y	Y	0.000506659560426	-0.00139549374082	-0.000822476773633	0.00263050981716	0.00457691587117	0.0020000057784	0.00660809657771	0.00298503351859	0.00253534362498	0.00166142891788
15280	C630	C63.0 Epididymis	15270	4	20	Chapter II	Y	Y	0.000540232242194	-0.00150597343577	-0.000891363622115	0.00267056290562	0.00475026485139	0.0020569337297	0.00686833603562	0.00293311936394	0.00259423551536	0.00168983583102
15290	C631	C63.1 Spermatic cord	15270	4	20	Chapter II	Y	Y	0.000558480797021	-0.00142973003334	-0.000923078570488	0.00268920020522	0.00460792386458	0.0021016240504	0.00664300107754	0.00305527607418	0.00257770422548	0.00165556860834
15300	C632	C63.2 Scrotum	15270	4	20	Chapter II	Y	Y	0.000519925990081	-0.00144674839963	-0.000915511358006	0.00269659714394	0.00465939617286	0.00201843947893	0.00677765276817	0.00308289847678	0.00261155916141	0.00172837201653
15310	C637	C63.7 Other specified male genital organs	15270	4	20	Chapter II	Y	Y	0.000486310188282	-0.00140040461943	-0.000954237380384	0.0026834963571	0.00471422191459	0.00203163567722	0.00679486400455	0.00306558255004	0.00261593402181	0.00174430560322
15320	C638	C63.8 Overlapping lesion of male genital organs	15270	4	20	Chapter II	Y	Y	0.000530917907801	-0.00139073770897	-0.000929501374886	0.00270664974171	0.00467995759648	0.00208886275115	0.00672531189074	0.00307939157997	0.00259695537682	0.00169853426149
15330	C639	C63.9 Male genital organ, unspecified	15270	4	20	Chapter II	Y	Y	0.00048163892499	-0.00137070575859	-0.000790523414352	0.00262330769948	0.00476997184362	0.00193898751323	0.00681011164392	0.00299240198924	0.00250132581958	0.00177413775286
15340	C64	C64 Malignant neoplasm of kidney, except renal pelvis	530	3	20	Chapter II	Y	Y	0.00374904467716	-0.00116621967974	0.00189394729785	0.00183659789065	0.00181968355775	0.00108993809756	0.0049553108695	0.000409112661017	0.00180766675872	0.000591318668124
15350	C65	C65 Malignant neoplasm of renal pelvis	530	3	20	Chapter II	Y	Y	0.00391784534857	-0.00108609047918	0.00203447084631	0.0019042036998	0.00174709914266	0.00117470760519	0.00476350376253	0.000514667163267	0.00187622926655	0.000439323248531
15360	C66	C66 Malignant neoplasm of ureter	530	3	20	Chapter II	Y	Y	0.00321263911236	-0.0014384899733	0.00130813791734	0.0022033689179	0.000810610648598	0.00150066714851	0.00335918020841	0.00150358536549	0.00143400103434	-5.04014744747e-05
15370	C67	C67 Malignant neoplasm of bladder	530	3	20	Chapter II	Y	Y	-0.000312247181081	-0.000886631913989	-0.000750180472834	0.00393079795977	-0.00565385891169	0.00554711503717	0.000578692903808	0.00124956503673	-0.00231935846823	-0.00271386699819
15380	C670	C67.0 Trigone of bladder	15370	4	20	Chapter II	Y	Y	-0.000263508197807	-0.000934341801159	-0.000795771211006	0.00406320786297	-0.00561028102821	0.00564279921243	0.000648208275287	0.00113043302337	-0.00236757349333	-0.00275864528625
15390	C671	C67.1 Dome of bladder	15370	4	20	Chapter II	Y	Y	-0.000292112433015	-0.000926181691102	-0.000707968868881	0.00412449413401	-0.00560041918906	0.00570035321749	0.000440887004305	0.0011665258977	-0.0026567228746	-0.00275993637704
15400	C672	C67.2 Lateral wall of bladder	15370	4	20	Chapter II	Y	Y	-0.000299429858605	-0.00094048343885	-0.000734245527572	0.00407148281828	-0.00567142893094	0.00567027321939	0.0005275624798	0.00120953946421	-0.00254129391691	-0.00276221843426
15410	C673	C67.3 Anterior wall of bladder	15370	4	20	Chapter II	Y	Y	-0.000398232720226	-0.000911433468529	-0.000806809851274	0.00406893733716	-0.00568853600374	0.00558540004799	0.000533692873666	0.00102659065918	-0.00246481692356	-0.00273941178466
15420	C674	C67.4 Posterior wall of bladder	15370	4	20	Chapter II	Y	Y	-0.000430438833595	-0.000844268620372	-0.000754977567912	0.00409687914643	-0.00587083471093	0.00577462864302	0.000418802006666	0.00115439862199	-0.00256221871105	-0.00284403856095
15430	C675	C67.5 Bladder neck	15370	4	20	Chapter II	Y	Y	-0.000284222952164	-0.000945033480763	-0.000760369371872	0.00412473311147	-0.00571809754742	0.00567718449166	0.000585226151099	0.00120315421148	-0.00250885551792	-0.00277782823597
15440	C676	C67.6 Ureteric orifice	15370	4	20	Chapter II	Y	Y	-0.000341693845715	-0.000842611261406	-0.000739633999811	0.0040747054484	-0.00574350345475	0.00560265750719	0.000471285167264	0.00123745549319	-0.00251053193291	-0.0027601085592
15450	C677	C67.7 Urachus	15370	4	20	Chapter II	Y	Y	-0.000344709774524	-0.000955284344211	-0.000718176647372	0.00410894825092	-0.00567219762091	0.00564468047141	0.000524553438232	0.00117566019962	-0.00258175790032	-0.00274845536394
15460	C678	C67.8 Overlapping lesion of bladder	15370	4	20	Chapter II	Y	Y	-0.00033436132007	-0.000902502939867	-0.00076807972923	0.00401068610646	-0.00561088711489	0.00555533777735	0.000535273545457	0.00112836945572	-0.00245013737323	-0.00271262014082
15470	C679	C67.9 Bladder, unspecified	15370	4	20	Chapter II	Y	Y	-0.000374159903661	-0.000887292363464	-0.000730177094183	0.0041041456065	-0.00580259847103	0.00573343750504	0.00044451810172	0.00117488418418	-0.00258503032323	-0.00280564815206
15480	C68	C68 Malignant neoplasm of other and unspecified urinary organs	530	3	20	Chapter II	Y	Y	0.00389532199628	-0.00474552464574	0.00181858982781	0.00159592741149	0.002750922721	-0.000293356684375	0.00546712090659	0.00225633369218	0.00214932165225	0.00381324735748
15490	C680	C68.0 Urethra	15480	4	20	Chapter II	Y	Y	0.00393490164258	-0.0049126866878	0.00172899698283	0.00157242401004	0.00270935980227	-0.00043261646041	0.00548069032558	0.00228701881571	0.00212969790918	0.003846942947
15500	C681	C68.1 Paraurethral glands	15480	4	20	Chapter II	Y	Y	0.0039973424649	-0.00480938456843	0.00169832036459	0.00178808172061	0.00275877342181	-0.00019991989027	0.00565549152481	0.00234614168422	0.00218204777217	0.00374105328469
15510	C688	C68.8 Overlapping lesion of urinary organs	15480	4	20	Chapter II	Y	Y	0.00396398886066	-0.00481380142308	0.00172024632811	0.00174786797045	0.00280656998091	-0.00019056222834	0.00565713110374	0.00234401914198	0.00221378079088	0.00380614185124
15520	C689	C68.9 Urinary organ, unspecified	15480	4	20	Chapter II	Y	Y	0.00396165503856	-0.00481316651187	0.00171956124549	0.00169719524555	0.00272093569683	-0.000178177079572	0.00560303756474	0.00232742450226	0.00216914340031	0.00378688196909
15530	C69	C69 Malignant neoplasm of eye and adnexa	540	3	20	Chapter II	Y	Y	0.00625607281507	-0.000779049947752	-0.00158849608814	-0.000753809312059	-0.00144562973595	0.00241671814869	-0.000344807699845	0.0055621958964	-0.00153787855268	-0.00400797046673
15540	C690	C69.0 Conjunctiva	15530	4	20	Chapter II	Y	Y	0.00629505468447	-0.00111172754154	-0.00117221316501	-0.000388385733896	-0.00122186952865	0.0023199564595	0.000217792262771	0.00593921062213	-0.00123959061309	-0.00423900779733
15550	C691	C69.1 Cornea	15530	4	20	Chapter II	Y	Y	0.00604982192244	-0.000865148126142	-0.00129103186521	-0.00072864934307	-0.00130129728061	0.00239689555274	-0.000338294543655	0.00554381911173	-0.0013964994859	-0.00418492766405
15560	C692	C69.2 Retina	15530	4	20	Chapter II	Y	Y	0.00619329463715	-0.000746191659691	-0.00142917066895	-0.000816359459832	-0.00134332972745	0.00231590604925	-0.000206887051709	0.00568762438443	-0.00135930263709	-0.004029178555
15570	C693	C69.3 Choroid	15530	4	20	Chapter II	Y	Y	0.00621741993943	-0.000766201966944	-0.00143395551873	-0.000793404670316	-0.00135520853935	0.00234981338741	-0.000184072968392	0.00570995453531	-0.00135316361469	-0.00406500344523
15580	C694	C69.4 Ciliary body	15530	4	20	Chapter II	Y	Y	0.00621173887088	-0.00087486109442	-0.00124611143042	-0.000743652968278	-0.00130519388119	0.00235707501111	-0.000271196416848	0.00574242611831	-0.00130532155006	-0.00426225884592
15590	C695	C69.5 Lachrymal gland and duct	15530	4	20	Chapter II	Y	Y	0.00618791509764	-0.000817459495132	-0.00137561968255	-0.000736773301959	-0.00137193680332	0.00235039651421	-0.000206440234854	0.00572610152614	-0.00138151107659	-0.00413890885385
15600	C696	C69.6 Orbit	15530	4	20	Chapter II	Y	Y	0.00619776586072	-0.000863655577384	-0.00132774211253	-0.000778971440923	-0.00133086119269	0.00236630595997	-0.000324883973742	0.0056338073273	-0.0014214471027	-0.00421907448839
15610	C698	C69.8 Overlapping lesion of eye and adnexa	15530	4	20	Chapter II	Y	Y	0.00620224834069	-0.000947922572822	-0.00133275872334	-0.000513784838781	-0.00128967542621	0.00236538523561	-1.09207319052e-05	0.00571554770145	-0.00138066736471	-0.00414592772991
15620	C699	C69.9 Eye, unspecified	15530	4	20	Chapter II	Y	Y	0.00622155033953	-0.000822993038705	-0.00140399562866	-0.000704398727007	-0.00136431564824	0.00239610662897	-0.000246385823217	0.00569084842139	-0.0014780941263	-0.00420016194143
15630	C70	C70 Malignant neoplasm of meninges	540	3	20	Chapter II	Y	Y	0.0059672006944	-0.000354944326837	-0.00293839478351	0.00389301973886	0.00302565971126	0.00383279464547	-0.00207675753356	0.00301390083339	-0.00114699303229	-0.00180346657145
15640	C700	C70.0 Cerebral meninges	15630	4	20	Chapter II	Y	Y	0.0060727772313	-0.000396893129406	-0.00296244897382	0.00396535892284	0.00306784973276	0.00392397889043	-0.00208137879844	0.00308235525794	-0.00110394269229	-0.00182330520341
15650	C701	C70.1 Spinal meninges	15630	4	20	Chapter II	Y	Y	0.00598531021929	-0.000333988104949	-0.00298178627125	0.00392450526595	0.0028619227421	0.00382541896646	-0.00198714560962	0.00299211597163	-0.00113063928864	-0.00176228633235
15660	C709	C70.9 Meninges, unspecified	15630	4	20	Chapter II	Y	Y	0.00610638062304	-0.000399422836159	-0.00300360796791	0.00399126485091	0.00304872808565	0.00395543132118	-0.00207764374857	0.00309787114154	-0.00111120546915	-0.00182725869306
15670	C71	C71 Malignant neoplasm of brain	540	3	20	Chapter II	Y	Y	0.00139444757627	0.000762102113102	0.00126590090887	0.00313126906695	0.00506168179751	0.00301035491052	0.00547655938656	0.00339639492325	-0.00231701614996	-9.90828087059e-05
15680	C710	C71.0 Cerebrum, except lobes and ventricles	15670	4	20	Chapter II	Y	Y	0.00149702232393	0.000707138507667	0.0013608862505	0.00317504048785	0.00508177987743	0.00311348165126	0.00546042784879	0.00350473697258	-0.00226497906683	-0.000161950676167
15690	C711	C71.1 Frontal lobe	15670	4	20	Chapter II	Y	Y	0.00148437477712	0.000695883758462	0.0013873512041	0.00319940545492	0.00515526031464	0.00311029483419	0.00550808729414	0.00357194834513	-0.00226225265946	-0.000134556642299
15700	C712	C71.2 Temporal lobe	15670	4	20	Chapter II	Y	Y	0.0014418849779	0.000710320859262	0.00142441938759	0.00313807249036	0.00513676633965	0.00310854393808	0.00552736195265	0.00349148140404	-0.00225650288718	-0.000113363426424
15710	C713	C71.3 Parietal lobe	15670	4	20	Chapter II	Y	Y	0.00148142362866	0.000663731040301	0.00135379729497	0.00311196177674	0.00492615481209	0.00322155039424	0.0053733646603	0.00337447134156	-0.00215068429678	-0.000195859522078
15720	C714	C71.4 Occipital lobe	15670	4	20	Chapter II	Y	Y	0.00139839729076	0.000887782378328	0.00148524150103	0.00328563526622	0.00539935749905	0.00302931079705	0.00574320082386	0.00368511786927	-0.00240919698859	-4.3462285389e-05
15730	C715	C71.5 Cerebral ventricle	15670	4	20	Chapter II	Y	Y	0.0014856166697	0.000724373387391	0.00138012592505	0.00319561262728	0.00512420456934	0.00311563466083	0.0055443635374	0.00353925324339	-0.00227263107336	-0.000136442505611
15740	C716	C71.6 Cerebellum	15670	4	20	Chapter II	Y	Y	0.00140800576572	0.000792740516151	0.00139317506425	0.00323719137793	0.00531805924872	0.00302675356495	0.00564918277805	0.00361411645957	-0.00235931897218	-5.79253836506e-05
15750	C717	C71.7 Brain stem	15670	4	20	Chapter II	Y	Y	0.00139947691658	0.000768255678852	0.00139859247114	0.00314885657289	0.00520248824974	0.00307492268239	0.0055412142058	0.00349844544362	-0.0023182308966	-8.160472101e-05
15760	C718	C71.8 Overlapping lesion of brain	15670	4	20	Chapter II	Y	Y	0.00142936784999	0.000805395280728	0.00146143725468	0.00324698965854	0.00532325176505	0.00298888668076	0.00566868486024	0.00365359050253	-0.00235143328225	-5.62673860142e-05
15770	C719	C71.9 Brain, unspecified	15670	4	20	Chapter II	Y	Y	0.00140220868407	0.00075134168405	0.00137839617503	0.00312491492446	0.00510190742042	0.00312105344974	0.00546229182586	0.00342207822655	-0.00229107645778	-0.000142295215533
15780	C72	C72 Malignant neoplasm of spinal cord, cranial nerves and other parts of central nervous system	540	3	20	Chapter II	Y	Y	0.00593871221894	-0.00183973854147	-0.00137846893395	0.00323492420441	-0.00215521970143	0.00179913362233	0.00258488637775	0.000604043127904	-0.00515408191231	-0.00258712226015
15790	C720	C72.0 Spinal cord	15780	4	20	Chapter II	Y	Y	0.00606561022995	-0.00194714190378	-0.00143514314486	0.00329433482803	-0.00221378260218	0.00178910255019	0.00259378437376	0.000616914340039	-0.00530878488869	-0.002626970873
15800	C721	C72.1 Cauda equina	15780	4	20	Chapter II	Y	Y	0.00603733130222	-0.00186542816486	-0.00138832300828	0.00327350306314	-0.00217261549406	0.00183578852834	0.00261602048983	0.000612254629683	-0.00523537738661	-0.00263372538085
15810	C722	C72.2 Olfactory nerve	15780	4	20	Chapter II	Y	Y	0.00614403005995	-0.00182710969969	-0.00138950104548	0.00333171927212	-0.00203338068067	0.00190720100763	0.00268666383457	0.000744995391671	-0.00505214423452	-0.00261932262576
15820	C723	C72.3 Optic nerve	15780	4	20	Chapter II	Y	Y	0.00607686769021	-0.00199298733874	-0.00143697926368	0.00331272479213	-0.00225529231977	0.00176029237749	0.00258787041709	0.000621284614203	-0.00529287176825	-0.00261588844081
15830	C724	C72.4 Acoustic nerve	15780	4	20	Chapter II	Y	Y	0.00595177801879	-0.00175728875694	-0.00136270168429	0.00315834341223	-0.00208808503055	0.00176154313468	0.0025862100912	0.000635675545954	-0.00509130199965	-0.00255237425934
15840	C725	C72.5 Other and unspecified cranial nerves	15780	4	20	Chapter II	Y	Y	0.00613725312053	-0.00182101701093	-0.0014273335133	0.00333120148718	-0.00218030112001	0.00193255575027	0.00267958358841	0.000617326899117	-0.00531919624667	-0.00267551965962
15850	C728	C72.8 Overlapping lesion of brain and other parts of central nervous system	15780	4	20	Chapter II	Y	Y	0.00603946140951	-0.00187308695177	-0.00141313070933	0.00327663504789	-0.00212296183015	0.0018210082049	0.00261390640641	0.000662131969803	-0.0051521155277	-0.00258269990962
15860	C729	C72.9 Central nervous system, unspecified	15780	4	20	Chapter II	Y	Y	0.00611593930954	-0.00177570445936	-0.00138529003939	0.00325548754928	-0.00205699527478	0.00182652852413	0.00262378691749	0.000686307752979	-0.00504077978232	-0.0025958944795
15870	C73	C73 Malignant neoplasm of thyroid gland	550	3	20	Chapter II	Y	Y	0.00318448511449	-0.00133766398333	0.00169110222909	0.00230513710362	0.00110003874017	0.00125249057043	0.00238964447607	0.0021268476563	0.000952817876906	-0.000138757864378
15880	C74	C74 Malignant neoplasm of adrenal gland	550	3	20	Chapter II	Y	Y	0.00705238447145	-0.00199459600634	0.00131975791391	0.00324872485403	0.00192350834739	-0.000844919668521	-0.000418545761792	0.00392234156238	0.00237457910393	0.00318557260037
15890	C740	C74.0 Cortex of adrenal gland	15880	4	20	Chapter II	Y	Y	0.00720692307079	-0.00190323305856	0.00144379416155	0.00322634131199	0.00204470441785	-0.000915907039185	-0.000636877821572	0.00414034100209	0.00240368281341	0.00327769984274
15900	C741	C74.1 Medulla of adrenal gland	15880	4	20	Chapter II	Y	Y	0.00727165155515	-0.00206846037625	0.00133898325063	0.00332590533865	0.00194369294702	-0.000960419966476	-0.000609686575794	0.00407721752419	0.00245410575447	0.00332883069894
15910	C749	C74.9 Adrenal gland, unspecified	15880	4	20	Chapter II	Y	Y	0.00725979309548	-0.0020005821845	0.00129657468389	0.00327004213078	0.00192166139829	-0.00112471598526	-0.000633308005601	0.00388333841584	0.00246281360803	0.00342969426797
15920	C75	C75 Malignant neoplasm of other endocrine glands and related structures	550	3	20	Chapter II	Y	Y	-0.000424725381995	-0.00241573961794	-0.00480284293303	0.00158589878101	-0.00471227543565	0.00347191943296	0.00117497874759	0.00329208244391	0.00225295313486	-0.00248741762297
15930	C750	C75.0 Parathyroid gland	15920	4	20	Chapter II	Y	Y	-0.000405908282029	-0.00248526975116	-0.00489389721157	0.00163737359287	-0.00474852430527	0.00351039287059	0.00116963199068	0.00334035936704	0.00229160036361	-0.00252839530512
15940	C751	C75.1 Pituitary gland	15920	4	20	Chapter II	Y	Y	-0.000519213566601	-0.00243311321095	-0.00488377603336	0.00158848168503	-0.00483285298723	0.00347805341065	0.00110661287478	0.00331388798866	0.0022697259937	-0.00252490632742
15950	C752	C75.2 Craniopharyngeal duct	15920	4	20	Chapter II	Y	Y	-0.000556898097066	-0.00240752725137	-0.00492835044045	0.00156174294065	-0.00487666985474	0.00344202085968	0.00108953858566	0.0032815937118	0.00229016555879	-0.00252433983228
15960	C753	C75.3 Pineal gland	15920	4	20	Chapter II	Y	Y	-0.000486890472103	-0.00243869935241	-0.00484843779873	0.00160779787608	-0.00477638011793	0.00347718244916	0.00111127866997	0.00328892328403	0.00227442750303	-0.00250648536151
15970	C754	C75.4 Carotid body	15920	4	20	Chapter II	Y	Y	-0.000323193100535	-0.00240235909998	-0.00469026722197	0.00160512274001	-0.00449240024557	0.00347640004177	0.00126065485239	0.00328673288523	0.0022179912213	-0.00238555144319
15980	C755	C75.5 Aortic body and other paraganglia	15920	4	20	Chapter II	Y	Y	-0.000489384206809	-0.00237844485896	-0.00489808248691	0.00160568968213	-0.00472173971017	0.00330536958863	0.000979146503653	0.0031430750481	0.00227233736897	-0.00250942705021
15990	C758	C75.8 Pluriglandular involvement, unspecified	15920	4	20	Chapter II	Y	Y	-0.000382854281799	-0.00239699568713	-0.00479841508444	0.00162689783569	-0.00462352003615	0.00342016467553	0.00116591415986	0.00325318218809	0.00225140513109	-0.00245144719529
16000	C759	C75.9 Endocrine gland, unspecified	15920	4	20	Chapter II	Y	Y	-0.000333668752375	-0.00252632609297	-0.00487332060851	0.00166950060331	-0.00461923998113	0.00349350881435	0.0011400361738	0.00333071922292	0.00231077936326	-0.00250853649666
16010	C76	C76 Malignant neoplasm of other and ill-defined sites	560	3	20	Chapter II	Y	Y	0.00568671065584	-0.000681931978825	0.00472619109757	0.0047311197404	-0.000443845865701	0.00137102300873	0.0039638811706	-0.00181349665191	-0.00146835100191	0.000211849546799
16020	C760	C76.0 Head, face and neck	16010	4	20	Chapter II	Y	Y	0.00586428269922	-0.000760741827261	0.00488583692219	0.00479792080548	-0.00043828073895	0.0013917426011	0.00408446083703	-0.00190257756849	-0.00152484338208	0.000182784473806
16030	C761	C76.1 Thorax	16010	4	20	Chapter II	Y	Y	0.00590744113683	-0.000722129605102	0.00494847692507	0.00498356388295	-0.000498517121867	0.00141442975375	0.00410515177472	-0.00191334628744	-0.00150481777421	0.000261303353426
16040	C762	C76.2 Abdomen	16010	4	20	Chapter II	Y	Y	0.0057168001397	-0.000530734852944	0.00487000551089	0.00472231235786	-0.000456552527945	0.00128593564483	0.00387136188642	-0.00206129834344	-0.00154815346627	0.000332297313482
16050	C763	C76.3 Pelvis	16010	4	20	Chapter II	Y	Y	0.00595529174927	-0.000705267839945	0.00501027715802	0.00492598887237	-0.000514143931772	0.00141307678743	0.00418411724583	-0.00201769622198	-0.0015478359347	0.000240775963122
16060	C764	C76.4 Upper limb	16010	4	20	Chapter II	Y	Y	0.005761223854	-0.000570062991398	0.00485779597865	0.00471170176826	-0.000436134008025	0.00128509782977	0.00392713152011	-0.001981216618	-0.00156450887621	0.000266877144649
16070	C765	C76.5 Lower limb	16010	4	20	Chapter II	Y	Y	0.0057978203579	-0.000599868366304	0.00483146756925	0.00479938707208	-0.000403110801041	0.00133756555131	0.00397076966963	-0.00187498918064	-0.00157055227331	0.00027105307436
16080	C767	C76.7 Other ill-defined sites	16010	4	20	Chapter II	Y	Y	0.00581544878664	-0.000659168138681	0.00488648455693	0.0048691996651	-0.000454595976136	0.00135239719382	0.00403397276652	-0.00189843774728	-0.001546308013	0.000291867187659
16090	C768	C76.8 Overlapping lesion of other and ill-defined sites	16010	4	20	Chapter II	Y	Y	0.00596209870001	-0.000864311361518	0.0049420197871	0.00496661163971	-0.000458406270382	0.00148025155705	0.00421960887433	-0.00178584704558	-0.00155323903279	0.000201794283083
16100	C77	C77 Secondary and unspecified malignant neoplasm of lymph nodes	560	3	20	Chapter II	Y	Y	-4.16382358794e-05	-0.00700609461688	0.00164812830207	0.00140513275647	0.000754564389785	0.0050329357094	0.00168580922962	0.000506148061199	-0.00135819915568	-0.00346185919661
16110	C770	C77.0 Lymph nodes of head, face and neck	16100	4	20	Chapter II	Y	Y	0.000167169833367	-0.00699929166401	0.00173238574635	0.00144485264388	0.000643146913376	0.00504940645982	0.00174177361581	0.00054938984673	-0.00133136703596	-0.00348449985635
16120	C771	C77.1 Intrathoracic lymph nodes	16100	4	20	Chapter II	Y	Y	6.84567324579e-05	-0.00712258904349	0.00177273735959	0.00147841368789	0.0007270342546	0.00516241286645	0.00162384536909	0.000622810152781	-0.00142106496703	-0.00353258996732
16130	C772	C77.2 Intra-abdominal lymph nodes	16100	4	20	Chapter II	Y	Y	1.43132716255e-05	-0.00714063703628	0.0017802096274	0.00150826126277	0.000795289939981	0.00517218848895	0.00162563357016	0.000627428743475	-0.0014379394606	-0.00357111754636
16140	C773	C77.3 Axillary and upper limb lymph nodes	16100	4	20	Chapter II	Y	Y	0.000124438662976	-0.00707158913365	0.00170019339749	0.00138892028582	0.000661100925676	0.00509572364087	0.00174842452378	0.000594713482131	-0.00138185165063	-0.00346543352987
16150	C774	C77.4 Inguinal and lower limb lymph nodes	16100	4	20	Chapter II	Y	Y	-2.31751308876e-05	-0.00711296235523	0.00167255589592	0.00133496355201	0.000657923883685	0.00506648032398	0.00170998880377	0.0005425908408	-0.00146669113503	-0.00347813302702
16160	C775	C77.5 Intrapelvic lymph nodes	16100	4	20	Chapter II	Y	Y	2.50786583284e-05	-0.00734860847035	0.00178015480017	0.00134505087865	0.000684816213495	0.0052351661482	0.00167751521669	0.000638294864815	-0.00143295563738	-0.00346527997211
16170	C778	C77.8 Lymph nodes of multiple regions	16100	4	20	Chapter II	Y	Y	9.99152663996e-05	-0.00708425360118	0.00172257187479	0.0014320894525	0.00072274423323	0.00509127402399	0.00171472953233	0.000563723316655	-0.00131849237151	-0.00348094731316
16180	C779	C77.9 Lymph node, unspecified	16100	4	20	Chapter II	Y	Y	-8.13016928057e-05	-0.00736627452147	0.00169924739941	0.00131328197133	0.000759930665765	0.00526210186603	0.00170552145307	0.000573189149822	-0.00147719631217	-0.00351195669708
16190	C78	C78 Secondary malignant neoplasm of respiratory and digestive organs	560	3	20	Chapter II	Y	Y	0.00180596948221	-0.0045130963794	0.000476802381726	-0.000256306072627	0.00062088129277	0.00443515943657	0.00193323024158	0.006336965958	-0.00372549320605	-0.00164065742773
16200	C780	C78.0 Secondary malignant neoplasm of lung	16190	4	20	Chapter II	Y	Y	0.00161036132527	-0.00435277239955	0.00025866517017	-0.000529298752544	0.000505993299654	0.00431872315753	0.00172190575575	0.00642218703518	-0.00366686405411	-0.00160308025859
16210	C781	C78.1 Secondary malignant neoplasm of mediastinum	16190	4	20	Chapter II	Y	Y	0.00176053119857	-0.0043720025193	0.00041273351103	-0.000384748927609	0.000576199139506	0.00431766558346	0.00192049013148	0.0062986073318	-0.0036497322004	-0.0016745269422
16220	C782	C78.2 Secondary malignant neoplasm of pleura	16190	4	20	Chapter II	Y	Y	0.00169566163617	-0.0043202992973	0.000339241892692	-0.000551689638221	0.000527412307205	0.00421019133275	0.00181776721414	0.00636136794177	-0.00366617463981	-0.00163811405269
16230	C783	C78.3 Secondary malignant neoplasm of other and unspecified respiratory organs	16190	4	20	Chapter II	Y	Y	0.00161289360195	-0.0043758118803	0.000270783088508	-0.000693850132597	0.000534989725689	0.00430248551726	0.00168986958289	0.0064444739054	-0.0037852583789	-0.00156379141273
16240	C784	C78.4 Secondary malignant neoplasm of small intestine	16190	4	20	Chapter II	Y	Y	0.00170194278848	-0.00435485456425	0.000315266791155	-0.000592294023882	0.000545565621201	0.00419921272593	0.00175251460032	0.00635679456221	-0.00362823023487	-0.00155006171617
16250	C785	C78.5 Secondary malignant neoplasm of large intestine and rectum	16190	4	20	Chapter II	Y	Y	0.00165008369089	-0.00431534227729	0.000204512285012	-0.00066837601627	0.000603398068995	0.00422489500276	0.00164766521025	0.00652426642588	-0.00378922315331	-0.00161644818567
16260	C786	C78.6 Secondary malignant neoplasm of retroperitoneum and peritoneum	16190	4	20	Chapter II	Y	Y	0.00160242084582	-0.0043221684287	0.000301524157121	-0.000687570684925	0.000522077592023	0.00425358307449	0.00166599561127	0.00635327703854	-0.00369481580664	-0.00153921427341
16270	C787	C78.7 Secondary malignant neoplasm of liver	16190	4	20	Chapter II	Y	Y	0.00154748475809	-0.00417276613983	0.00015428064212	-0.000810830225154	0.000464873174372	0.00411596135211	0.00165010462985	0.00648779633157	-0.00372111533838	-0.00164376442174
16280	C788	C78.8 Secondary malignant neoplasm of other and unspecified digestive organs	16190	4	20	Chapter II	Y	Y	0.00172729402163	-0.00436709082917	0.000347616516697	-0.000463588734146	0.000581998569799	0.00429025859984	0.00182531545483	0.00637727105147	-0.00368174407197	-0.00166278873524
16290	C79	C79 Secondary malignant neoplasm of other sites	560	3	20	Chapter II	Y	Y	0.00130839548666	-0.00204387624231	-0.000791744312618	-0.000122473230342	-0.000567138790996	0.00617308939666	0.00144016435412	0.0028166511471	0.000800268764643	-0.00634560655054
16300	C790	C79.0 Secondary malignant neoplasm of kidney and renal pelvis	16290	4	20	Chapter II	Y	Y	0.00141997608911	-0.00182597710431	-0.000257565023133	-0.000169573620112	-0.00066100485997	0.00624782221251	0.00133821642413	0.00271055046232	0.000713521802984	-0.00644474652378
16310	C791	C79.1 Secondary malignant neoplasm of bladder and other and unspecified urinary organs	16290	4	20	Chapter II	Y	Y	0.00142565865471	-0.00186905317208	-0.000288645592024	-6.73133484922e-05	-0.000673610152731	0.00624996596852	0.00135538178361	0.00272839423894	0.000768515160698	-0.00647636687785
16320	C792	C79.2 Secondary malignant neoplasm of skin	16290	4	20	Chapter II	Y	Y	0.00147191716368	-0.0020221469218	-0.000411376938312	-7.55033375229e-05	-0.00072145506413	0.00646747948911	0.00137072022681	0.00287597289319	0.000785234478556	-0.00662024729534
16330	C793	C79.3 Secondary malignant neoplasm of brain and cerebral meninges	16290	4	20	Chapter II	Y	Y	0.00157454928953	-0.0017813010797	0.000224974630026	-0.000115485689711	-0.000837229004537	0.00650058163001	0.00136011990607	0.00281721095141	0.000774562188074	-0.0066537290752
16340	C794	C79.4 Secondary malignant neoplasm of other and unspecified parts of nervous system	16290	4	20	Chapter II	Y	Y	0.00142369948939	-0.001962455372	-0.00032159707522	-0.000205349492786	-0.000691550130539	0.00637120054414	0.00134603085557	0.002785253234	0.000695597958211	-0.00651581542593
16350	C795	C79.5 Secondary malignant neoplasm of bone and bone marrow	16290	4	20	Chapter II	Y	Y	0.00141941023587	-0.00196668888735	-0.000250231603989	-0.000183172115252	-0.000666163402302	0.00624295821017	0.00137154096534	0.00274205778901	0.000722232849477	-0.00639859667333
16360	C796	C79.6 Secondary malignant neoplasm of ovary	16290	4	20	Chapter II	Y	Y	0.0014199378405	-0.00193914459962	-0.000314122264278	-0.000211443236275	-0.000681026810886	0.00626861073338	0.00133278670819	0.00274055002694	0.000685389344582	-0.00646067091581
16370	C797	C79.7 Secondary malignant neoplasm of adrenal gland	16290	4	20	Chapter II	Y	Y	0.00144494934844	-0.00200366943762	-0.000423322042158	-0.000131460168702	-0.000723039240967	0.0064645080234	0.00139521992004	0.00282992329181	0.000717662928082	-0.00662538594649
16380	C798	C79.8 Secondary malignant neoplasm of other specified sites	16290	4	20	Chapter II	Y	Y	0.00145871481877	-0.00190176095969	-0.000364098140839	-4.42036225701e-05	-0.000688385221984	0.00633665681943	0.00136949008483	0.00280337940449	0.000782216903004	-0.00653259668013
16390	C799	C79.9 Secondary malignant neoplasm, unspecified site	16290	4	20	Chapter II	Y	Y	0.001638046822	-0.00148064769887	0.000836003405235	-0.000256251107326	-0.000655965466303	0.00643892880801	0.00124306283474	0.00230536205361	0.000742394304024	-0.00730900167677
16400	C80	C80 Malignant neoplasm without specification of site	560	3	20	Chapter II	Y	Y	0.00447008205116	-0.00485635604503	0.00378015294933	0.0013416461354	-0.00408187923983	0.00350909876489	0.00180827762062	-0.000608909429455	0.00203211554082	-0.00296747335345
16410	C800	C80.0 Malignant neoplasm, primary site unknown, so stated	16400	4	20	Chapter II	Y	Y	0.00460739260831	-0.00500942863238	0.0038935415953	0.00133978315012	-0.00419124501282	0.0036605432102	0.00191098636581	-0.000599527009507	0.00204725811363	-0.00304952217507
16420	C809	C80.9 Malignant neoplasm, unspecified	16400	4	20	Chapter II	Y	Y	0.00448378234095	-0.00493335905116	0.00388428760178	0.00130292218945	-0.00423722401476	0.00349830273761	0.00171594143478	-0.000752761133945	0.00207201458611	-0.00303267173647
16430	C81	C81 Hodgkin's disease	570	3	20	Chapter II	Y	Y	0.0052638970972	-0.000999145200279	-0.00140750198909	0.00291383018313	-0.00175751692238	0.00194172027275	0.00595341563785	-0.000238694609828	0.00398605998203	-0.00129472597674
16440	C810	C81.0 Lymphocytic predominance	16430	4	20	Chapter II	Y	Y	0.00535459551667	-0.00101254954071	-0.00144209607952	0.00296400150574	-0.00180131892546	0.00197040129881	0.00605094461214	-0.000258109818042	0.0040783841324	-0.00130435191406
16450	C811	C81.1 Nodular sclerosis	16430	4	20	Chapter II	Y	Y	0.00524593193826	-0.00112120834318	-0.00147348478576	0.00301056708792	-0.00177260637564	0.0018874142033	0.00602418967603	-0.000164757431474	0.00405918776194	-0.00135743442679
16460	C812	C81.2 Mixed cellularity	16430	4	20	Chapter II	Y	Y	0.00533224374561	-0.00100756550484	-0.00139659452054	0.00289396319194	-0.00178245807007	0.00201112716463	0.00613378256137	-0.000198480301611	0.00414539186476	-0.00136502089997
16470	C813	C81.3 Lymphocytic depletion	16430	4	20	Chapter II	Y	Y	0.00392492781649	-0.00211247252705	-0.00191884054868	0.00274806792302	-0.00191954106091	0.0012537000022	0.00595445123541	7.05731339827e-05	0.00523346599344	-0.001440095414
16480	C814	C81.4 Lymphocyte-rich classical Hodgkin lymphoma	16430	4	20	Chapter II	Y	Y	0.00520290748086	-0.00100770651572	-0.0014054075546	0.00285926064674	-0.00174086675778	0.00191765046939	0.00601694911956	-0.00020843749803	0.00402121574114	-0.00130704266523
16490	C817	C81.7 Other Hodgkin's disease	16430	4	20	Chapter II	Y	Y	0.00532436133745	-0.000965317956111	-0.00139735137582	0.00287808739898	-0.00177845829848	0.00199246118944	0.00611323494453	-0.000217419078438	0.00410805003137	-0.00132796358702
16500	C819	C81.9 Hodgkin's disease, unspecified	16430	4	20	Chapter II	Y	Y	0.00527606577299	-0.000935534278467	-0.00133410891786	0.00274096173955	-0.00176184145246	0.00200448858048	0.00611856315072	-0.000267002968882	0.00417578755849	-0.00138210997832
16510	C82	C82 Follicular [nodular] non-Hodgkin's lymphoma	570	3	20	Chapter II	Y	Y	0.00630277882494	-0.00146705194052	-0.00126789368001	0.00310033550114	-0.00218271458556	0.00106264821508	0.00511521848184	-0.00136847338882	0.0023079855107	-0.00221508323647
16520	C820	C82.0 Small cleaved cell, follicular	16510	4	20	Chapter II	Y	Y	0.00639853640163	-0.0015855236905	-0.00137063307864	0.00328867241911	-0.00213661475616	0.00123892825215	0.00517887851061	-0.001236168993	0.00231129070853	-0.00227250167901
16530	C821	C82.1 Mixed small cleaved and large cell, follicular	16510	4	20	Chapter II	Y	Y	0.00640671024772	-0.0015356989397	-0.00137676679023	0.00326970370829	-0.00211438668129	0.00115811625692	0.00518134451048	-0.00125592124414	0.00226881552591	-0.00225634797125
16540	C822	C82.2 Large cell, follicular	16510	4	20	Chapter II	Y	Y	0.0064043463786	-0.00152678561083	-0.00131954639787	0.00313073578244	-0.00214787446957	0.00108878122773	0.00509647547904	-0.00141802420037	0.00223970854293	-0.00221510746137
16550	C823	C82.3 Follicular lymphoma grade IIIa	16510	4	20	Chapter II	Y	Y	0.00642609473574	-0.00147752492462	-0.00137076694854	0.00315142762425	-0.00219999368097	0.00107609708206	0.00518561877367	-0.00147371379258	0.00228820632281	-0.00227016278082
16560	C824	C82.4 Follicular lymphoma grade IIIb	16510	4	20	Chapter II	Y	Y	0.00646521471381	-0.00152239615664	-0.00139405455008	0.00322053156263	-0.00216382132725	0.0011465344502	0.00519173676075	-0.0014336256519	0.00226519269531	-0.00231139125665
16570	C825	C82.5 Diffuse follicle centre lymphoma	16510	4	20	Chapter II	Y	Y	0.00646995780837	-0.00138469179096	-0.00134517072128	0.00309191219106	-0.00225610925442	0.000988332066315	0.00523562160909	-0.00144950748906	0.00236792532429	-0.00220529849909
16580	C826	C82.6 Cutaneous follicle centre lymphoma	16510	4	20	Chapter II	Y	Y	0.00643619311648	-0.00150281671592	-0.00137515567344	0.00318687353021	-0.0021824694983	0.00109983561327	0.00520475992769	-0.00143210808262	0.00228114325786	-0.00227772753081
16590	C827	C82.7 Other types of follicular non-Hodgkin's lymphoma	16510	4	20	Chapter II	Y	Y	0.00647782336262	-0.00158405904536	-0.00141866998926	0.0032834929555	-0.00209858893883	0.00124811699704	0.00517218370967	-0.00144657803925	0.00223073173826	-0.00233266632583
16600	C829	C82.9 Follicular non-Hodgkin's lymphoma, unspecified	16510	4	20	Chapter II	Y	Y	0.00644079667523	-0.00155347926181	-0.00135951567647	0.00319170876171	-0.00216154995099	0.00116822616555	0.0051349977369	-0.00142543552267	0.00225115332525	-0.00224285454041
16610	C83	C83 Diffuse non-Hodgkin's lymphoma	570	3	20	Chapter II	Y	Y	0.00573358650186	-0.00446594750856	-0.0033540367421	0.00181829985071	-0.00200091334715	0.00192710842326	0.00207460818459	0.00321665540753	-0.0011353912445	0.00236151861797
16620	C830	C83.0 Small cell (diffuse)	16610	4	20	Chapter II	Y	Y	0.00571181527471	-0.0045443665657	-0.00342539389561	0.00175318364463	-0.00197540705056	0.00186692235604	0.00223444510938	0.00344630871744	-0.00108781041157	0.00245153504783
16630	C831	C83.1 Small cleaved cell (diffuse)	16610	4	20	Chapter II	Y	Y	0.00572279501822	-0.00451880793641	-0.00336575682509	0.00166804380094	-0.00205652825184	0.00200349381769	0.00214747437149	0.00327180209355	-0.00117577184062	0.00258621910963
16640	C832	C83.2 Mixed small and large cell (diffuse)	16610	4	20	Chapter II	Y	Y	0.00569853107556	-0.00446848567114	-0.00333943873921	0.00170167427856	-0.00197324575782	0.00196022193506	0.00217938455379	0.00337516692798	-0.00110149026506	0.00245389326323
16650	C833	C83.3 Large cell (diffuse)	16610	4	20	Chapter II	Y	Y	0.00574725823231	-0.00457548112006	-0.00343801455722	0.0017232650612	-0.00199958643614	0.00191631462794	0.00221144565507	0.00342556976445	-0.00113393146419	0.00249801759799
16660	C834	C83.4 Immunoblastic (diffuse)	16610	4	20	Chapter II	Y	Y	0.00576198698914	-0.00459716593703	-0.00346570112981	0.00168910322031	-0.0020304343557	0.00195942920006	0.00217305103072	0.00350309339503	-0.00114779898801	0.00254420578157
16670	C835	C83.5 Lymphoblastic (diffuse)	16610	4	20	Chapter II	Y	Y	0.00581399615266	-0.00456954576125	-0.00347410570727	0.00158185883089	-0.0020608504814	0.00206206658807	0.00200657512494	0.00330540144601	-0.00124331626116	0.00255911694422
16680	C836	C83.6 Undifferentiated (diffuse)	16610	4	20	Chapter II	Y	Y	0.00580648244641	-0.00461445575641	-0.00350230248175	0.00169059732099	-0.00204612216587	0.00196103514977	0.00218464629829	0.00352168799412	-0.00114752747738	0.00256859504012
16690	C837	C83.7 Burkitt's tumour	16610	4	20	Chapter II	Y	Y	0.00576655442016	-0.00456304360985	-0.00343712682653	0.00165881624949	-0.00205119247237	0.00200283016008	0.00213329849866	0.00333409831469	-0.00116930955556	0.00260173374416
16700	C838	C83.8 Other types of diffuse non-Hodgkin's lymphoma	16610	4	20	Chapter II	Y	Y	0.00548253204475	-0.00351362754167	-0.00146254633697	0.00212385774219	-0.00205129280644	0.00305761482379	0.0025427013698	0.00216695069131	-0.00078660752301	0.00192663318966
16710	C839	C83.9 Diffuse non-Hodgkin's lymphoma, unspecified	16610	4	20	Chapter II	Y	Y	0.00573448808807	-0.00457969198242	-0.00340992733159	0.00174610316127	-0.0020117295574	0.00194561121298	0.00220448034528	0.00344705320417	-0.00112586489959	0.00246927664706
16720	C84	C84 Peripheral and cutaneous T-cell lymphomas	570	3	20	Chapter II	Y	Y	0.00436838912049	0.00227417889654	-0.00192946375305	0.00492736981521	0.000750188338498	0.00231117074828	0.00359779708329	0.00397492256503	-0.00286355723839	-0.000171682015031
16730	C840	C84.0 Mycosis fungoides	16720	4	20	Chapter II	Y	Y	0.00441690710504	0.00227253868934	-0.0018658141436	0.00498738807103	0.000798046354197	0.0024087288886	0.00373258378735	0.00405394383583	-0.00278210008928	-0.000199315194713
16740	C841	C84.1 Sezary's diease	16720	4	20	Chapter II	Y	Y	0.00427362870561	0.00245783290273	-0.00189971375268	0.00500645567753	0.000880530001071	0.00247128906977	0.00373649821089	0.00413210583617	-0.00286529478052	-0.000129595387916
16750	C842	C84.2 T-zone lymphoma	16720	4	20	Chapter II	Y	Y	0.00429253806008	0.00243731283439	-0.00190967192901	0.00497521602069	0.000872010845218	0.00247169354198	0.00370860386467	0.00412879015638	-0.00286228208857	-0.000127257082347
16760	C843	C84.3 Lymphoepithelioid lymphoma	16720	4	20	Chapter II	Y	Y	0.00442636591366	0.00231195731253	-0.00188987779886	0.00497214356751	0.000800399909918	0.00244859847258	0.00367176034782	0.00404136875626	-0.00276662344037	-0.000160544638873
16770	C844	C84.4 Peripheral T-cell lymphoma	16720	4	20	Chapter II	Y	Y	0.00440556399332	0.00237937571248	-0.00196389370381	0.00498869299461	0.000829511576038	0.00242715124491	0.00370614847785	0.00408067167084	-0.00289534015335	-0.000141685629971
16780	C845	C84.5 Other and unspecified T-cell lymphomas	16720	4	20	Chapter II	Y	Y	0.00434505453157	0.00229961887529	-0.00189272666776	0.00499367797139	0.000753689230457	0.00232297452	0.00361434506641	0.0040205255771	-0.00287532218362	-0.000202530882765
16790	C846	C84.6 Anaplastic large cell lymphoma, ALK-positive	16720	4	20	Chapter II	Y	Y	0.00423552185478	0.0022898743386	-0.00182707334096	0.00491610474233	0.000770513480997	0.0023513955392	0.00360262523653	0.00398704013395	-0.00277801832991	-0.000178065336002
16800	C847	C84.7 Anaplastic large cell lymphoma, ALK-negative	16720	4	20	Chapter II	Y	Y	0.00433049205178	0.00245868805619	-0.00191570904497	0.00500376618513	0.000912559515367	0.00246115961538	0.0037966724576	0.00416566460131	-0.0028847761574	-0.00010791771688
16810	C848	C84.8 Cutaneous T-cell lymphoma, unspecified	16720	4	20	Chapter II	Y	Y	0.00437163661904	0.00237740174886	-0.00188637585022	0.005067445159	0.000817311275042	0.00246186919286	0.00379907170575	0.00413623860255	-0.00282001194313	-0.000191118951617
16820	C849	C84.9 Mature T/NK-cell lymphoma, unspecified	16720	4	20	Chapter II	Y	Y	0.00431047885175	0.00237090020458	-0.00188754652018	0.00500536184821	0.000795941095891	0.0023913825549	0.00370090869279	0.00406008143759	-0.00283824832416	-0.000181951595166
16830	C85	C85 Other and unspecified types of non-Hodgkin's lymphoma	570	3	20	Chapter II	Y	Y	0.00707986646516	-0.00194422214789	-0.000815408136354	0.00438521523236	0.000463143181824	0.00115969040324	0.00254898338794	-0.000359840985219	3.69889437636e-05	-0.00419411824254
16840	C850	C85.0 Lymphosarcoma	16830	4	20	Chapter II	Y	Y	0.00710156795008	-0.0020764865729	-0.000802638819259	0.00446156684877	0.000520423302935	0.00116739949	0.00264582001377	-0.000551292094241	8.78939452731e-05	-0.00417764200436
16850	C851	C85.1 B-cell lymphoma, unspecified	16830	4	20	Chapter II	Y	Y	0.00711913550097	-0.00187242367733	-0.00093267239756	0.00455832957187	0.000475487894458	0.00118879664244	0.00250599957035	-0.000764369698685	-5.12353592884e-06	-0.00435952251681
16860	C852	C85.2 Mediastinal (thymic) large B-cell lymphoma	16830	4	20	Chapter II	Y	Y	0.00706677672948	-0.00186853286623	-0.000892852342406	0.00447187953494	0.000515813824884	0.0011704478851	0.00243846386885	-0.000829228927699	-4.01926281875e-05	-0.0043828545534
16870	C857	C85.7 Other specified types of non-Hodgkin's lymphoma	16830	4	20	Chapter II	Y	Y	0.00708386033189	-0.00189336703383	-0.00089403514474	0.00454595646903	0.000404953099809	0.00119498480999	0.0024816299131	-0.000536368977521	7.30545505331e-05	-0.0043051912773
16880	C859	C85.9 Non-Hodgkin's lymphoma, unspecified type	16830	4	20	Chapter II	Y	Y	0.00698717991215	-0.00188364259845	-0.000853583910947	0.00439273112648	0.000478249771511	0.00115084828169	0.00244867699105	-0.000677086831946	-2.27121168877e-06	-0.00429129507933
16890	C86	C86 Other specified types of T/NK-cell lymphoma	570	3	20	Chapter II	Y	Y	0.0042123049702	-0.00183373323052	-0.000463003474408	0.00558243140443	0.000109178606112	-0.00104781607664	0.00271322423554	0.00245914194523	-0.00232624248529	-0.0047682580288
16900	C860	C86.0 Extranodal NK/T-cell lymphoma, nasal type	16890	4	20	Chapter II	Y	Y	0.00424919551645	-0.00184120095916	-0.000513805516197	0.00560939520433	0.00012459131979	-0.000965084669299	0.0026887294434	0.00242104914479	-0.00230501027168	-0.00479379021494
16910	C861	C86.1 Hepatosplenic T-cell lymphoma	16890	4	20	Chapter II	Y	Y	0.00441252173017	-0.00200579757366	-0.000565948554312	0.00585201668814	1.66073347428e-05	-0.00101086150224	0.00289797679009	0.00239192999459	-0.00238054774596	-0.00490511293249
16920	C862	C86.2 Enteropathy-type (intestinal) T-cell lymphoma	16890	4	20	Chapter II	Y	Y	0.00427114825932	-0.00185996680617	-0.00046713795468	0.00572144246322	0.000112577559217	-0.0010767955251	0.00276999327365	0.00250721095298	-0.00233196599704	-0.00484662056975
16930	C863	C86.3 Subcutaneous panniculitis-like T-cell lymphoma	16890	4	20	Chapter II	Y	Y	0.00430192666586	-0.00185586391655	-0.000469034767239	0.00569575241856	0.000159724649637	-0.000999421060768	0.00274737823706	0.00250570167591	-0.00233951759518	-0.0048953756872
16940	C864	C86.4 Blastic NK-cell lymphoma	16890	4	20	Chapter II	Y	Y	0.00425180193931	-0.0018503143153	-0.000474350417998	0.00568027205661	0.000113921378965	-0.00107162568543	0.00276514795351	0.00246760143783	-0.00233799704545	-0.00482644857183
16950	C865	C86.5 Angioimmunoblastic T-cell lymphoma	16890	4	20	Chapter II	Y	Y	0.00426506321275	-0.00175703867684	-0.000447398229393	0.00561296952414	0.000176176997155	-0.00102150034756	0.00262291858616	0.00251593833303	-0.0023119965868	-0.00491105018045
16960	C866	C86.6 Primary cutaneous CD30-positive T-cell proliferations	16890	4	20	Chapter II	Y	Y	0.00429237010379	-0.0018375003717	-0.000475593705855	0.00567474632	0.000136622621552	-0.00105832209941	0.00271887600657	0.00250451297472	-0.00235597902619	-0.00488337580375
16970	C88	C88 Malignant immunoproliferative diseases	570	3	20	Chapter II	Y	Y	0.00447882638623	-0.00311955110439	-0.00220843347858	0.00416839134976	-0.000959760117549	-0.000664683467638	0.00483792991111	-0.000137344256852	0.00296285657775	-0.00332591691596
16980	C880	C88.0 Waldenstrom's macroglobulinaemia	16970	4	20	Chapter II	Y	Y	0.00447310814738	-0.00311149466585	-0.00255765222782	0.00411179344835	-0.00101039211152	-0.000717640892467	0.0048944062942	-0.000124004594825	0.00316884575185	-0.00341409550858
16990	C881	C88.1 Alpha heavy chain disease	16970	4	20	Chapter II	Y	Y	0.00451041104624	-0.00313726736107	-0.00277739889444	0.00403894370474	-0.00101141129601	-0.000760962292212	0.00496805484909	-6.77852258628e-05	0.00321139658132	-0.00335619927616
17000	C882	C88.2 Gamma heavy chain disease	16970	4	20	Chapter II	Y	Y	0.00450065859086	-0.00312376871979	-0.00261140036594	0.00412960384355	-0.00102883201726	-0.000745750155942	0.00494391148804	-0.000106732662314	0.0032058121768	-0.00342767823766
17010	C883	C88.3 Immunoproliferative small intestinal disease	16970	4	20	Chapter II	Y	Y	0.00453819573076	-0.00319085694151	-0.0023367926437	0.00422597410935	-0.00100096492234	-0.000754250388192	0.00494759331608	-0.000190454800201	0.00305069473378	-0.00342784399133
17020	C884	C88.4 Extranodal marginal zone B-cell lymphoma of mucosa-associated lymphoid tissue [MALT-lymphoma]	16970	4	20	Chapter II	Y	Y	0.00463161033058	-0.00324328178867	-0.00214388189404	0.00436161529904	-0.00097786660726	-0.000613486789841	0.00498868522229	-0.000160872837021	0.00302149042769	-0.0034312574551
17030	C887	C88.7 Other malignant immunoproliferative diseases	16970	4	20	Chapter II	Y	Y	0.00449582476187	-0.00312744382345	-0.0026110389943	0.00410612254682	-0.00100618002808	-0.000707196406461	0.00491732649538	-0.000103782672872	0.0032122287598	-0.00344464798513
17040	C889	C88.9 Malignant immunoproliferative disease, unspecified	16970	4	20	Chapter II	Y	Y	0.00448644960616	-0.00310569546234	-0.00267868479452	0.00408429848761	-0.00104626100531	-0.000707317081538	0.00491771370379	-0.000103368921965	0.00326615574982	-0.0034468979253
17050	C90	C90 Multiple myeloma and malignant plasma cell neoplasms	570	3	20	Chapter II	Y	Y	0.0059764031069	-0.00198419517522	-0.00257933944885	0.00517975474097	-0.00314652733353	-0.000419186892048	0.00192237477551	0.00168633600762	-6.46034192966e-05	-0.00279020279434
17060	C900	C90.0 Multiple myeloma	17050	4	20	Chapter II	Y	Y	0.00604747352835	-0.00207672302483	-0.00274571404143	0.00527036239204	-0.00318016830441	-0.000523862935204	0.00171154989978	0.00174502282467	-0.000160551895761	-0.00266086149239
17070	C901	C90.1 Plasma cell leukaemia	17050	4	20	Chapter II	Y	Y	0.00619403808285	-0.00199953673235	-0.00273600681422	0.00538150509273	-0.00333945975062	-0.000422474655267	0.00177338554388	0.00161442156365	-5.51673259749e-05	-0.00280502926751
17080	C902	C90.2 Plasmacytoma, extramedullary	17050	4	20	Chapter II	Y	Y	0.00598709961754	-0.00194978559368	-0.00269743695216	0.00518055212186	-0.00322380807368	-0.000514895764873	0.00178643406656	0.00170941821806	-0.000122978608593	-0.00280349857992
17090	C903	C90.3 Solitary plasmacytoma	17050	4	20	Chapter II	Y	Y	0.00607146421307	-0.00207268636144	-0.0027080589333	0.00525231713383	-0.00319183400916	-0.000519827954176	0.00190440884816	0.00174754811051	-0.000179002708022	-0.00280465992117
17100	C91	C91 Lymphoid leukaemia	570	3	20	Chapter II	Y	Y	0.00664501728785	-0.00443233054012	-0.00172594914962	0.00428786724875	-0.00099880832983	-0.00235907755082	0.00213449986022	0.000907277001784	0.000529954730846	6.97182761934e-05
17110	C910	C91.0 Acute lymphoblastic leukaemia	17100	4	20	Chapter II	Y	Y	0.00683188502339	-0.00441865214583	-0.00183275772904	0.00438650864908	-0.000999821907064	-0.00226388325322	0.00216368093341	0.000835206066392	0.00052731289417	9.67429997491e-05
17120	C911	C91.1 Chronic lymphocytic leukaemia	17100	4	20	Chapter II	Y	Y	0.006819760731	-0.00455255309155	-0.00182611224526	0.00435953473585	-0.00101261761206	-0.0024454761609	0.00208426809982	0.0008583878823	0.000476906120521	0.000194685309632
17130	C912	C91.2 Subacute lymphocytic leukaemia	17100	4	20	Chapter II	Y	Y	0.00682418462796	-0.0044932261925	-0.00185639980611	0.00435384230354	-0.00100408584733	-0.00244144458913	0.00204090889781	0.000818083273547	0.000443131019259	0.000237095174994
17140	C913	C91.3 Prolymphocytic leukaemia	17100	4	20	Chapter II	Y	Y	0.00684293543462	-0.00439908064494	-0.00181201464663	0.00444443390418	-0.000992996917778	-0.00222256925942	0.00221488807273	0.00088785002182	0.000581889986353	-8.14402519721e-06
17150	C914	C91.4 Hairy-cell leukaemia	17100	4	20	Chapter II	Y	Y	0.00680743579672	-0.00441436821974	-0.00180155392535	0.0043506328035	-0.00104249377623	-0.00226903482093	0.00220537420675	0.0008586321734	0.000564377768299	7.27960722893e-05
17160	C915	C91.5 Adult T-cell leukaemia	17100	4	20	Chapter II	Y	Y	0.00682366496969	-0.00444925368023	-0.00181915238936	0.00437481661068	-0.0010158229784	-0.00229430563733	0.00225082885744	0.000914672113478	0.000573423235725	1.58050423542e-05
17170	C916	C91.6 Prolymphocytic leukaemia of T-cell type	17100	4	20	Chapter II	Y	Y	0.00676483215105	-0.00442820560945	-0.00181848449633	0.00435437042614	-0.000979693717753	-0.0023475978647	0.00209718085528	0.000838864801951	0.000526241042096	0.000164739583062
17180	C917	C91.7 Other lymphoid leukaemia	17100	4	20	Chapter II	Y	Y	0.00681939660452	-0.00448148782663	-0.00177528413803	0.00444026593512	-0.00100611346256	-0.00222912815818	0.00225921227317	0.000894081372959	0.000527924415082	0.000100002010446
17190	C918	C91.8 Mature B-cell leukaemia Burkitt-type	17100	4	20	Chapter II	Y	Y	0.00680234439794	-0.00448103807261	-0.00183743029724	0.00436439364893	-0.000996072446645	-0.0023948059597	0.00206869917342	0.000832734805914	0.000478398395616	0.000197408605086
17200	C919	C91.9 Lymphoid leukaemia, unspecified	17100	4	20	Chapter II	Y	Y	0.006799404999	-0.00446866312275	-0.00175199552357	0.00438886113999	-0.000975190156587	-0.00240302153653	0.00220014423093	0.000900651723298	0.000529888437656	8.71296042101e-05
17210	C92	C92 Myeloid leukaemia	570	3	20	Chapter II	Y	Y	0.000948426189205	-0.00303253937988	-0.000695159148918	0.000180761723143	-0.00208911079114	0.00654356892398	0.0049522575	0.00222051662345	0.000387081550151	-0.00102791991281
17220	C920	C92.0 Acute myeloid leukaemia	17210	4	20	Chapter II	Y	Y	0.000866539409594	-0.00346969351141	-0.000872203895247	0.00050794729454	-0.00245455991933	0.00692368165	0.00497464569194	0.00227725824552	8.57946422922e-05	-0.00105181784442
17230	C921	C92.1 Chronic myeloid leukaemia	17210	4	20	Chapter II	Y	Y	0.000876892646464	-0.00348882554699	-0.000893868769382	0.000499012654692	-0.0023856633189	0.00698623243528	0.00497058793481	0.00231589103024	0.000141272662087	-0.00111326672946
17240	C922	C92.2 Subacute myeloid leukaemia	17210	4	20	Chapter II	Y	Y	0.000956924891147	-0.00335448676676	-0.000806121871987	0.000476216386434	-0.00230176694419	0.00679298209045	0.00487725413836	0.00235765476515	0.000149188764035	-0.00108527531573
17250	C923	C92.3 Myeloid sarcoma	17210	4	20	Chapter II	Y	Y	0.000914547136168	-0.00344743690562	-0.000829193998665	0.000459154262059	-0.00241744281325	0.00700585291076	0.00508926161403	0.00241228377487	0.000114620006404	-0.00101407626925
17260	C924	C92.4 Acute promyelocytic leukaemia	17210	4	20	Chapter II	Y	Y	0.000938302721752	-0.00343005180899	-0.000838681987512	0.000489809078777	-0.00241840168141	0.00693403542987	0.00509834831397	0.00237658240747	0.000118775186281	-0.00102285686493
17270	C925	C92.5 Acute myelomonocytic leukaemia	17210	4	20	Chapter II	Y	Y	0.000890623241006	-0.00346193227999	-0.000850742422212	0.000403310813831	-0.00243811378832	0.00703369639968	0.00514152036179	0.0023857870328	9.42311739172e-05	-0.001018139205
17280	C926	C92.6 Acute myeloid leukaemia with 11q23-abnormality	17210	4	20	Chapter II	Y	Y	0.000909839025795	-0.0036988728026	-0.000923462736576	0.000555824898131	-0.0026219160211	0.00728232568741	0.00527550186671	0.00249342097638	-6.66864257911e-07	-0.00101531967446
17290	C927	C92.7 Other myeloid leukaemia	17210	4	20	Chapter II	Y	Y	0.000958737784945	-0.00333076861206	-0.000802422282489	0.000442972306303	-0.00233365350758	0.00682309875938	0.00503249710316	0.00238544499164	0.000195217509858	-0.00100280054679
17300	C928	C92.8 Acute myeloid leukaemia with multilineage dysplasia	17210	4	20	Chapter II	Y	Y	0.000932325932281	-0.00334927700295	-0.000795059710342	0.000492463428037	-0.0022824729546	0.0067568833053	0.00485397582111	0.00233027232964	0.000141052691628	-0.00108114565431
17310	C929	C92.9 Myeloid leukaemia, unspecified	17210	4	20	Chapter II	Y	Y	0.00088439653041	-0.00340081278061	-0.000855174725451	0.000482410135964	-0.00231718216986	0.00687328951774	0.00491106276515	0.00226746094568	0.00014167703173	-0.00108845439774
17320	C93	C93 Monocytic leukaemia	570	3	20	Chapter II	Y	Y	0.00433416881369	-0.00107186498293	0.000679708814404	0.00419859579092	-0.00239272966609	0.00195571872385	0.00632035223794	-0.000900979118453	0.00122425328654	-0.0025738080982
17330	C930	C93.0 Acute monocytic leukaemia	17320	4	20	Chapter II	Y	Y	0.0042562234909	-0.00101241388579	0.000821068165806	0.00421733181	-0.00255585669952	0.00208194485341	0.00669627188615	-0.00113194411777	0.00127866459894	-0.00262069263816
17340	C931	C93.1 Chronic monocytic leukaemia	17320	4	20	Chapter II	Y	Y	0.00420974716647	-0.000992008717782	0.000805872695902	0.00417066941939	-0.00250583702146	0.00205828930299	0.00658936468617	-0.00111355956491	0.0012648869193	-0.00258801033205
17350	C932	C93.2 Subacute monocytic leukaemia	17320	4	20	Chapter II	Y	Y	0.00441273545112	-0.00102695462864	0.00070624368192	0.00439084184916	-0.00245208345852	0.00221121168948	0.00664603124432	-0.00125501072146	0.00129472538139	-0.00268679855377
17360	C933	C93.3 Juvenile myelomonocytic leukaemia	17320	4	20	Chapter II	Y	Y	0.00442452350074	-0.00101360853478	0.000685021163911	0.0043969873402	-0.00244791288631	0.0021978912003	0.00663601441213	-0.00126250058924	0.0012894234218	-0.00269367333331
17370	C937	C93.7 Other monocytic leukaemia	17320	4	20	Chapter II	Y	Y	0.00412523712538	-0.000901846159985	0.000836601182295	0.00415713157703	-0.00245373144268	0.0020107354559	0.00651570418233	-0.00109915482752	0.00119359034531	-0.00264291792865
17380	C939	C93.9 Monocytic leukaemia, unspecified	17320	4	20	Chapter II	Y	Y	0.00425439319012	-0.0010055817138	0.000776377763484	0.00420984472828	-0.00248456579375	0.00205038431559	0.00660217225979	-0.00113048238134	0.00123530958693	-0.0025975211921
17390	C94	C94 Other leukaemias of specified cell type	570	3	20	Chapter II	Y	Y	0.00585077179573	0.000604541661184	-0.00126042486549	0.00525265824508	0.00121345108248	0.00365840054511	0.00280983993909	-0.00147811057541	0.00334881922228	0.000246339288266
17400	C940	C94.0 Acute erythraemia and erythroleukaemia	17390	4	20	Chapter II	Y	Y	0.00620918183556	0.000257140239718	-0.00124087848806	0.00537272844783	0.000906137606726	0.00357729838484	0.0027760580876	-0.00148369612993	0.00323242647822	8.79938182033e-06
17410	C941	C94.1 Chronic erythraemia	17390	4	20	Chapter II	Y	Y	0.00612348416525	0.000517273296105	-0.0011680543769	0.00527557335181	0.00109018387715	0.00364962054174	0.00267428310655	-0.0014204905322	0.00324298075717	0.00017583562276
17420	C942	C94.2 Acute megakaryoblastic leukaemia	17390	4	20	Chapter II	Y	Y	0.00602866017971	0.000519806715999	-0.00109811728454	0.00521343306992	0.00109132235202	0.00355756369785	0.00266705609521	-0.0014434418671	0.00321924750001	0.000146742656036
17430	C943	C94.3 Mast cell leukaemia	17390	4	20	Chapter II	Y	Y	0.00610983080692	0.000495488352783	-0.00120399772704	0.00528445177251	0.00107925981843	0.00364166935938	0.00270920413568	-0.00143968298475	0.00323625089739	0.000142724823926
17440	C944	C94.4 Acute panmyelosis	17390	4	20	Chapter II	Y	Y	0.00631341727	0.000389739624307	-0.00134252387011	0.00552492086213	0.000992886425399	0.00366129394664	0.00292291954544	-0.00139148191961	0.00332425029043	6.70593788988e-05
17450	C945	C94.5 Acute myelofibrosis	17390	4	20	Chapter II	Y	Y	0.00610083575419	0.000417676119088	-0.00116624274193	0.00527138613125	0.00101757499956	0.00356929710741	0.00271460601752	-0.00143378326547	0.00320711779998	0.000100198246032
17460	C946	C94.6 Myelodysplastic and myeloproliferative disease, not elsewhere classified	17390	4	20	Chapter II	Y	Y	0.00609168992219	0.000577903882572	-0.00119807548454	0.00528214206943	0.00113014170845	0.00368611884485	0.00272533017984	-0.00143240074649	0.00328487497924	0.000224497938563
17470	C947	C94.7 Other specified leukaemias	17390	4	20	Chapter II	Y	Y	0.00613644750958	0.000408022829708	-0.00121910493696	0.00532399063577	0.00101122205132	0.00357854667543	0.00279184302638	-0.00137024583504	0.00325918309055	0.000109891551157
17480	C95	C95 Leukaemia of unspecified cell type	570	3	20	Chapter II	Y	Y	0.00536457958942	-0.00164401651623	-0.0045591073762	0.00602057632646	-0.00237070749713	-0.00029892217148	0.00295877391341	0.00122977202604	0.00117171003435	-0.000293525048791
17490	C950	C95.0 Acute leukaemia of unspecified cell type	17480	4	20	Chapter II	Y	Y	0.00525955722552	-0.00169620884393	-0.00408049900992	0.00585686303087	-0.00230688878233	-0.000301748357186	0.00317185801367	0.00138290771016	0.0012342479823	-0.000342554320428
17500	C951	C95.1 Chronic leukaemia of unspecified cell type	17480	4	20	Chapter II	Y	Y	0.00527435475282	-0.0016592511292	-0.00388779775119	0.0057539631433	-0.00228745120875	-0.000296935789771	0.00328173859261	0.00157233745871	0.00126292279299	-0.000374128454719
17510	C952	C95.2 Subacute leukaemia of unspecified cell type	17480	4	20	Chapter II	Y	Y	0.00516949849862	-0.00174049557308	-0.003937951179	0.00591151832719	-0.00232205548312	-0.000264766982332	0.00319151959222	0.00140739330545	0.00135159364076	-0.0003105673246
17520	C957	C95.7 Other leukaemia of unspecified cell type	17480	4	20	Chapter II	Y	Y	0.00517631150433	-0.00173107303624	-0.00392370629369	0.00586375216593	-0.00228582543556	-0.000270256959072	0.00315126919608	0.00136302553258	0.00132512293123	-0.000337276036323
17530	C959	C95.9 Leukaemia, unspecified	17480	4	20	Chapter II	Y	Y	0.00519663622918	-0.00171214120032	-0.00400994491107	0.00592066767497	-0.00236122495986	-0.000304982041378	0.0032181929904	0.00142230620026	0.00131791061768	-0.000286030294383
17540	C96	C96 Other and unspecified malignant neoplasms of lymphoid, haematopoietic and related tissue	570	3	20	Chapter II	Y	Y	0.00157416685028	-0.00294426827711	0.000668041340818	0.00651081007703	0.000469792828661	8.70886664867e-05	0.00142814066933	-0.000484372838425	0.00144281047215	-0.00610967971067
17550	C960	C96.0 Letterer-Siwe disease	17540	4	20	Chapter II	Y	Y	0.00156469105092	-0.00310744044839	0.00082822921818	0.00662547380014	0.000416721844592	8.0427373122e-05	0.00165400312888	-0.00042685085032	0.00123635496211	-0.00613963816869
17560	C961	C96.1 Malignant histiocytosis	17540	4	20	Chapter II	Y	Y	0.0014984974807	-0.0031337979196	0.00119085043204	0.0065654853983	8.68221748891e-05	4.74476199291e-05	0.00177942333019	-0.00059100682402	0.000851514262689	-0.00614904105734
17570	C962	C96.2 Malignant mast cell tumour	17540	4	20	Chapter II	Y	Y	0.00140212798342	-0.00298431225904	0.00085961127095	0.00642726796562	0.000392576881812	0.000130069076453	0.00147243461974	-0.000538028988607	0.00119895996393	-0.006093113938
17580	C963	C96.3 True histiocytic lymphoma	17540	4	20	Chapter II	Y	Y	0.00146691827664	-0.003113912453	0.000891335514104	0.00662650483158	0.000397968138084	0.000163487406328	0.00160358198343	-0.000494084468241	0.00119084251206	-0.00626192154519
17590	C964	C96.4 Sarcoma of dendritic cells (accessory cells)	17540	4	20	Chapter II	Y	Y	0.00142630184618	-0.00292486242342	0.000899647411132	0.00635000376792	0.00032403980886	0.000130631330421	0.00145750925259	-0.000567899004077	0.00116415045592	-0.00603771861349
17600	C965	C96.5 Multifocal and unisystemic Langerhans-cell histiocytosis	17540	4	20	Chapter II	Y	Y	0.00147760892098	-0.00303611822576	0.000895104234705	0.00661774910777	0.000389632079114	1.77415597229e-05	0.00153461402116	-0.000506376237385	0.0012475854057	-0.00617497099379
17610	C966	C96.6 Unifocal Langerhans-cell histiocytosis	17540	4	20	Chapter II	Y	Y	0.00140216835699	-0.00302317320977	0.000865348533167	0.00657196347368	0.00046964671469	0.000107857567134	0.00149893945663	-0.000467450982747	0.00123742347979	-0.0061934875792
17620	C967	C96.7 Other specified malignant neoplasms of lymphoid, haematopoietic and related tissue	17540	4	20	Chapter II	Y	Y	0.00144779171229	-0.00303967988875	0.000894006562388	0.00658647766074	0.000391693205283	8.30661145706e-05	0.00153592682009	-0.000497652705706	0.00122226249764	-0.00623423466116
17630	C968	C96.8 Histiocytic sarcoma	17540	4	20	Chapter II	Y	Y	0.00148502191479	-0.00301175208474	0.000907218694481	0.00655266372944	0.000375808441906	3.34175611671e-05	0.00158710436607	-0.000468994221036	0.00123032607274	-0.0061631094651
17640	C969	C96.9 Malignant neoplasms of lymphoid, haematopoietic and related tissue, unspecified	17540	4	20	Chapter II	Y	Y	0.00137829288052	-0.00305081703945	0.000840765666236	0.00659558698833	0.000509459890796	0.000110971422889	0.00147568068639	-0.000470291523642	0.00127789746744	-0.00622982267606
17650	C97	C97 Malignant neoplasms of independent (primary) multiple sites	580	3	20	Chapter II	Y	Y	0.00187483581505	-0.00108626089221	0.000595788345281	0.00170051381751	-4.75909220971e-05	0.00148964769783	0.00136222869197	0.00160191930602	0.000814455162363	-0.000436617767715
191600	G836	G83.6 Upper motor neuron facial paralysis	35030	4	60	Chapter VI	Y	Y	-0.00484965653761	0.0054217951685	0.00193794270084	-0.00281186566308	-0.00493450983111	-0.000531604346402	-0.00412182471811	-0.00357249560202	-0.000218239811762	0.00355393355439
35030	G83	G83 Other paralytic syndromes	960	3	60	Chapter VI	Y	Y	-0.00458478956319	0.00517641017392	0.00168010106147	-0.00283851072753	-0.00439764449275	-0.000839036408046	-0.0038925250103	-0.00361535250251	-0.000272249017947	0.00325045464032
191610	G905	G90.5 Complex regional pain syndrome type I	35120	4	60	Chapter VI	Y	Y	-0.0053376919163	0.00529107549411	0.000573396510422	-0.00263500800009	0.000363250076943	-0.00318744428939	0.00222846140188	-0.00683993535939	0.000601522265344	-0.00169838757062
35120	G90	G90 Disorders of autonomic nervous system	970	3	60	Chapter VI	Y	Y	-0.00526101345901	0.00521981195631	0.000482089029686	-0.00271181056249	0.00040945952969	-0.00315270749641	0.00200966172847	-0.00690476210758	0.000631706765224	-0.00162708168774
191620	G906	G90.6 Complex regional pain syndrome type II	35120	4	60	Chapter VI	Y	Y	-0.00527103302886	0.00529138655087	0.000467953517571	-0.0026305552673	0.000420474900441	-0.00312162833054	0.00224392089865	-0.00688997186073	0.000646279937652	-0.0016727615396
191630	G907	G90.7 Complex regional pain syndrome, other and unspecified type	35120	4	60	Chapter VI	Y	Y	-0.00535642121934	0.0054031926675	0.000532307788337	-0.00271152413287	0.000334763879429	-0.00328480510032	0.00202748429761	-0.00683297424238	0.000462360472421	-0.00167934640681
191640	G943	G94.3 Encephalopathy in diseases classified elsewhere	35390	4	60	Chapter VI	Y	Y	-0.00602399693377	0.00435737812964	0.00578281334364	-0.00336262190836	0.00115185630214	-0.00219592837902	-0.00314020675316	-0.00326573473638	-0.0029494119677	0.00150844499081
35390	G94	G94 Other disorders of brain in diseases classified elsewhere	970	3	60	Chapter VI	Y	Y	-0.00582492116006	0.00422012425054	0.00554411721948	-0.00332701143513	0.00110474933658	-0.00219991346005	-0.00303386605695	-0.00317338117438	-0.00282849374069	0.00140677770375
31760	G00	G00 Bacterial meningitis, not elsewhere classified	870	3	60	Chapter VI	Y	Y	-0.00163489566667	0.00170166658339	5.32890794608e-05	-0.00326940351425	0.00130407692845	0.000296090302759	-0.00458880746857	-0.00620561086656	-0.00225400958604	0.0066321920642
31770	G000	G00.0 Haemophilus meningitis	31760	4	60	Chapter VI	Y	Y	-0.00170561242349	0.00169908910704	0.00011489243618	-0.0033533360944	0.00139799453937	0.000219842923165	-0.00457699484397	-0.00626088078437	-0.00229212868015	0.00667062938443
31780	G001	G00.1 Pneumococcal meningitis	31760	4	60	Chapter VI	Y	Y	-0.00173425951385	0.00168787034709	0.000111507293043	-0.00336186618546	0.00142473355015	0.000168381862021	-0.00455092536975	-0.00623942883178	-0.00230242287824	0.00660118299739
31790	G002	G00.2 Streptococcal meningitis	31760	4	60	Chapter VI	Y	Y	-0.00169850565028	0.00171008324374	9.89981126823e-05	-0.00329434212329	0.00139096317857	0.000175468047897	-0.00452749602769	-0.00619351939633	-0.00226888955171	0.00658348700299
31800	G003	G00.3 Staphylococcal meningitis	31760	4	60	Chapter VI	Y	Y	-0.00170445571498	0.00172116710171	0.000132511301124	-0.00337862496802	0.00142042659209	0.000183648198745	-0.0046058884361	-0.00628783384137	-0.0022986785096	0.00667311871655
31810	G008	G00.8 Other bacterial meningitis	31760	4	60	Chapter VI	Y	Y	-0.00163572746888	0.0016762000663	5.32545601948e-05	-0.00326242544881	0.0012698375631	0.000303308932405	-0.00454244835204	-0.00612729422074	-0.00222905708259	0.00654999181354
31820	G009	G00.9 Bacterial meningitis, unspecified	31760	4	60	Chapter VI	Y	Y	-0.00158764911788	0.00172343897745	8.06177939572e-05	-0.00331505023945	0.00131871502356	0.000335464703972	-0.00472964951517	-0.00639447457208	-0.00231776899437	0.00688753566747
31830	G01	G01 Meningitis in bacterial diseases classified elsewhere	870	3	60	Chapter VI	Y	Y	-0.00292851953372	0.000998366132601	-0.000775785833797	-0.00319465032995	-7.12709961779e-05	-0.000774252919886	-0.0032594209883	-0.004120671238	-0.00110025288634	0.0024603097702
31840	G02	G02 Meningitis in other infectious and parasitic diseases classified elsewhere	870	3	60	Chapter VI	Y	Y	-0.0061815590668	-0.00173050224442	0.000295527355646	-0.00326251413835	0.00175252516612	-0.00418994333611	-0.00535300681283	-0.00471435827226	-0.000504143335087	0.00177540123547
31850	G020	G02.0 Meningitis in viral diseases classified elsewhere	31840	4	60	Chapter VI	Y	Y	-0.00638683664937	-0.00188348868042	0.00041014945885	-0.00336064662218	0.00188454121376	-0.00432626048371	-0.00549739274289	-0.00469267841736	-0.000420205040785	0.00186698954664
31860	G021	G02.1 Meningitis in mycoses	31840	4	60	Chapter VI	Y	Y	-0.00634818987853	-0.0020100298565	0.000424742657204	-0.00337774808593	0.00193670135478	-0.00429747431756	-0.00553277186193	-0.00455244561361	-0.000410762689401	0.0018521608731
31870	G028	G02.8 Meningitis in other specified infectious and parasitic diseases classified elsewhere	31840	4	60	Chapter VI	Y	Y	-0.00628508989075	-0.0018397823798	0.000402485588879	-0.00332837882532	0.00185168370869	-0.00427592927816	-0.00542828182301	-0.00463433164673	-0.000420932450532	0.00182333519528
31880	G03	G03 Meningitis due to other and unspecified causes	870	3	60	Chapter VI	Y	Y	-0.0046188820789	0.0018099892845	-0.000581008550139	-0.00331464358665	-0.00160676554098	0.000579501109422	-0.00492021246033	-0.00544065796129	-0.00159277548427	0.00550128801604
31890	G030	G03.0 Nonpyogenic meningitis	31880	4	60	Chapter VI	Y	Y	-0.00476568153208	0.00192389632456	-0.000616852158608	-0.00345204368414	-0.00160492751545	0.000506755695445	-0.00503244504523	-0.00536059872544	-0.001629210574	0.00563427750409
31900	G031	G03.1 Chronic meningitis	31880	4	60	Chapter VI	Y	Y	-0.00462886375994	0.00179058590613	-0.000708099349254	-0.00347467212282	-0.00153527417257	0.000698609383652	-0.0049662267224	-0.00540832784365	-0.00165645011164	0.00559464008644
31910	G032	G03.2 Benign recurrent meningitis [Mollaret]	31880	4	60	Chapter VI	Y	Y	-0.0046288034465	0.00171504856234	-0.000770165970709	-0.0034955843585	-0.00151827123965	0.000885694900134	-0.00493175409142	-0.00543413038823	-0.00169870801867	0.00553649927251
31920	G038	G03.8 Meningitis due to other specified causes	31880	4	60	Chapter VI	Y	Y	-0.00467514579321	0.00178933195206	-0.000705817252874	-0.00348530811863	-0.00155807558527	0.00076576550707	-0.00498390728151	-0.00544070668884	-0.00167739892088	0.0056030961162
31930	G039	G03.9 Meningitis, unspecified	31880	4	60	Chapter VI	Y	Y	-0.00468958744253	0.00175392955663	-0.000562310049337	-0.00332774541148	-0.00163150687448	0.000892603409938	-0.00502111513185	-0.00559043586788	-0.00154717997525	0.00575120685081
31940	G04	G04 Encephalitis, myelitis and encephalomyelitis	870	3	60	Chapter VI	Y	Y	-0.00302100711409	0.00428896555136	-0.00117149254836	-0.00525550332032	0.000675685689716	0.00362663215858	-0.00254757329622	-0.00590471501584	-0.00284640829939	0.00235142652503
31950	G040	G04.0 Acute disseminated encephalitis	31940	4	60	Chapter VI	Y	Y	-0.00298874450823	0.0044260204212	-0.00117948304983	-0.00570134787599	0.000660027446563	0.00347109960112	-0.00270739746099	-0.00609410848342	-0.00260964758199	0.00242600476929
31960	G041	G04.1 Tropical spastic paraplegia	31940	4	60	Chapter VI	Y	Y	-0.00291964351949	0.00441514386863	-0.00113355748016	-0.00576205264422	0.000705657966232	0.00343004986615	-0.00271160340178	-0.00605437933321	-0.0025127734234	0.00238009759403
31970	G042	G04.2 Bacterial meningoencephalitis and meningomyelitis, not elsewhere classified	31940	4	60	Chapter VI	Y	Y	-0.00287148914662	0.00462438854966	-0.00117435983163	-0.00624569156998	0.000746944054838	0.00343213111562	-0.00282853232039	-0.00629319363904	-0.00231091952889	0.00241757430285
31980	G048	G04.8 Other encephalitis, myelitis and encephalomyelitis	31940	4	60	Chapter VI	Y	Y	-0.00310041352747	0.0043736361215	-0.00119431285718	-0.00564084447578	0.000587748520498	0.00344663548472	-0.00279949489401	-0.00611264714137	-0.00264619278043	0.00251265846497
31990	G049	G04.9 Encephalitis, myelitis and encephalomyelitis, unspecified	31940	4	60	Chapter VI	Y	Y	-0.00296260856519	0.00450504305782	-0.00120859000169	-0.0057597564047	0.000698363764966	0.00346394745197	-0.00267954509352	-0.00604302170668	-0.00260687862685	0.00235310877586
32000	G05	G05 Encephalitis, myelitis and encephalomyelitis in diseases classified elsewhere	870	3	60	Chapter VI	Y	Y	-0.00632157886519	0.00060580326973	-0.00264872808157	-0.00523499054099	-0.0044351379356	-0.0023646029441	-0.00118822625392	-0.00504670096765	-3.83872924853e-06	0.00186185436704
32010	G050	G05.0 Encephalitis, myelitis and encephalomyelitis in bacterial diseases classified elsewhere	32000	4	60	Chapter VI	Y	Y	-0.00621794190917	0.000783152730132	-0.00253829543622	-0.00518881369003	-0.00425663109839	-0.00222064557552	-0.00115112867192	-0.00502592127454	-5.01532137073e-05	0.00204334712249
32020	G051	G05.1 Encephalitis, myelitis and encephalomyelitis in viral diseases classified elsewhere	32000	4	60	Chapter VI	Y	Y	-0.00635094052859	0.000705490557818	-0.00261011320955	-0.00526213878098	-0.00444393433122	-0.00231506167556	-0.00114476599396	-0.00505991171678	5.31833721713e-05	0.00198628534805
32030	G052	G05.2 Encephalitis, myelitis and encephalomyelitis in other infectious and parasitic diseases classified elsewhere	32000	4	60	Chapter VI	Y	Y	-0.00625314951334	0.000701471460648	-0.00254339885986	-0.00514938712964	-0.0044242949209	-0.00228754885929	-0.00106973806881	-0.00496553496197	5.55445648486e-05	0.00183639411218
32040	G058	G05.8 Encephalitis, myelitis and encephalomyelitis in other diseases classified elsewhere	32000	4	60	Chapter VI	Y	Y	-0.00643831176081	0.000626384774266	-0.00267498238773	-0.00530860194936	-0.00448782454555	-0.00240484775173	-0.00121995845925	-0.00512890373706	2.34799333404e-06	0.00189743368691
32050	G06	G06 Intracranial and intraspinal abscess and granuloma	870	3	60	Chapter VI	Y	Y	-0.00428652526111	0.000319771931947	-0.000353571858196	-0.00356507669039	0.000640756187249	0.000245176305975	-0.00709373823944	-0.00583910698511	-0.00309237229442	0.00154157158966
32060	G060	G06.0 Intracranial abscess and granuloma	32050	4	60	Chapter VI	Y	Y	-0.00440858199797	0.000370857444054	-0.000441457297901	-0.0035838285305	0.000569196459881	0.000262336015318	-0.00702122712038	-0.00585915917349	-0.00307823014521	0.00159520584545
32070	G061	G06.1 Intraspinal abscess and granuloma	32050	4	60	Chapter VI	Y	Y	-0.00430662037343	0.000333341759721	-0.000369582858196	-0.00355254494223	0.000636261196235	0.000236222783028	-0.0070810262	-0.0058405777111	-0.00308601039317	0.00151333850912
32080	G062	G06.2 Extradural and subdural abscess, unspecified	32050	4	60	Chapter VI	Y	Y	-0.0044743719362	0.000316230853009	-0.000411318465452	-0.00359739941048	0.000628921911864	0.000343813995429	-0.00724761002645	-0.00598069848698	-0.00318471591022	0.00157312626058
32090	G07	G07 Intracranial and intraspinal abscess and granuloma in diseases classified elsewhere	870	3	60	Chapter VI	Y	Y	-0.0028404952588	0.00124332910317	-0.000759693197619	-0.00328862514567	-0.000139781261975	-0.000806822368032	-0.00317563778852	-0.00408757083219	-0.000994940872791	0.00253349823186
32100	G08	G08 Intracranial and intraspinal phlebitis and thrombophlebitis	870	3	60	Chapter VI	Y	Y	-0.00278496983534	0.00143287404846	-0.000649525823862	-0.00336954761935	7.38958555643e-05	-0.00104145728047	-0.00313193887085	-0.00409305109564	-0.00116188743972	0.00238608844243
32110	G09	G09 Sequelae of inflammatory diseases of central nervous system	870	3	60	Chapter VI	Y	Y	-0.00268539782306	0.000609500800739	-0.000811169692141	-0.00274546399926	-0.000330199918438	4.53068138778e-05	-0.00353768328138	-0.00406559400879	-0.00119467709071	0.00307053366526
32120	G10	G10 Huntington's disease	880	3	60	Chapter VI	Y	Y	-0.00187764468939	0.00232441700514	-0.000633784878732	-0.00384587247648	0.000254920848852	-0.00323743844344	-0.00227659271331	-0.00384995163042	-0.00135650732721	0.000425659821747
32130	G11	G11 Hereditary ataxia	880	3	60	Chapter VI	Y	Y	-0.00423486400408	-0.00135718642286	-0.00157951492784	-0.00531323784263	0.00420939494073	-0.00537925457709	-0.00417756581571	-0.000551510315812	-0.000776326795343	0.00256696863627
32140	G110	G11.0 Congenital nonprogressive ataxia	32130	4	60	Chapter VI	Y	Y	-0.00421814110122	-0.00129147400672	-0.00162220264504	-0.00543514360835	0.00417041250837	-0.00545938760361	-0.00423542958025	-0.00064378252656	-0.00086253048969	0.00257922025224
32150	G111	G11.1 Early-onset cerebellar ataxia	32130	4	60	Chapter VI	Y	Y	-0.00433456112264	-0.00141719651707	-0.00169677111117	-0.00560360213673	0.00433912185417	-0.00555036098497	-0.00443024618483	-0.000506223176112	-0.000798631208297	0.00260482438032
32160	G112	G11.2 Late-onset cerebellar ataxia	32130	4	60	Chapter VI	Y	Y	-0.00429039726016	-0.00142440997751	-0.00163930047686	-0.00548784029502	0.00426679483184	-0.00552397855284	-0.00433151992108	-0.000578941555242	-0.000817052512007	0.00261637614913
32170	G113	G11.3 Cerebellar ataxia with defective DNA repair	32130	4	60	Chapter VI	Y	Y	-0.00429835077312	-0.00138105121045	-0.00164552628432	-0.00549756463978	0.0042406211404	-0.00552159551335	-0.00433458496352	-0.000633305688481	-0.000826652005602	0.00260280583738
32180	G114	G11.4 Hereditary spastic paraplegia	32130	4	60	Chapter VI	Y	Y	-0.00434483416263	-0.00136094438077	-0.00158978561536	-0.00541424388905	0.00431853282127	-0.00553865769057	-0.00426949475228	-0.000620459564241	-0.000793123969743	0.00261680359158
32190	G118	G11.8 Other hereditary ataxias	32130	4	60	Chapter VI	Y	Y	-0.0041510238953	-0.00137285045301	-0.00158904828227	-0.00536093774359	0.00418390747614	-0.00538507200979	-0.00424058225411	-0.000545163805339	-0.000798122124693	0.002554658982
32200	G119	G11.9 Hereditary ataxia, unspecified	32130	4	60	Chapter VI	Y	Y	-0.00426223434497	-0.00143177769096	-0.00160830938725	-0.00536026500114	0.00426527582393	-0.00542969601843	-0.00435274856984	-0.000544802734678	-0.000736529628117	0.00258913895009
32210	G12	G12 Spinal muscular atrophy and related syndromes	880	3	60	Chapter VI	Y	Y	-0.00479446203278	0.0018496282684	0.00263814301593	-0.00813819148086	-0.00188774698544	-0.00208356692699	-0.000372432691737	-0.00345589244883	0.000778907228608	-0.00347656510859
32220	G120	G12.0 Infantile spinal muscular atrophy, type I [Werdnig-Hoffman]	32210	4	60	Chapter VI	Y	Y	-0.00491141817997	0.00187772787768	0.00269358217972	-0.00820195333857	-0.00192339347069	-0.00208891557476	-0.000241059966549	-0.00366026860912	0.000709845116643	-0.00357052358872
32230	G121	G12.1 Other inherited spinal muscular atrophy	32210	4	60	Chapter VI	Y	Y	-0.00496273429867	0.00177653700448	0.0028237215329	-0.00824529305554	-0.00195181973926	-0.00198038379087	-0.000177727991279	-0.00348029689517	0.000882812939027	-0.0037136701034
32240	G122	G12.2 Motor neuron disease	32210	4	60	Chapter VI	Y	Y	-0.00481659595082	0.00173844638396	0.00269445220234	-0.0079594815377	-0.00190693922453	-0.00191715756676	-0.000206893077245	-0.00341019261489	0.000815484740169	-0.00351708036447
32250	G128	G12.8 Other spinal muscular atrophies and related syndromes	32210	4	60	Chapter VI	Y	Y	-0.00486252730078	0.00172342003947	0.00267759188721	-0.0080545711279	-0.00189689030976	-0.00195824183269	-0.000239569967685	-0.00350073591495	0.000813876048817	-0.00351222776922
32260	G129	G12.9 Spinal muscular atrophy, unspecified	32210	4	60	Chapter VI	Y	Y	-0.00485413806013	0.00179303441403	0.00270997179995	-0.00794766225169	-0.0019026707254	-0.00198859910172	-0.000256405901475	-0.00362144042966	0.00072419040243	-0.00355493945035
32270	G13	G13 Systemic atrophies primarily affecting central nervous system in diseases classified elsewhere	880	3	60	Chapter VI	Y	Y	-0.00142132294531	0.00258272052343	-0.0028765015428	-0.00109114023528	0.000921968949293	-0.0060797988374	-0.00181385719267	-0.00601900407138	-0.00576006089431	-6.63923830209e-05
32280	G130	G13.0 Paraneoplastic neuromyopathy and neuropathy	32270	4	60	Chapter VI	Y	Y	-0.00143551081325	0.00260769058333	-0.00295925258315	-0.00107233474775	0.000932154705819	-0.00615675794442	-0.00181390236718	-0.00617303590988	-0.00587898058719	-8.585272335e-05
32290	G131	G13.1 Other systemic atrophy primarily affecting central nervous system in neoplastic disease	32270	4	60	Chapter VI	Y	Y	-0.00131564965136	0.00262063283229	-0.00297373486982	-0.00109719594522	0.00090392989737	-0.00619576457017	-0.00180838685058	-0.00597051994358	-0.00584493552443	5.76167023246e-05
32300	G132	G13.2 Systemic atrophy primarily affecting central nervous system in myxoedema	32270	4	60	Chapter VI	Y	Y	-0.00141683848808	0.00260818437564	-0.00296107765081	-0.00108420396073	0.000949927669142	-0.00620695693194	-0.00182114604732	-0.00617363223796	-0.00589903946565	-0.00010153582297
32310	G138	G13.8 Systemic atrophy primarily affecting central nervous system in other diseases classified elsewhere	32270	4	60	Chapter VI	Y	Y	-0.00142655078469	0.00268416863914	-0.00304941388456	-0.00113403808884	0.00095778133777	-0.0063551076527	-0.00186955776758	-0.00618222507314	-0.0060145256328	-6.63036113747e-05
32320	G14	G14 Postpolio syndrome	880	3	60	Chapter VI	Y	Y	-0.0018412014352	0.00200975911805	-0.000638614990759	-0.00347591240349	0.000383438881217	-0.00296238448729	-0.00206710842734	-0.00336764481702	-0.00130140141247	0.000486687418851
32330	G20	G20 Parkinson's disease	890	3	60	Chapter VI	Y	Y	-0.00148679332057	0.00272572618794	-0.00159985941849	-0.00403572355607	0.000913384623222	-0.00247589237694	-0.00200548812259	-0.00396345612949	-0.000996334431954	0.00102596358348
32340	G21	G21 Secondary Parkinsonism	890	3	60	Chapter VI	Y	Y	-0.000139316072839	0.00322843353989	-0.00656903741684	-0.00574022541997	0.00244704956778	-0.00178234212006	-0.00143072033563	-0.00502075208375	0.000143730074385	0.00128816627842
32350	G210	G21.0 Malignant neuroleptic syndrome	32340	4	60	Chapter VI	Y	Y	-0.000138039612182	0.00335635742165	-0.0066826658556	-0.00582639087284	0.00258460568466	-0.00192447558808	-0.00159314923281	-0.0052085214673	0.000122887261055	0.00118474273833
32360	G211	G21.1 Other drug-induced secondary Parkinsonism	32340	4	60	Chapter VI	Y	Y	-0.000163351309913	0.00330853530583	-0.00671172250099	-0.00585675155056	0.00248857335242	-0.00183346802024	-0.0014880843877	-0.00512184850082	0.000120585801722	0.00128520037322
32370	G212	G21.2 Secondary Parkinsonism due to other external agents	32340	4	60	Chapter VI	Y	Y	-0.000196231193771	0.00337792900932	-0.00706904875917	-0.0061601039018	0.00259121011086	-0.00187586417446	-0.00148851014316	-0.00538385762926	0.000146391378777	0.00138520368959
32380	G213	G21.3 Postencephalitic Parkinsonism	32340	4	60	Chapter VI	Y	Y	-0.000241711613197	0.00336942088331	-0.00671563876081	-0.00593513429825	0.00249266855286	-0.00185046076195	-0.00155165667897	-0.00515315990093	0.000110211816631	0.00127857858213
32390	G214	G21.4 Vascular parkinsonism	32340	4	60	Chapter VI	Y	Y	-0.000105199986356	0.00330471924236	-0.00675202893152	-0.00587354887652	0.00252051004406	-0.00180020072401	-0.00147438764084	-0.00512553454737	0.000164222596811	0.00128194808487
32400	G218	G21.8 Other secondary Parkinsonism	32340	4	60	Chapter VI	Y	Y	-0.000135273419309	0.0033164767955	-0.00674381635656	-0.00584178907442	0.00252328636362	-0.00186092434062	-0.00152010000174	-0.00519717960107	0.000138344104304	0.00124145602556
32410	G219	G21.9 Secondary Parkinsonism, unspecified	32340	4	60	Chapter VI	Y	Y	2.9312621907e-05	0.00332341286592	-0.00671416523143	-0.00573158118056	0.00260124701988	-0.00186303306507	-0.00152261348659	-0.00514040837577	0.000158265561881	0.00121631030057
32420	G22	G22 Parkinsonism in diseases classified elsewhere	890	3	60	Chapter VI	Y	Y	-0.00140800586534	0.00275482810744	-0.00171598084082	-0.00403231159479	0.000922229683258	-0.00244366425157	-0.00207576998045	-0.00385066799421	-0.000863726359617	0.00102905374708
32430	G23	G23 Other degenerative diseases of basal ganglia	890	3	60	Chapter VI	Y	Y	0.000774902646395	0.00374237256501	-0.00413502164044	-0.0054654652024	0.00507585048623	-0.00193735856323	-0.00292682813329	-0.0057969585772	-0.000561683540796	-0.000707815206964
32440	G230	G23.0 Hallervorden-Spatz disease	32430	4	60	Chapter VI	Y	Y	0.000782501216234	0.00369993923286	-0.00416205386104	-0.00542674622195	0.00504079570058	-0.00192669498137	-0.00287600909805	-0.00576355514911	-0.000615552124262	-0.000668569329121
32450	G231	G23.1 Progressive supranuclear ophthalmoplegia [Steele-Richardson-Olszewski]	32430	4	60	Chapter VI	Y	Y	0.000807836019204	0.00382618205139	-0.00402286593093	-0.00543149105775	0.00527713392483	-0.00182624355828	-0.00297039916414	-0.00582522172133	-0.00046208929934	-0.000841225632401
32460	G232	G23.2 Striatonigral degeneration	32430	4	60	Chapter VI	Y	Y	0.000774619191136	0.00382278387848	-0.00406967031037	-0.00545172287232	0.00511040497946	-0.00185511867172	-0.00291989338254	-0.00580317534577	-0.000542974678428	-0.000782463195195
32470	G233	G23.3 Multiple system atrophy, cerebellar type	32430	4	60	Chapter VI	Y	Y	0.000793076375684	0.00382079963926	-0.00411752956701	-0.00546647236529	0.00515952579359	-0.00198959018607	-0.00291141183923	-0.00583590388122	-0.000589126558854	-0.000737017119427
32480	G238	G23.8 Other specified degenerative diseases of basal ganglia	32430	4	60	Chapter VI	Y	Y	0.000849703774481	0.00379544276454	-0.00423890804946	-0.0055521886835	0.00518410712919	-0.00197354460869	-0.00294553547607	-0.0058666570766	-0.000576566758594	-0.000718269096792
32490	G239	G23.9 Degenerative disease of basal ganglia, unspecified	32430	4	60	Chapter VI	Y	Y	0.000766949489881	0.00363087394915	-0.00403831998183	-0.00533787356236	0.00492753933179	-0.00188533945859	-0.00283786993186	-0.00565779739526	-0.000540960188415	-0.0006577174999
32500	G24	G24 Dystonia	890	3	60	Chapter VI	Y	Y	-0.00371212207113	0.000805416813995	-0.00144574290603	-0.00366099884434	-0.00123351009037	-0.00459513734866	0.000684104351946	-0.00713207627046	-0.00383753601486	-0.00299854623565
32510	G240	G24.0 Drug-induced dystonia	32500	4	60	Chapter VI	Y	Y	-0.00361305167524	0.000867643126125	-0.0015139476839	-0.00369777586931	-0.0012270248219	-0.00476601884265	0.000695131972114	-0.00730344651213	-0.00383086093926	-0.00300917100419
32520	G241	G24.1 Idiopathic familial dystonia	32500	4	60	Chapter VI	Y	Y	-0.0038387265563	0.000764480070053	-0.00145907956903	-0.00370299518268	-0.00124038168604	-0.00464294813683	0.000685963543594	-0.00718778054226	-0.00390369271983	-0.0030692784661
32530	G242	G24.2 Idiopathic nonfamilial dystonia	32500	4	60	Chapter VI	Y	Y	-0.00374676324418	0.000832627459426	-0.00148171999683	-0.00373553069764	-0.00124680332881	-0.0046594019862	0.000656735092968	-0.00721618724648	-0.00386956314757	-0.00301350560614
32540	G243	G24.3 Spasmodic torticollis	32500	4	60	Chapter VI	Y	Y	-0.00379828284523	0.000747140162668	-0.00142262639163	-0.00362712703091	-0.00130559104746	-0.00463580985181	0.000759758093726	-0.00717380162746	-0.00389853804051	-0.0031535593096
32550	G244	G24.4 Idiopathic orofacial dystonia	32500	4	60	Chapter VI	Y	Y	-0.00363624234905	0.000868827642272	-0.00150024844449	-0.00372158989173	-0.00120399777793	-0.00477332231396	0.00069240324163	-0.00732422385638	-0.00381383393219	-0.00299920542877
32560	G245	G24.5 Blepharospasm	32500	4	60	Chapter VI	Y	Y	-0.0036196607437	0.000891342050091	-0.0015156971763	-0.00370902827824	-0.00119438648271	-0.0048048244921	0.000714864495567	-0.00736086917081	-0.00383045577962	-0.00300402640483
32570	G248	G24.8 Other dystonia	32500	4	60	Chapter VI	Y	Y	-0.00378386193882	0.00082584510672	-0.00147649060257	-0.00364477107203	-0.00124491006305	-0.00473591212847	0.000815160622491	-0.00731889671609	-0.00393209874064	-0.00314248326015
32580	G249	G24.9 Dystonia, unspecified	32500	4	60	Chapter VI	Y	Y	-0.00375348867995	0.000839889188122	-0.00145771219113	-0.0036374986729	-0.00130765968681	-0.00465993512067	0.000719062708443	-0.00719558385357	-0.00387168869296	-0.00309490463894
32590	G25	G25 Other extrapyramidal and movement disorders	890	3	60	Chapter VI	Y	Y	-0.00223751488283	0.00495572387152	0.000985917736699	-0.00423060880561	-0.00268421681957	-0.00604635703496	-0.00484451756265	-0.000951709711308	0.00308567977958	-0.000632420060982
32600	G250	G25.0 Essential tremor	32590	4	60	Chapter VI	Y	Y	-0.00222385225572	0.00508955593372	0.00115943025021	-0.00423188902956	-0.00270574079605	-0.00625787819601	-0.00503961831112	-0.000845161345008	0.00324752578059	-0.000662796854441
32610	G251	G25.1 Drug-induced tremor	32590	4	60	Chapter VI	Y	Y	-0.00219692975408	0.00507241927955	0.00108110198555	-0.00424321313601	-0.00281769659381	-0.00626601229708	-0.00496511278581	-0.000786917653343	0.00332971541939	-0.000815394238315
32620	G252	G25.2 Other specified forms of tremor	32590	4	60	Chapter VI	Y	Y	-0.00233405336207	0.00510821711095	0.00109377674712	-0.00432153344745	-0.00290628735678	-0.00631307864953	-0.00507180886496	-0.000843570408272	0.00327824063556	-0.000696791328056
32630	G253	G25.3 Myoclonus	32590	4	60	Chapter VI	Y	Y	-0.00225183593134	0.00507298782813	0.00116181071299	-0.00414989080813	-0.00286031726671	-0.00620261790736	-0.00491569249173	-0.000761098899128	0.00326039924744	-0.000701627874131
32640	G254	G25.4 Drug-induced chorea	32590	4	60	Chapter VI	Y	Y	-0.00216263681794	0.0050521649181	0.00101932034188	-0.00427399100261	-0.00275860717215	-0.00620244160358	-0.00491225610016	-0.000827199886027	0.0032674953739	-0.000802666716808
32650	G255	G25.5 Other chorea	32590	4	60	Chapter VI	Y	Y	-0.00229617383478	0.00502726557471	0.00115046624914	-0.00414973286739	-0.00290535707571	-0.00615067861475	-0.00481667052631	-0.000754440151034	0.00319839198742	-0.000710057671977
32660	G256	G25.6 Drug-induced tics and other tics of organic origin	32590	4	60	Chapter VI	Y	Y	-0.00235012544602	0.00520541125732	0.00114137162605	-0.00425625482312	-0.00287119064783	-0.00620665027287	-0.0049215329599	-0.000946791362423	0.00333016948252	-0.000658697566454
32670	G258	G25.8 Other specified extrapyramidal and movement disorders	32590	4	60	Chapter VI	Y	Y	-0.00227820389812	0.00513069939755	0.00121347049394	-0.00421884036233	-0.00285721894306	-0.00638591069623	-0.00518749713203	-0.00065743327171	0.00333779060321	-0.000704553010021
32680	G259	G25.9 Extrapyramidal and movement disorder, unspecified	32590	4	60	Chapter VI	Y	Y	-0.00234909502328	0.00520801395632	0.00110787203745	-0.00428918870821	-0.00286459159504	-0.00626720039395	-0.00498721878596	-0.00093891877985	0.00330526389068	-0.00065975043887
32690	G26	G26 Extrapyramidal and movement disorders in diseases classified elsewhere	890	3	60	Chapter VI	Y	Y	-0.00140569751512	0.00270783806809	-0.00165993954012	-0.00397650224326	0.000898481643857	-0.00240912355869	-0.00198967280409	-0.0038410813042	-0.000955096236159	0.0010555859223
32700	G30	G30 Alzheimer's disease	900	3	60	Chapter VI	Y	Y	0.00190155083538	0.000659670457192	0.0010677672846	-0.00480371480444	0.00258900544901	-0.00722638700199	-0.000754978257595	-0.00458825184831	-0.00427982065017	0.00220892358031
32710	G300	G30.0 Alzheimer's disease with early onset	32700	4	60	Chapter VI	Y	Y	0.00186361063818	0.000677439216935	0.00108764380754	-0.00480903098474	0.00264613932555	-0.0072677921897	-0.000754763038159	-0.0046672735695	-0.00440414030259	0.00218543132097
32720	G301	G30.1 Alzheimer's disease with late onset	32700	4	60	Chapter VI	Y	Y	0.00187920620525	0.000671032995977	0.00111635324654	-0.00482741544232	0.00270753322061	-0.00730529410201	-0.000708268442135	-0.00466083913914	-0.00446464941413	0.00212968928499
32730	G308	G30.8 Other Alzheimer's disease	32700	4	60	Chapter VI	Y	Y	0.00180619169968	0.000705773503561	0.00112917798685	-0.00479904403244	0.00267223866857	-0.00724670609089	-0.000759287292301	-0.0046614934392	-0.00439144389971	0.00216151387799
32740	G309	G30.9 Alzheimer's disease, unspecified	32700	4	60	Chapter VI	Y	Y	0.00186345970787	0.000719088907568	0.00108217521422	-0.00479529911695	0.00267098198581	-0.00726116205237	-0.00075837759158	-0.00467470740566	-0.00445056264653	0.00215185640686
32750	G31	G31 Other degenerative diseases of nervous system, not elsewhere classified	900	3	60	Chapter VI	Y	Y	-0.00759860009964	0.00208722207627	0.00034127784022	-0.00690453702633	0.000658638902252	0.00223372696204	-0.000941204594481	-0.00210086248341	0.000726743073247	0.00260000233773
32760	G310	G31.0 Circumscribed brain atrophy	32750	4	60	Chapter VI	Y	Y	-0.00757141122625	0.00211886253415	0.000323596230903	-0.00697707436738	0.000662122849782	0.00220293412744	-0.000883205135254	-0.00213022927463	0.000778927757196	0.00261987160211
32770	G311	G31.1 Senile degeneration of brain, not elsewhere classified	32750	4	60	Chapter VI	Y	Y	-0.00750401486493	0.00214065837777	0.00032084907234	-0.00698572437072	0.00068601647074	0.00218433910489	-0.000891042330336	-0.00215333985201	0.000747922658934	0.00263552933571
32780	G312	G31.2 Degeneration of nervous system due to alcohol	32750	4	60	Chapter VI	Y	Y	-0.00748529760335	0.00212547364974	0.000309947515613	-0.00697262693831	0.000676804909103	0.00202323867047	-0.000943127156636	-0.00221949061936	0.000692400667348	0.00264743272488
32790	G318	G31.8 Other specified degenerative diseases of nervous system	32750	4	60	Chapter VI	Y	Y	-0.00757429215419	0.00212324462587	0.000354950469124	-0.00694201275872	0.000622549412907	0.0020774784753	-0.00101621017454	-0.00217755487856	0.00062180702148	0.00262738115865
32800	G319	G31.9 Degenerative disease of nervous system, unspecified	32750	4	60	Chapter VI	Y	Y	-0.0075105732056	0.00220422708486	0.000306593530068	-0.0070304238939	0.000690441646983	0.00206088370472	-0.000898257055569	-0.00225168019728	0.000752916028438	0.00264357838103
32810	G32	G32 Other degenerative disorders of nervous system in diseases classified elsewhere	900	3	60	Chapter VI	Y	Y	-0.00365962835342	0.000950496275255	0.00221288255382	-0.000810512606909	0.000609381840525	-0.00623633955401	-0.00292865943327	-0.00457571066414	-0.00410272295317	0.00467867288325
32820	G320	G32.0 Subacute combined degeneration of spinal cord in diseases classified elsewhere	32810	4	60	Chapter VI	Y	Y	-0.00369677808541	0.000881365557767	0.00229825196581	-0.000700163180456	0.000605949391339	-0.00640826810389	-0.00300834838224	-0.00464688196865	-0.0042341807026	0.00481626007271
32830	G328	G32.8 Other specified degenerative disorders of nervous system in diseases classified elsewhere	32810	4	60	Chapter VI	Y	Y	-0.00360925722072	0.000920127199986	0.00230218407101	-0.000815358717666	0.000630220316242	-0.00653653729737	-0.00309794318275	-0.00472899898938	-0.00428977284721	0.00481862885315
32840	G35	G35 Multiple sclerosis	910	3	60	Chapter VI	Y	Y	-0.00201227898494	0.00182079570454	-0.000335495135867	-0.00324569319269	0.000515251939873	-0.00212591829055	-0.00182816137759	-0.00336093888888	-0.000895275958957	0.00137466123872
32850	G36	G36 Other acute disseminated demyelination	910	3	60	Chapter VI	Y	Y	-0.00383899156668	-0.00242274913314	0.00261719304407	-0.00515346134278	0.000518744655539	-0.0022105685431	-0.000530868905928	-0.00738931276334	-0.000176490170772	0.00422923618032
32860	G360	G36.0 Neuromyelitis optica [Devic]	32850	4	60	Chapter VI	Y	Y	-0.00397047512351	-0.00249858904089	0.00260571030062	-0.00518764428108	0.000569354386992	-0.00216313447481	-0.00051905951897	-0.00747337883932	-0.000146571439544	0.00430220885779
32870	G361	G36.1 Acute and subacute haemorrhagic leukoencephalitis [Hurst]	32850	4	60	Chapter VI	Y	Y	-0.00393478047508	-0.0024192124752	0.00249850888939	-0.00511036769384	0.000542837920194	-0.00209805765479	-0.000559756076248	-0.00734980244524	-0.000191022817767	0.00425268908089
32880	G368	G36.8 Other specified acute disseminated demyelination	32850	4	60	Chapter VI	Y	Y	-0.00385514432181	-0.00253865560094	0.00280823348917	-0.00528068060913	0.00058732913626	-0.00228700978809	-0.000504083583393	-0.00761334035264	-0.000103794722323	0.00433266299461
32890	G369	G36.9 Acute disseminated demyelination, unspecified	32850	4	60	Chapter VI	Y	Y	-0.00411978643876	-0.00259540410867	0.00266003010826	-0.00516570395435	0.000633484589246	-0.00208284749071	-0.000468059933765	-0.00749118197843	-8.93531117488e-05	0.00436351063312
32900	G37	G37 Other demyelinating diseases of central nervous system	910	3	60	Chapter VI	Y	Y	-0.000827908902815	0.00380907560088	0.00119290870316	-0.00602123904715	-0.00231371650295	-0.00467269478481	-0.00535404281584	0.000881781503377	-0.0023477669613	-0.0015846646877
32910	G370	G37.0 Diffuse sclerosis	32900	4	60	Chapter VI	Y	Y	-0.000866909119221	0.00367206268908	0.00138892036756	-0.00593618531668	-0.00248285086098	-0.00501908583099	-0.00559457164816	0.00119340413877	-0.00254083923495	-0.00170659822617
32920	G371	G37.1 Central demyelination of corpus callosum	32900	4	60	Chapter VI	Y	Y	-0.000849904541259	0.00389265284298	0.00125661738411	-0.00604792951183	-0.00234625300566	-0.00480541232513	-0.00550722750481	0.000951163330779	-0.00240435827631	-0.00164121223484
32930	G372	G37.2 Central pontine myelinolysis	32900	4	60	Chapter VI	Y	Y	-0.000775066459186	0.00407005415264	0.00122541323663	-0.00618141005341	-0.00233916815085	-0.00471007535924	-0.00550604834554	0.000916009590771	-0.00235323354489	-0.00178369089848
32940	G373	G37.3 Acute transverse myelitis in demyelinating disease of central nervous system	32900	4	60	Chapter VI	Y	Y	-0.000796475160135	0.00408130352431	0.00122563081925	-0.00620599115185	-0.00237251894269	-0.00478214557363	-0.00554233416487	0.000902980608598	-0.00241308148451	-0.0017494403815
32950	G374	G37.4 Subacute necrotising myelitis	32900	4	60	Chapter VI	Y	Y	-0.000827231862702	0.00407908626567	0.00124161555205	-0.00619537391299	-0.00236768979158	-0.00479532464897	-0.00556655073269	0.000897171117231	-0.00243381648656	-0.00174148435243
32960	G375	G37.5 Concentric sclerosis [Balo]	32900	4	60	Chapter VI	Y	Y	-0.000931742463631	0.00394759209882	0.00127570177873	-0.00613405823701	-0.00238728000608	-0.00483022205276	-0.00549506964789	0.000878252722184	-0.00241919454204	-0.00160521964692
32970	G378	G37.8 Other specified demyelinating diseases of central nervous system	32900	4	60	Chapter VI	Y	Y	-0.000876823811835	0.00384333503352	0.00128077009555	-0.0061155593949	-0.00239425240052	-0.00489033766177	-0.00553189544738	0.000978357193124	-0.00244557081025	-0.0016167212792
32980	G379	G37.9 Demyelinating disease of central nervous system, unspecified	32900	4	60	Chapter VI	Y	Y	-0.000832818910542	0.00404309144027	0.00125572642458	-0.00620678542817	-0.00237651537557	-0.00483014373758	-0.00559200607426	0.000912876543496	-0.0024470260793	-0.0017238369738
32990	G40	G40 Epilepsy	920	3	60	Chapter VI	Y	Y	-0.00110399702625	-0.00264490669506	-0.0020735248538	-0.00576362731246	0.000633696406166	-0.00693874772157	-0.00134041868388	-0.00322197461858	-0.00398143446945	0.00125900230858
33000	G400	G40.0 Localisation-related (focal) (partial) idiopathic epilepsy and epileptic syndromes with seizures of localised onset	32990	4	60	Chapter VI	Y	Y	-0.00107531835396	-0.00273262126467	-0.00211154386031	-0.00592600451513	0.000619450796267	-0.00721692291577	-0.00136543386945	-0.00323315455761	-0.00406333975566	0.00129256635238
33010	G401	G40.1 Localisation-related (focal) (partial) symptomatic epilepsy and epileptic syndromes with simple partial seizures	32990	4	60	Chapter VI	Y	Y	-0.00100020918506	-0.00277378607307	-0.00220821407142	-0.00600508348311	0.000470966727365	-0.00713775927276	-0.00146073606194	-0.00325170991438	-0.00413055832369	0.00143564768254
33020	G402	G40.2 Localisation-related (focal) (partial) symptomatic epilepsy and epileptic syndromes with complex partial seizures	32990	4	60	Chapter VI	Y	Y	-0.00103868853503	-0.00275871163956	-0.00210788931919	-0.00591445040053	0.000566884220826	-0.00714788356812	-0.00138534185245	-0.00325663460661	-0.00407552186157	0.00135454765139
33030	G403	G40.3 Generalised idiopathic epilepsy and epileptic syndromes	32990	4	60	Chapter VI	Y	Y	-0.00102733150944	-0.00271944038871	-0.0020958587601	-0.00586456082898	0.000550187426242	-0.00707012047789	-0.00135554024742	-0.00326102602129	-0.0040457986301	0.00134424725365
33040	G404	G40.4 Other generalised epilepsy and epileptic syndromes	32990	4	60	Chapter VI	Y	Y	-0.000711540287777	-0.00345636296477	-0.00277303735144	-0.00617432796662	7.31052187007e-05	-0.00720492183979	-0.00156708758438	-0.00284637274615	-0.00481346651821	0.00154456952537
33050	G405	G40.5 Special epileptic syndromes	32990	4	60	Chapter VI	Y	Y	-0.00104590908237	-0.00280065824942	-0.00231759740962	-0.00596022021643	0.000477197903033	-0.00710548817067	-0.00146859717485	-0.00324033666891	-0.00420190076353	0.00132811423185
33060	G406	G40.6 Grand mal seizures, unspecified (with or without petit mal)	32990	4	60	Chapter VI	Y	Y	-0.000900805443777	-0.00281706930171	-0.00215257137775	-0.00595362984089	0.000455259431454	-0.0071995645565	-0.00142432398228	-0.00315676411899	-0.00413067539906	0.00141669903474
33070	G407	G40.7 Petit mal, unspecified, without grand mal seizures	32990	4	60	Chapter VI	Y	Y	-0.000952270523403	-0.00278403504741	-0.00224865045695	-0.00596840454912	0.000440105915967	-0.00711087865027	-0.00145559131525	-0.00320787714289	-0.00417809186555	0.00141289806571
33080	G408	G40.8 Other epilepsy	32990	4	60	Chapter VI	Y	Y	-0.00260742769497	-0.00244439059214	-0.00344133367959	-0.00538091909518	0.00098797155856	-0.00644899381786	-0.00142230318189	-0.00345175788427	-0.00455837472864	-0.000109738147455
33090	G409	G40.9 Epilepsy, unspecified	32990	4	60	Chapter VI	Y	Y	-0.00093571622347	-0.00278278887904	-0.00212833995724	-0.00594075033814	0.000497489151198	-0.00716538629387	-0.00139814906381	-0.00316495468889	-0.00411282773725	0.00136820244495
33100	G41	G41 Status epilepticus	920	3	60	Chapter VI	Y	Y	-0.00169882023824	-0.00146037790724	-1.21026065563e-06	-0.00625476983633	0.000376597385035	-0.00459471125139	-0.00406292657974	-0.00681984504577	0.00136995350153	-0.00147217440924
33110	G410	G41.0 Grand mal status epilepticus	33100	4	60	Chapter VI	Y	Y	-0.00171900688832	-0.00142428261327	-1.31115507243e-05	-0.00638244723969	0.000516241400325	-0.00465554844866	-0.00414000709519	-0.00691359324437	0.00138289815314	-0.00154252099922
33120	G411	G41.1 Petit mal status epilepticus	33100	4	60	Chapter VI	Y	Y	-0.00169378970241	-0.00140892630547	-4.10399880878e-05	-0.00622002052646	0.000408065086096	-0.00455821737149	-0.00402923481306	-0.00672160115422	0.0013361094137	-0.00138208935298
33130	G412	G41.2 Complex partial status epilepticus	33100	4	60	Chapter VI	Y	Y	-0.00170719461231	-0.00140225317866	-3.31245541857e-05	-0.00628552788285	0.000437314929877	-0.00460216781257	-0.00408390624353	-0.00677804427656	0.00136177755209	-0.00140541650179
33140	G418	G41.8 Other status epilepticus	33100	4	60	Chapter VI	Y	Y	-0.00165981244775	-0.00150578934251	5.90847053513e-05	-0.00646231412997	0.000450844370283	-0.00461713146594	-0.00418787433533	-0.00700772170251	0.00138975005757	-0.00155225949784
33150	G419	G41.9 Status epilepticus, unspecified	33100	4	60	Chapter VI	Y	Y	-0.00168319333869	-0.00141152095118	6.19117868887e-06	-0.00644053763251	0.000514269077867	-0.00465362988024	-0.0041655675618	-0.00692882862095	0.0013648670534	-0.00152297696649
33160	G43	G43 Migraine	920	3	60	Chapter VI	Y	Y	-0.000830552779716	7.24912565009e-05	-0.00082306236415	-0.00657402859464	-0.000810670619955	-0.0038225085922	-0.0042386447126	-0.00331278696322	0.00081346915742	0.0063957421168
33170	G430	G43.0 Migraine without aura [common migraine]	33160	4	60	Chapter VI	Y	Y	-0.000812511375822	-6.5626631138e-05	-0.000834950001074	-0.00663414441486	-0.000841006951112	-0.003812709263	-0.00418073168031	-0.00327640558891	0.000851847399209	0.00636939491575
33180	G431	G43.1 Migraine with aura [classical migraine]	33160	4	60	Chapter VI	Y	Y	-0.000819531016574	4.05386705649e-05	-0.00083246728217	-0.00654490822279	-0.000848386716439	-0.00377909848364	-0.00426545435171	-0.00329319732874	0.000811292574978	0.00652307943484
33190	G432	G43.2 Status migrainosus	33160	4	60	Chapter VI	Y	Y	-0.000781838920747	-0.000202701443063	-0.000854436920129	-0.00674271961191	-0.000920920719254	-0.00384291538932	-0.00430414471574	-0.0032512878271	0.000919319665032	0.00660388184701
33200	G433	G43.3 Complicated migraine	33160	4	60	Chapter VI	Y	Y	-0.000798664042953	-4.38586148698e-05	-0.000841645707443	-0.00676867437135	-0.000887230748263	-0.00389976622635	-0.00436726264214	-0.00333681978374	0.000887789663259	0.00664716791077
33210	G438	G43.8 Other migraine	33160	4	60	Chapter VI	Y	Y	-0.00081083492075	-9.59931813297e-05	-0.000836209096514	-0.00660662181879	-0.000848859828855	-0.00378877339098	-0.00422607445278	-0.00325255406247	0.000866484754118	0.00639027574206
33220	G439	G43.9 Migraine, unspecified	33160	4	60	Chapter VI	Y	Y	-0.000769117984811	-0.000237618404221	-0.000817117221264	-0.00677773610086	-0.000933692216207	-0.00386751666145	-0.0043315007669	-0.00324230627114	0.000965909544292	0.00661298023643
33230	G44	G44 Other headache syndromes	920	3	60	Chapter VI	Y	Y	0.00188039427533	0.00375395893004	0.00304515674521	-0.00500137946898	0.00296190838075	-0.00423343602547	-0.00498793148636	-0.00500870105612	0.000930522062253	0.00439602789038
33240	G440	G44.0 Cluster headache syndrome	33230	4	60	Chapter VI	Y	Y	0.00176720388673	0.00359313210749	0.00267294298227	-0.00482336110644	0.00280676033266	-0.00424449294094	-0.00480017021037	-0.00488769143358	0.000734989982446	0.0041155144631
33250	G441	G44.1 Vascular headache, not elsewhere classified	33230	4	60	Chapter VI	Y	Y	0.00173378099715	0.00331066575455	0.00246699306328	-0.00482387025365	0.002941831734	-0.00443406330777	-0.00467018156379	-0.00485592293811	0.000613353803086	0.00413938059641
33260	G442	G44.2 Tension-type headache	33230	4	60	Chapter VI	Y	Y	0.00183406710733	0.00345328099584	0.00264021007505	-0.00492047549548	0.00290544104939	-0.00440708835354	-0.00477855870766	-0.00493470070784	0.000708143128143	0.00424373150168
33270	G443	G44.3 Chronic posttraumatic headache	33230	4	60	Chapter VI	Y	Y	0.00177563308609	0.00334184013115	0.00270880023808	-0.00473900103586	0.00289247339231	-0.00425242712814	-0.00462107199	-0.00472295938437	0.000787167101627	0.00416096501345
33280	G444	G44.4 Drug-induced headache, not elsewhere classified	33230	4	60	Chapter VI	Y	Y	0.00174413029143	0.00343835691831	0.00253057725776	-0.00487529643368	0.0028338160792	-0.00434189527973	-0.00473588800172	-0.00491884239751	0.000671992546398	0.00415441012265
33290	G448	G44.8 Other specified headache syndromes	33230	4	60	Chapter VI	Y	Y	0.00181869484317	0.00324995639165	0.00236969218652	-0.00472058893855	0.00290515737134	-0.0044715974958	-0.00463034434781	-0.00483913728541	0.000610667621304	0.00401386149392
33300	G45	G45 Transient cerebral ischaemic attacks and related syndromes	920	3	60	Chapter VI	Y	Y	-0.00149815111141	-0.00135270868389	-0.00119064329282	-0.00651734893126	0.0047740267884	-0.00327509293161	-0.00255458499159	-0.00600823896528	0.000844495674156	0.000533835750665
33310	G450	G45.0 Vertebro-basilar artery syndrome	33300	4	60	Chapter VI	Y	Y	-0.00149719053207	-0.00139450089041	-0.00123136826644	-0.00667171379185	0.00488425070257	-0.00335001101668	-0.00262506721569	-0.00622835244487	0.000848387184606	0.000476115339897
33320	G451	G45.1 Carotid artery syndrome (hemispheric)	33300	4	60	Chapter VI	Y	Y	-0.00156679051486	-0.00146667977718	-0.00128676976465	-0.00668509906632	0.00498676059099	-0.00350133468725	-0.0025556980052	-0.00627907738554	0.000857758538672	0.000326461197445
33330	G452	G45.2 Multiple and bilateral precerebral artery syndromes	33300	4	60	Chapter VI	Y	Y	-0.00148937732754	-0.00145162491269	-0.00128715828522	-0.00671400906734	0.00498976089387	-0.00338300437092	-0.00260665504982	-0.00622937028558	0.000919602850762	0.000476592523211
33340	G453	G45.3 Amaurosis fugax	33300	4	60	Chapter VI	Y	Y	-0.00154310118413	-0.00144943262754	-0.00129784154935	-0.00669352799117	0.0049922968695	-0.00351495347727	-0.00256166331052	-0.00628051274639	0.000843284273447	0.000325378088047
33350	G454	G45.4 Transient global amnesia	33300	4	60	Chapter VI	Y	Y	-0.00148802873853	-0.00142386500127	-0.00126110545449	-0.00668684414768	0.00491538557833	-0.00335761062253	-0.00258780860807	-0.00617359373363	0.000887822591467	0.000492070127499
33360	G458	G45.8 Other transient cerebral ischaemic attacks and related syndromes	33300	4	60	Chapter VI	Y	Y	-0.00148612494086	-0.00141443753309	-0.00125493752915	-0.006676671363	0.00493289293566	-0.0033675344177	-0.00260130653316	-0.00621130264323	0.000880775513214	0.000469891597063
33370	G459	G45.9 Transient cerebral ischaemic attack, unspecified	33300	4	60	Chapter VI	Y	Y	-0.00153214439045	-0.00134484811581	-0.00118067192586	-0.00662704533725	0.00491105481398	-0.00334649648991	-0.00253381797441	-0.00606911856946	0.00094794495472	0.000543742355423
33380	G46	G46 Vascular syndromes of brain in cerebrovascular diseases	920	3	60	Chapter VI	Y	Y	-0.00520312545919	0.00626224095061	-0.00138693490953	-0.00413569378993	-0.00199548839038	-0.000880814827904	-0.00153940744912	-0.00105729031941	0.000934105347569	0.00563946822912
33390	G460	G46.0 Middle cerebral artery syndrome	33380	4	60	Chapter VI	Y	Y	-0.00522599663252	0.00636673669541	-0.00140044675856	-0.00432906513172	-0.00203352369923	-0.000941386298619	-0.00161494854576	-0.00106421589443	0.000956129897199	0.00569187335295
33400	G461	G46.1 Anterior cerebral artery syndrome	33380	4	60	Chapter VI	Y	Y	-0.00521017818094	0.0063499938246	-0.00140658242597	-0.00427993164457	-0.00204980028747	-0.000909027503698	-0.00155749780796	-0.00101185168486	0.000966499678545	0.00565133761884
33410	G462	G46.2 Posterior cerebral artery syndrome	33380	4	60	Chapter VI	Y	Y	-0.00519618417101	0.00635291933839	-0.00138116238577	-0.0042489740304	-0.00203081247828	-0.000871233737909	-0.00156706114506	-0.00105969959436	0.000938327963009	0.00567782665943
33420	G463	G46.3 Brain stem stroke syndrome	33380	4	60	Chapter VI	Y	Y	-0.00523616639049	0.00639896854748	-0.00142180212182	-0.0042696500929	-0.00208411803535	-0.000918574914519	-0.00157125500797	-0.00101961508056	0.000973794224478	0.00568013735919
33430	G464	G46.4 Cerebellar stroke syndrome	33380	4	60	Chapter VI	Y	Y	-0.00515901500305	0.00630956478318	-0.0013937186147	-0.00427151103614	-0.00207009370401	-0.000901345449351	-0.00150226979957	-0.000992330598426	0.000975559802991	0.00564187237528
33440	G465	G46.5 Pure motor lacunar syndrome	33380	4	60	Chapter VI	Y	Y	-0.0054038278842	0.00644736695085	-0.00148852136061	-0.00409121500765	-0.00223183841717	-0.000878055758689	-0.00157626587264	-0.000881575701312	0.0011304473602	0.00584720120575
33450	G466	G46.6 Pure sensory lacunar syndrome	33380	4	60	Chapter VI	Y	Y	-0.0052846748199	0.00649894924527	-0.00146490481639	-0.00429776499317	-0.00218233782416	-0.000938832274351	-0.00156895157747	-0.00108517599321	0.00097276352054	0.0057366281783
33460	G467	G46.7 Other lacunar syndromes	33380	4	60	Chapter VI	Y	Y	-0.005321650057	0.00656989727659	-0.00152436944771	-0.00427957250825	-0.00215336540169	-0.00102330782989	-0.0017337418213	-0.00107344275307	0.00106492816166	0.00579208107905
33470	G468	G46.8 Other vascular syndromes of brain in cerebrovascular diseases	33380	4	60	Chapter VI	Y	Y	-0.00506318977823	0.00619502586487	-0.00136951050197	-0.0042560971642	-0.00201844785494	-0.000907616574242	-0.00149071651801	-0.00110640013156	0.000921069361786	0.00546878212589
33480	G47	G47 Sleep disorders	920	3	60	Chapter VI	Y	Y	-0.000259205447729	0.00115640797861	0.00246094023745	-0.0075848668903	0.000502894525505	-0.00406074869778	-0.0015934642597	-0.00400572634016	0.00196914007357	0.00539420000286
33490	G470	G47.0 Disorders of initiating and maintaining sleep [insomnias]	33480	4	60	Chapter VI	Y	Y	-0.000123187713507	0.00105099989232	0.00261702094739	-0.00759141957481	0.000409042351712	-0.00401546259755	-0.00149756290243	-0.00390284481821	0.00217470574223	0.00558852889704
33500	G471	G47.1 Disorders of excessive somnolence [hypersomnias]	33480	4	60	Chapter VI	Y	Y	-9.6671279404e-05	0.00105260715534	0.00267012389096	-0.00766175400679	0.000431158349574	-0.0040455880992	-0.00152016665597	-0.00390829667157	0.00219107521265	0.00562685778928
33510	G472	G47.2 Disorders of the sleep-wake schedule	33480	4	60	Chapter VI	Y	Y	-0.00015909691867	0.00107449267435	0.00259865818925	-0.00764231326373	0.000446026776579	-0.0040519799456	-0.00152509862004	-0.00396065879816	0.00213486839034	0.00556229385425
33520	G473	G47.3 Sleep apnoea	33480	4	60	Chapter VI	Y	Y	4.86316276749e-06	0.00093593708761	0.00279938098219	-0.00744784150256	0.000313026154679	-0.00385919066991	-0.00139031814475	-0.00369352546852	0.00237704306132	0.00564570438479
33530	G474	G47.4 Narcolepsy and cataplexy	33480	4	60	Chapter VI	Y	Y	-0.000125249202098	0.00106173540386	0.00266376921487	-0.00768928077839	0.000428011060718	-0.00406373782171	-0.00152286137847	-0.00393372674171	0.00217643960236	0.00559563944056
33540	G478	G47.8 Other sleep disorders	33480	4	60	Chapter VI	Y	Y	-0.000144865727197	0.00099373629338	0.00266823073919	-0.00754097592695	0.000391864729306	-0.00397271413356	-0.00144789369105	-0.00389305971469	0.00226560634178	0.00564329866957
33550	G479	G47.9 Sleep disorder, unspecified	33480	4	60	Chapter VI	Y	Y	-0.000130613586348	0.00106365229312	0.00261901460115	-0.00765109968167	0.000435861026025	-0.0040435584341	-0.00153360011953	-0.00393966136654	0.0021480905677	0.00557131686602
33560	G50	G50 Disorders of trigeminal nerve	930	3	60	Chapter VI	Y	Y	-0.0027046853382	0.00473631803906	-0.00249876196965	-0.00607409247148	-0.00166331185613	-0.00425579531431	-0.00134307673112	-0.000260383448717	-0.00481677977373	0.00252200869787
33570	G500	G50.0 Trigeminal neuralgia	33560	4	60	Chapter VI	Y	Y	-0.00265463033813	0.00495873004245	-0.00260695292303	-0.00622398359435	-0.00168588947749	-0.00433542089849	-0.00143444764814	-0.000235438463981	-0.00497477088147	0.00268781229756
33580	G501	G50.1 Atypical facial pain	33560	4	60	Chapter VI	Y	Y	-0.00264179272213	0.00489068402071	-0.00251590814121	-0.00611794916713	-0.00161757363842	-0.00427656408349	-0.00139033604682	-0.000261685321173	-0.00489607909345	0.0026632796482
33590	G508	G50.8 Other disorders of trigeminal nerve	33560	4	60	Chapter VI	Y	Y	-0.00264587871813	0.00487404231263	-0.0024587772716	-0.00615363366383	-0.00159480899712	-0.00432364401634	-0.00139114638903	-0.000327886440824	-0.00492220262534	0.00264739427131
33600	G509	G50.9 Disorder of trigeminal nerve, unspecified	33560	4	60	Chapter VI	Y	Y	-0.00264095422132	0.00498008995988	-0.00251734801681	-0.00613352563036	-0.00158889911425	-0.00434687004163	-0.00121627794857	-0.000148206345724	-0.00503018642746	0.00279335395162
33610	G51	G51 Facial nerve disorders	930	3	60	Chapter VI	Y	Y	-0.00326252690474	0.00681804841849	-0.00133636817095	-0.00464928673029	5.77670739688e-05	-0.00563865855886	0.000822367095458	-0.00113120159091	-0.000502710066453	0.00286713977983
33620	G510	G51.0 Bell's palsy	33610	4	60	Chapter VI	Y	Y	-0.00340173115063	0.0070926631005	-0.00151433194905	-0.0047701026637	0.000122695410954	-0.00582996265599	0.000815528385057	-0.00100914888934	-0.000518513252477	0.00302849012542
33630	G511	G51.1 Geniculate ganglionitis	33610	4	60	Chapter VI	Y	Y	-0.00328087846195	0.00697402037285	-0.00144962064331	-0.00474155036199	0.000109253326962	-0.00583350237283	0.000833902047329	-0.00105119540358	-0.000505802682259	0.00295913726792
33640	G512	G51.2 Melkersson's syndrome	33610	4	60	Chapter VI	Y	Y	-0.0033974682114	0.00708383017246	-0.00136675383836	-0.00485255647566	6.34071872067e-05	-0.00576464574982	0.000863524609307	-0.0010446390218	-0.000444984053463	0.00303135610347
33650	G513	G51.3 Clonic hemifacial spasm	33610	4	60	Chapter VI	Y	Y	-0.00328461676413	0.00698383276438	-0.00140585635668	-0.00471982313974	0.000115293328141	-0.00581552367263	0.000823110457161	-0.00105907864089	-0.000499789035098	0.00294166923673
33660	G514	G51.4 Facial myokymia	33610	4	60	Chapter VI	Y	Y	-0.0033801271738	0.00706151813667	-0.00134026950361	-0.00469914365718	7.23244406284e-05	-0.00563193008857	0.000812123102479	-0.000978202824918	-0.000337546220893	0.00303631825047
33670	G518	G51.8 Other disorders of facial nerve	33610	4	60	Chapter VI	Y	Y	-0.00342385313653	0.00708529995215	-0.00133070075529	-0.00483790185807	3.70393100582e-05	-0.00573355778674	0.00089811735305	-0.0010368729619	-0.000406892457848	0.0030249934118
33680	G519	G51.9 Disorder of facial nerve, unspecified	33610	4	60	Chapter VI	Y	Y	-0.00333119874918	0.00696078357046	-0.00135056192125	-0.00470313316157	4.66172918899e-05	-0.00571632632872	0.000847710749768	-0.00109574971948	-0.000475180430744	0.00293405603611
33690	G52	G52 Disorders of other cranial nerves	930	3	60	Chapter VI	Y	Y	-0.00312792574808	0.00667998272003	-0.00355372434137	-0.00470191122865	0.00161184790759	-0.00449783482992	0.00044337282488	-0.00269431082154	-0.00275413152872	0.000654546870802
33700	G520	G52.0 Disorders of olfactory nerve	33690	4	60	Chapter VI	Y	Y	-0.00309379826087	0.00682729375772	-0.00372492729165	-0.00481676613051	0.00172961982508	-0.00459546214372	0.000471315101182	-0.00304029444082	-0.0029899893796	0.00061210981148
33710	G521	G52.1 Disorders of glossopharyngeal nerve	33690	4	60	Chapter VI	Y	Y	-0.00316644242573	0.00673754435515	-0.00355450607133	-0.00478564491066	0.00160731286922	-0.00456843442518	0.000414427042111	-0.00266522951797	-0.00278904656442	0.000690476583706
33720	G522	G52.2 Disorders of vagus nerve	33690	4	60	Chapter VI	Y	Y	-0.00321109209952	0.00679261708061	-0.00372734593282	-0.00475159293835	0.00166015129708	-0.00448614365474	0.000543360742943	-0.00265334568646	-0.00270318034528	0.00066324217866
33730	G523	G52.3 Disorders of hypoglossal nerve	33690	4	60	Chapter VI	Y	Y	-0.00316890468608	0.00669027686957	-0.00360913851151	-0.00473667637292	0.0016833336893	-0.00451624129592	0.000480066426954	-0.00268719529471	-0.00270409614174	0.000698146462797
33740	G527	G52.7 Disorders of multiple cranial nerves	33690	4	60	Chapter VI	Y	Y	-0.00319271560056	0.00684919255707	-0.00366381299456	-0.00481657855851	0.0016611088676	-0.00460999937897	0.000473600627551	-0.00270798024233	-0.0028361137514	0.000644773557342
33750	G528	G52.8 Disorders of other specified cranial nerves	33690	4	60	Chapter VI	Y	Y	-0.0032203766554	0.00674062749983	-0.00369382387425	-0.00474604464497	0.00164447012297	-0.00448562578091	0.000548749265667	-0.00258446172693	-0.0027217665724	0.000658798504923
33760	G529	G52.9 Cranial nerve disorder, unspecified	33690	4	60	Chapter VI	Y	Y	-0.00316401100029	0.0066971039054	-0.00350334665525	-0.00480878450077	0.00154885547852	-0.00456887649957	0.000385077158956	-0.00261238592841	-0.00274275566161	0.000720316743823
33770	G53	G53 Cranial nerve disorders in diseases classified elsewhere	930	3	60	Chapter VI	Y	Y	-0.00134745165865	0.00535922252051	-0.000690825752168	-0.00755251998936	0.00074948327172	-0.00463529754323	-0.000640095922952	0.000230577860342	-0.00317660632654	0.00251358992964
33780	G530	G53.0 Postzoster neuralgia	33770	4	60	Chapter VI	Y	Y	-0.00128706600691	0.0053624104614	-0.000685793784744	-0.0077056284772	0.000626433443975	-0.0045420371059	-0.000760413406846	0.000419390151387	-0.00314911669829	0.00259703964925
33790	G531	G53.1 Multiple cranial nerve palsies in infectious and parasitic diseases classified elsewhere	33770	4	60	Chapter VI	Y	Y	-0.00139161116996	0.005563377593	-0.000628182576275	-0.00788953845813	0.000750962574655	-0.00467018376575	-0.000696039027388	0.000363056758456	-0.00329647660061	0.002667723424
33800	G532	G53.2 Multiple cranial nerve palsies in sarcoidosis	33770	4	60	Chapter VI	Y	Y	-0.00137647143156	0.00548653704755	-0.000759825052531	-0.00767308114637	0.000722801915742	-0.00472006541838	-0.000646915360101	0.000203776415972	-0.00321850048866	0.0026050464692
33810	G533	G53.3 Multiple cranial nerve palsies in neoplastic disease	33770	4	60	Chapter VI	Y	Y	-0.00131066947636	0.00544180229821	-0.000666495473063	-0.00777942750578	0.000654395320814	-0.00461258867665	-0.000734083895095	0.000448189135402	-0.00319833946877	0.00258579523492
33820	G538	G53.8 Other cranial nerve disorders in other diseases classified elsewhere	33770	4	60	Chapter VI	Y	Y	-0.00133417054344	0.00548627337798	-0.000674306923816	-0.00786600153417	0.000803981193734	-0.00493040909575	-0.000475757111292	0.000433946648725	-0.00332892249815	0.00257276968913
33830	G54	G54 Nerve root and plexus disorders	930	3	60	Chapter VI	Y	Y	0.00138043024371	0.00479666678566	-0.00184076949761	-0.00722692468619	0.00122041709979	-0.00278134394043	4.28951432429e-07	-0.00246184898113	-0.00318923886672	0.00472310165113
33840	G540	G54.0 Brachial plexus disorders	33830	4	60	Chapter VI	Y	Y	0.00137757140589	0.0050055431445	-0.00192087594882	-0.0072785135549	0.00108542834106	-0.00268518691214	-5.15777786504e-05	-0.00232900984695	-0.00332399891323	0.00474149523334
33850	G541	G54.1 Lumbosacral plexus disorders	33830	4	60	Chapter VI	Y	Y	0.00139818896294	0.00504046194177	-0.0017930791592	-0.00726594721241	0.00104677349223	-0.00296810798892	-0.000110406953589	-0.00238959350254	-0.00325158721448	0.0045676648239
33860	G542	G54.2 Cervical root disorders, not elsewhere classified	33830	4	60	Chapter VI	Y	Y	0.00134810873558	0.00511267581664	-0.00176782595215	-0.00718399090199	0.000936464859022	-0.00308556695805	-0.000132843310748	-0.00242899478304	-0.00331177385309	0.00446207632266
33870	G543	G54.3 Thoracic root disorders, not elsewhere classified	33830	4	60	Chapter VI	Y	Y	0.00139985671768	0.00506828973942	-0.00188773889687	-0.00714222411483	0.000941616758315	-0.00286609747585	-0.000123116694018	-0.00228824965138	-0.00332310036646	0.0045579386247
33880	G544	G54.4 Lumbosacral root disorders, not elsewhere classified	33830	4	60	Chapter VI	Y	Y	0.00141826149507	0.00505691672029	-0.00185700482675	-0.00725829630472	0.00101649137378	-0.00289051959054	-9.61359909678e-05	-0.00236560606246	-0.00328170041241	0.00461317490468
33890	G545	G54.5 Neuralgic amyotrophy	33830	4	60	Chapter VI	Y	Y	0.00136297018476	0.0050558489683	-0.00188223386369	-0.00724920600093	0.00102233675792	-0.00280399967928	-0.000101333331371	-0.00235695571274	-0.0033450955502	0.00465186154469
33900	G546	G54.6 Phantom limb syndrome with pain	33830	4	60	Chapter VI	Y	Y	0.0013354316236	0.00503124692504	-0.001891699717	-0.00717993821794	0.000994057543447	-0.0028579261012	-0.000114226674721	-0.00233031978673	-0.00332334922445	0.00459386892674
33910	G547	G54.7 Phantom limb syndrome without pain	33830	4	60	Chapter VI	Y	Y	0.0014265183992	0.00512957250282	-0.00177115846364	-0.00731106179572	0.000952807414272	-0.00321719568568	-0.000130823580826	-0.00241123188588	-0.00328381846587	0.0044687636706
33920	G548	G54.8 Other nerve root and plexus disorders	33830	4	60	Chapter VI	Y	Y	0.0012968973645	0.00527472185911	-0.00185163801443	-0.00728475361891	0.000951985105911	-0.00291093321077	-0.000187827149202	-0.00229887492664	-0.00345430451986	0.00458072179074
33930	G549	G54.9 Nerve root and plexus disorder, unspecified	33830	4	60	Chapter VI	Y	Y	0.00137614976387	0.00505046264077	-0.00179227752778	-0.00723743465517	0.000966250613839	-0.00300897505193	-0.000131388830322	-0.00236757819824	-0.00328312471587	0.00452864024921
33940	G55	G55 Nerve root and plexus compressions in diseases classified elsewhere	930	3	60	Chapter VI	Y	Y	-0.00485231906288	0.00274215664406	0.000545885588607	-0.00831801372076	-0.00118940980141	-0.00211970193537	-0.0017781275655	0.00024474936161	-0.00330992706569	0.00128983256864
33950	G550	G55.0 Nerve root and plexus compressions in neoplastic disease	33940	4	60	Chapter VI	Y	Y	-0.00494162212404	0.00293244863174	0.000542931531862	-0.00872147598048	-0.00128096291945	-0.00228285069269	-0.00179683072116	0.00016770561823	-0.00344266527466	0.00138851322923
33960	G551	G55.1 Nerve root and plexus compressions in intervertebral disk disorders	33940	4	60	Chapter VI	Y	Y	-0.00497231085297	0.00292455796214	0.000531806985511	-0.00856232283046	-0.00116856733313	-0.00219746826294	-0.00188231811941	0.000204162872269	-0.00345462180524	0.00139749918805
33970	G552	G55.2 Nerve root and plexus compressions in spondylosis	33940	4	60	Chapter VI	Y	Y	-0.00496655577537	0.00291174323609	0.000531641825624	-0.00864693028067	-0.00126057288969	-0.00221981068623	-0.00184819909521	0.000189889400126	-0.00346715719969	0.00137795289649
33980	G553	G55.3 Nerve root and plexus compressions in other dorsopathies	33940	4	60	Chapter VI	Y	Y	-0.00505220329857	0.0027781126714	0.000621586122219	-0.00865421754704	-0.00126890390025	-0.0020936582829	-0.00180624454551	0.000400690724905	-0.00346737106104	0.0013248946307
33990	G558	G55.8 Nerve root and plexus compressions in other diseases classified elsewhere	33940	4	60	Chapter VI	Y	Y	-0.00488708215481	0.0027869333883	0.000579557427957	-0.00851506509837	-0.00125606499485	-0.00213918668238	-0.0017335320781	0.000273855557857	-0.00336082855971	0.00130227029572
34000	G56	G56 Mononeuropathies of upper limb	930	3	60	Chapter VI	Y	Y	0.000304765202131	0.00576721577718	0.000531164727886	-0.00604702243741	-0.00134940749184	-0.00343371005882	0.00128492795362	-0.00594273937493	-0.000234619596102	0.00265255497639
34010	G560	G56.0 Carpal tunnel syndrome	34000	4	60	Chapter VI	Y	Y	9.40151629612e-05	0.00573698693071	0.000489914011474	-0.00623870210158	-0.00130977583338	-0.00347231745948	0.00108944074949	-0.00607765264336	-0.000115017348018	0.00281581046776
34020	G561	G56.1 Other lesions of median nerve	34000	4	60	Chapter VI	Y	Y	0.000237605536295	0.00581251454419	0.000728700509255	-0.00615803882311	-0.00142192194721	-0.00343407155358	0.0012350401759	-0.00617175636045	-0.000123351206182	0.00265239850552
34030	G562	G56.2 Lesion of ulnar nerve	34000	4	60	Chapter VI	Y	Y	0.000308359470311	0.00597455473479	0.00070262860826	-0.00614746717329	-0.00146161860747	-0.00339970421782	0.00137150840826	-0.00618191048498	-0.000205083326907	0.00267757894465
34040	G563	G56.3 Lesion of radial nerve	34000	4	60	Chapter VI	Y	Y	0.00026958231361	0.00580332074575	0.000621029993402	-0.00614567642282	-0.00139623363429	-0.00345751563316	0.0012404016273	-0.00609991270807	-0.000152049339701	0.00266862133461
34050	G564	G56.4 Causalgia	34000	4	60	Chapter VI	Y	Y	0.000289330427299	0.00584190986439	0.000476949567396	-0.00611698783018	-0.00133072438073	-0.00336934579804	0.00132650716806	-0.00598012085933	-0.000199629243788	0.00277555065193
34060	G568	G56.8 Other mononeuropathies of upper limb	34000	4	60	Chapter VI	Y	Y	0.000165799453482	0.00577710471299	0.000552461666882	-0.00621256275756	-0.00134233160944	-0.00346261403061	0.00117194363844	-0.00611224386859	-0.000135135742759	0.00277911810374
34070	G569	G56.9 Mononeuropathy of upper limb, unspecified	34000	4	60	Chapter VI	Y	Y	0.000286314967263	0.00584864575331	0.000539868870449	-0.00615809928106	-0.00136702258148	-0.00345861959061	0.00128961488547	-0.00602672829378	-0.000216060708532	0.00271580656796
34080	G57	G57 Mononeuropathies of lower limb	930	3	60	Chapter VI	Y	Y	0.0012152734164	0.00400663189558	-0.00250114271633	-0.00679767198711	-0.00210060913482	-0.00413803773551	-0.00472598815688	-0.00244072062808	-0.00192456076846	0.00171419684238
34090	G570	G57.0 Lesion of sciatic nerve	34080	4	60	Chapter VI	Y	Y	0.00113550371197	0.0040624089853	-0.00245985177779	-0.0068853840831	-0.00194090385201	-0.00423455440743	-0.00472583690676	-0.00245089912573	-0.00209811260042	0.00168763812928
34100	G571	G57.1 Meralgia paraesthetica	34080	4	60	Chapter VI	Y	Y	0.0012741691817	0.0039741327946	-0.00250079008481	-0.00688315057686	-0.00209279513914	-0.00423015055882	-0.00481186044565	-0.00239190603054	-0.00197190673801	0.00161743737876
34110	G572	G57.2 Lesion of femoral nerve	34080	4	60	Chapter VI	Y	Y	0.00123733353094	0.00410825268466	-0.00255560938495	-0.00693987393379	-0.00214729763049	-0.00423348446101	-0.00484570159025	-0.00248585615255	-0.00198541460334	0.00175876328959
34120	G573	G57.3 Lesion of lateral popliteal nerve	34080	4	60	Chapter VI	Y	Y	0.00122490323065	0.00397483598531	-0.00252537241026	-0.00681412146079	-0.00204685581818	-0.00422281077157	-0.00477286779853	-0.00231298896054	-0.00204308413382	0.00154379451061
34130	G574	G57.4 Lesion of medial popliteal nerve	34080	4	60	Chapter VI	Y	Y	0.0011773616661	0.00403784764718	-0.00246591098511	-0.00679658152918	-0.00196713195099	-0.00417032251749	-0.00469131010555	-0.0023828856072	-0.00203392188777	0.00165746447045
34140	G575	G57.5 Tarsal tunnel syndrome	34080	4	60	Chapter VI	Y	Y	0.00119818976755	0.00405966344842	-0.0024670631574	-0.00685241124313	-0.00203073669734	-0.00422486495562	-0.00476159541934	-0.00243681724797	-0.00204365455366	0.00167881386246
34150	G576	G57.6 Lesion of plantar nerve	34080	4	60	Chapter VI	Y	Y	0.00122208619459	0.00403010954584	-0.00244232483419	-0.0068310346328	-0.00201897971772	-0.0042186336442	-0.00471956198891	-0.00241897867264	-0.00205052016781	0.00163457983211
34160	G578	G57.8 Other mononeuropathies of lower limb	34080	4	60	Chapter VI	Y	Y	0.00118466933496	0.00403517223884	-0.00243790936115	-0.00686909373998	-0.00189748403367	-0.00425847807021	-0.00476520208543	-0.00247385818834	-0.00210936484687	0.00164854698393
34170	G579	G57.9 Mononeuropathy of lower limb, unspecified	34080	4	60	Chapter VI	Y	Y	0.00122649622806	0.00404607637992	-0.00246660333549	-0.00680071590816	-0.00204917667082	-0.00416499161963	-0.00467127130938	-0.00247628187423	-0.00198010416715	0.0017517547574
34180	G58	G58 Other mononeuropathies	930	3	60	Chapter VI	Y	Y	-0.000711184652705	0.00489223644784	-0.00187039223527	-0.00572838294022	-0.000630832667381	-0.00343244159114	-0.00380032040876	-0.000905618910871	-0.00495502389912	0.00379458893956
34190	G580	G58.0 Intercostal neuropathy	34180	4	60	Chapter VI	Y	Y	-0.000786633623472	0.00494265203209	-0.00180619201849	-0.00582373552905	-0.000591072862927	-0.00347138299631	-0.0037806696642	-0.00100114986443	-0.00491277932731	0.00379856812584
34200	G587	G58.7 Mononeuritis multiplex	34180	4	60	Chapter VI	Y	Y	-0.000621438513579	0.00496272773016	-0.00191137104893	-0.00575145113226	-0.000671549543661	-0.00344618477476	-0.00395337161664	-0.000815100993414	-0.00514298518329	0.00395553642573
34210	G588	G58.8 Other specified mononeuropathies	34180	4	60	Chapter VI	Y	Y	-0.000719035901712	0.00490980877796	-0.00204603555326	-0.00583746649039	-0.000650876982084	-0.00349145014148	-0.00389667704146	-0.000969492393353	-0.00511349080132	0.00389616103116
34220	G589	G58.9 Mononeuropathy, unspecified	34180	4	60	Chapter VI	Y	Y	-0.000709899559803	0.00503507568374	-0.00187077764323	-0.00586726499803	-0.000651466307062	-0.00351716620682	-0.00388330034117	-0.000877082175159	-0.00507647805618	0.00388660659153
34230	G59	G59 Mononeuropathy in diseases classified elsewhere	930	3	60	Chapter VI	Y	Y	-0.00088559594702	0.00579242302706	-0.00124333946556	-0.00792990974375	0.000888439672408	-0.0024247454941	0.000190160601573	-0.00184138134574	-0.00408438214049	0.00249887298902
34240	G590	G59.0 Diabetic mononeuropathy	34230	4	60	Chapter VI	Y	Y	-0.000830818751005	0.00586075434749	-0.00124138300425	-0.00807222254288	0.000957773328133	-0.00241588614931	0.000292788009017	-0.00186740144544	-0.00417937673427	0.0025251675377
34250	G598	G59.8 Other mononeuropathies in diseases classified elsewhere	34230	4	60	Chapter VI	Y	Y	-0.000795192576572	0.00591042596342	-0.00125207054673	-0.0081754656792	0.00101718821794	-0.00234849096819	0.000377406080969	-0.00185621675152	-0.00425861074417	0.00252734034889
34260	G60	G60 Hereditary and idiopathic neuropathy	940	3	60	Chapter VI	Y	Y	-0.000174928135298	0.00215535384928	0.00405574592064	-0.00910779157726	0.00245627856311	-0.00173593849764	-0.00325169909322	-0.00214338003747	-0.000323369815985	-0.000713685682556
34270	G600	G60.0 Hereditary motor and sensory neuropathy	34260	4	60	Chapter VI	Y	Y	-8.71881296036e-05	0.00218805995622	0.00424372327178	-0.00936105703433	0.00251769369294	-0.00175019918859	-0.0033246440136	-0.00215299032229	-0.000311375251475	-0.000757927064372
34280	G601	G60.1 Refsum's disease	34260	4	60	Chapter VI	Y	Y	-0.00024499178794	0.00215568863671	0.00418966309703	-0.00939058258596	0.00255924123846	-0.00176292958145	-0.00338770283454	-0.0021157739598	-0.000377316913017	-0.000745551801236
34290	G602	G60.2 Neuropathy in association with hereditary ataxia	34260	4	60	Chapter VI	Y	Y	-0.00020233555643	0.00217007740904	0.00414581817584	-0.00924730775049	0.00249782271496	-0.00176728905839	-0.0032987858678	-0.00215483036032	-0.000345406989528	-0.00072804003022
34300	G603	G60.3 Idiopathic progressive neuropathy	34260	4	60	Chapter VI	Y	Y	-0.000254369674677	0.0021921095245	0.00406071837542	-0.00919683262897	0.00249059531083	-0.00180119229525	-0.00332583947051	-0.00221015367473	-0.000313260312448	-0.000690356581268
34310	G608	G60.8 Other hereditary and idiopathic neuropathies	34260	4	60	Chapter VI	Y	Y	-0.000122135468472	0.00220101541634	0.00415385005272	-0.00924128767567	0.00248634615254	-0.00175968671896	-0.00326415935829	-0.00216986763602	-0.000300477461912	-0.00072477081302
34320	G609	G60.9 Hereditary and idiopathic neuropathy, unspecified	34260	4	60	Chapter VI	Y	Y	-0.000149089662914	0.00218482169586	0.0041999971938	-0.00933883877127	0.00252873018283	-0.00176490887378	-0.0033306680047	-0.00216150976694	-0.000336713588857	-0.000746430909837
34330	G61	G61 Inflammatory polyneuropathy	940	3	60	Chapter VI	Y	Y	-0.00222070950762	0.00526450587148	-0.00270993788982	-0.00473874864118	0.000790038350612	-0.00300190794937	-0.00391185628059	-0.00499697484368	0.00458760986173	-0.000735075477954
34340	G610	G61.0 Guillain-Barre syndrome	34330	4	60	Chapter VI	Y	Y	-0.0021228290062	0.0051848582574	-0.00291839120793	-0.00470094864862	0.000741811991395	-0.00301752633022	-0.0039047581144	-0.00489646215716	0.00485075544884	-0.000854889903955
34350	G611	G61.1 Serum neuropathy	34330	4	60	Chapter VI	Y	Y	-0.00209048872778	0.00516119253135	-0.00301194333647	-0.00465253970748	0.000727173468225	-0.002938341239	-0.0039124053021	-0.00485309149013	0.00498597223792	-0.000934915765018
34360	G618	G61.8 Other inflammatory polyneuropathies	34330	4	60	Chapter VI	Y	Y	-0.00208275769635	0.0051197903625	-0.00302869930988	-0.0046415669549	0.00072294270609	-0.00289718167814	-0.00392363474278	-0.00480415817173	0.00501832652361	-0.000925470919384
34370	G619	G61.9 Inflammatory polyneuropathy, unspecified	34330	4	60	Chapter VI	Y	Y	-0.00204435116041	0.00508889510341	-0.00307945184292	-0.00463825176171	0.000710324841483	-0.0029227385832	-0.00389018019083	-0.00478212907787	0.00504379752899	-0.000945093827149
34380	G62	G62 Other polyneuropathies	940	3	60	Chapter VI	Y	Y	-0.00302253695587	0.00301826026901	-0.00387050196635	-0.00686572626229	0.00195451997548	-0.00313200492691	-0.00150802655939	-0.00224632934326	0.00486282975679	0.00226841447706
34390	G620	G62.0 Drug-induced polyneuropathy	34380	4	60	Chapter VI	Y	Y	-0.00302210556562	0.00305563318569	-0.00389624390322	-0.00692163777003	0.00195715251287	-0.00315902234859	-0.00154408468719	-0.00224558359408	0.00476444434249	0.00214745124486
34400	G621	G62.1 Alcoholic polyneuropathy	34380	4	60	Chapter VI	Y	Y	-0.00302702842161	0.0030672255377	-0.00399706930194	-0.00696158782411	0.00197491065052	-0.00312282532225	-0.00150139222196	-0.00221625444729	0.00500965855825	0.00227473859178
34410	G622	G62.2 Polyneuropathy due to other toxic agents	34380	4	60	Chapter VI	Y	Y	-0.00302111193187	0.00304797763085	-0.00387954985895	-0.00695276182255	0.00196777274596	-0.00315988743179	-0.00157828286606	-0.002275219779	0.00472666196856	0.00213650469725
34420	G628	G62.8 Other specified polyneuropathies	34380	4	60	Chapter VI	Y	Y	-0.00300848129779	0.00303968283477	-0.0038882394303	-0.00690156852986	0.00196400920235	-0.00314507057184	-0.00151227300886	-0.00223895094098	0.00477744362465	0.0021804515869
34430	G629	G62.9 Polyneuropathy, unspecified	34380	4	60	Chapter VI	Y	Y	-0.00301413678536	0.00307710806554	-0.00384777436808	-0.00704543330412	0.00189843212846	-0.00327966446727	-0.00158733575026	-0.00224844824067	0.00479650987317	0.00229837380616
34440	G63	G63 Polyneuropathy in diseases classified elsewhere	940	3	60	Chapter VI	Y	Y	-0.00166769010182	0.00170471292403	0.000271617866076	-0.00139095147061	0.0015272631628	-0.00812558919648	-0.000163860685613	-0.00772159690811	4.18438041081e-05	-0.00113382870119
34450	G630	G63.0 Polyneuropathy in infectious and parasitic diseases classified elsewhere	34440	4	60	Chapter VI	Y	Y	-0.00162819623685	0.00157885639787	9.03603763135e-05	-0.00147892642921	0.00145759352183	-0.00804095179429	-0.000307543935384	-0.00742696714395	-1.85727700408e-05	-0.000941726892615
34460	G631	G63.1 Polyneuropathy in neoplastic disease	34440	4	60	Chapter VI	Y	Y	-0.0017445899004	0.00165478724054	6.76662430619e-05	-0.0013928924516	0.00144057561267	-0.00794639164482	-0.000204758786976	-0.00760312221842	3.89833886763e-05	-0.000980578956358
34470	G632	G63.2 Diabetic polyneuropathy	34440	4	60	Chapter VI	Y	Y	-0.00164193769561	0.0015895639414	0.000103424477556	-0.00140001871882	0.00145061698205	-0.00799289540021	-0.000229979577093	-0.00745185368035	1.50929071596e-05	-0.000991322163226
34480	G633	G63.3 Polyneuropathy in other endocrine and metabolic diseases	34440	4	60	Chapter VI	Y	Y	-0.00170932304244	0.00168909029398	0.000137690057211	-0.00145811179617	0.00148146010792	-0.0080649594484	-0.000253529031846	-0.00761249509227	1.31730281301e-05	-0.000986918605184
34490	G634	G63.4 Polyneuropathy in nutritional deficiency	34440	4	60	Chapter VI	Y	Y	-0.00167103173189	0.00160188669859	6.77419822214e-05	-0.00154308166798	0.00145816885511	-0.00806798069204	-0.000353938948127	-0.00743284971768	5.34064343037e-06	-0.000942991183492
34500	G635	G63.5 Polyneuropathy in systemic connective tissue disorders	34440	4	60	Chapter VI	Y	Y	-0.00164001932771	0.00157567188218	0.000114614669184	-0.00138089804324	0.00142823278108	-0.00784398385883	-0.000233174511112	-0.00734264197959	-1.90815795123e-05	-0.000947036423386
34510	G636	G63.6 Polyneuropathy in other musculoskeletal disorders	34440	4	60	Chapter VI	Y	Y	-0.0017660097653	0.00165878627908	-4.23016299438e-05	-0.00163117996418	0.00142128554524	-0.00805494467893	-0.000558665921061	-0.00752251313411	-4.04756470103e-05	-0.000736739449228
34520	G638	G63.8 Polyneuropathy in other diseases classified elsewhere	34440	4	60	Chapter VI	Y	Y	-0.00166114346431	0.00157787962766	4.79293205444e-05	-0.00146184361972	0.00142247212154	-0.00789804992299	-0.000278162120815	-0.00734942305502	-2.11837525034e-05	-0.000917153150052
34530	G64	G64 Other disorders of peripheral nervous system	940	3	60	Chapter VI	Y	Y	-0.00165715789777	0.00256878242359	-0.000816925390432	-0.00388318672792	0.000722104736668	-0.00241499886732	-0.00202232739515	-0.00308985919373	0.000164525103389	0.000878703432851
34540	G70	G70 Myasthenia gravis and other myoneural disorders	950	3	60	Chapter VI	Y	Y	-0.00299692320405	0.00409370828905	0.00220255561098	-0.00429654050341	0.00233991953771	-3.04866993641e-05	-0.00494236370863	-0.00478120585559	0.00326887656638	0.00441016415133
34550	G700	G70.0 Myasthenia gravis	34540	4	60	Chapter VI	Y	Y	-0.00293573463412	0.00409114096522	0.00220382044631	-0.0041570483931	0.00242686991192	6.35632659149e-05	-0.00514555312939	-0.00475919951982	0.00344226938465	0.00445539684446
34560	G701	G70.1 Toxic myoneural disorders	34540	4	60	Chapter VI	Y	Y	-0.00307475827664	0.00397631387267	0.00216665207479	-0.00402987937448	0.00239327608006	2.41047799347e-05	-0.0050140081022	-0.00481263964451	0.00339463504947	0.00427652824072
34570	G702	G70.2 Congenital and developmental myasthenia	34540	4	60	Chapter VI	Y	Y	-0.00300541500814	0.00408061993238	0.002181704646	-0.00419065754084	0.00243431182157	-1.52857940153e-05	-0.0051059776049	-0.00482937537344	0.00336202285234	0.00438227609105
34580	G708	G70.8 Other specified myoneural disorders	34540	4	60	Chapter VI	Y	Y	-0.00308018022641	0.00408014166885	0.00215754099664	-0.00420607207396	0.00248867954131	-1.52150785132e-05	-0.00512022629696	-0.00489077818869	0.00334791017331	0.00435222316896
34590	G709	G70.9 Myoneural disorder, unspecified	34540	4	60	Chapter VI	Y	Y	-0.00308911711957	0.00408350215789	0.00218261384928	-0.00424229280152	0.00243993741729	-2.79686865702e-05	-0.00507174063766	-0.00488032210927	0.00333886684735	0.00436912460652
34600	G71	G71 Primary disorders of muscles	950	3	60	Chapter VI	Y	Y	-0.00600438207315	-0.000888374772876	-0.00197639497615	-0.00747397668306	0.000800321594054	-0.00151160629144	0.00200449411663	-0.00312064397596	-0.00315963918499	0.00196176392054
34610	G710	G71.0 Muscular dystrophy	34600	4	60	Chapter VI	Y	Y	-0.00620593188373	-0.00113769418474	-0.00209840982772	-0.00760542665453	0.00093443840632	-0.00158213738339	0.00210305837349	-0.00313992584601	-0.00338528344526	0.00178017027487
34620	G711	G71.1 Myotonic disorders	34600	4	60	Chapter VI	Y	Y	-0.0061052454814	-0.00105478030412	-0.00206223830466	-0.00743104370323	0.000880774538099	-0.00153732452453	0.0021163139306	-0.00309615979738	-0.0032844562101	0.00178992263233
34630	G712	G71.2 Congenital myopathies	34600	4	60	Chapter VI	Y	Y	-0.00620269438039	-0.000805701864322	-0.00201677486917	-0.00765608568268	0.000862735400087	-0.00155551882735	0.00197849482308	-0.00325738349703	-0.00321333159733	0.00205188864492
34640	G713	G71.3 Mitochondrial myopathy, not elsewhere classified	34600	4	60	Chapter VI	Y	Y	-0.00607305864393	-0.00101218721432	-0.002044034423	-0.00743730776504	0.0008996739501	-0.00159329871552	0.00202777888356	-0.00312221131358	-0.00326691454856	0.00180506086857
34650	G718	G71.8 Other primary disorders of muscles	34600	4	60	Chapter VI	Y	Y	-0.00608202265749	-0.00107092004671	-0.00206531000089	-0.00741985336814	0.000859124176553	-0.00156733810681	0.002108509616	-0.00309767949391	-0.00328290878529	0.00179004587969
34660	G719	G71.9 Primary disorder of muscle, unspecified	34600	4	60	Chapter VI	Y	Y	-0.00615191511095	-0.000976064155875	-0.00205525908711	-0.00752819043004	0.000900283188687	-0.00157806703132	0.00201004157446	-0.00319272913211	-0.00327871644531	0.00190066732824
34670	G72	G72 Other myopathies	950	3	60	Chapter VI	Y	Y	-0.00291443998452	0.00673939773151	0.000619200050621	-0.00141088887271	0.00603760633209	-0.00405827424519	-0.00261968784903	-0.00309385520366	0.000761663574568	0.000571277369054
34680	G720	G72.0 Drug-induced myopathy	34670	4	60	Chapter VI	Y	Y	-0.0029622134091	0.00681396044913	0.000682555191817	-0.00151358625589	0.00610177717471	-0.00415690479957	-0.00273629587805	-0.00316362111243	0.000770840536635	0.00065347506531
34690	G721	G72.1 Alcoholic myopathy	34670	4	60	Chapter VI	Y	Y	-0.00304178005254	0.00703765461952	0.000612402264971	-0.00147132454732	0.00599042594899	-0.004212728046	-0.00272811485297	-0.00314856064169	0.000810585894947	0.000663796204245
34700	G722	G72.2 Myopathy due to other toxic agents	34670	4	60	Chapter VI	Y	Y	-0.00298847403655	0.00696602946987	0.000627403745311	-0.0014741456756	0.00603705689132	-0.0041821444149	-0.00270715714584	-0.00311685322758	0.000785544072281	0.000695224605662
34710	G723	G72.3 Periodic paralysis	34670	4	60	Chapter VI	Y	Y	-0.0030427048647	0.00697176768828	0.00059671068727	-0.0015368467099	0.0059728074996	-0.00417237120917	-0.00275210088835	-0.00315643625215	0.000765687101845	0.000699981549949
34720	G724	G72.4 Inflammatory myopathy, not elsewhere classified	34670	4	60	Chapter VI	Y	Y	-0.00302097067014	0.00696575853023	0.00059588146978	-0.00150261585191	0.00594494317672	-0.00415969691409	-0.00273830955752	-0.00313257622316	0.000796067741757	0.000683989193142
34730	G728	G72.8 Other specified myopathies	34670	4	60	Chapter VI	Y	Y	-0.00308141198206	0.00711718476713	0.000623110707761	-0.00152009260344	0.00596472568646	-0.0042866592943	-0.00276034404165	-0.00318853602214	0.000818160568065	0.000686401415668
34740	G729	G72.9 Myopathy, unspecified	34670	4	60	Chapter VI	Y	Y	-0.00295043852468	0.00687922402395	0.000620694090532	-0.00146360860093	0.00601745552472	-0.00409705313114	-0.00269423458076	-0.003101881999	0.00078029201978	0.000680894102992
34750	G73	G73 Disorders of myoneural junction and muscle in diseases classified elsewhere	950	3	60	Chapter VI	Y	Y	-0.00702889926003	0.000440992524554	-0.00412200963179	-0.00167781450349	0.00367367487968	-0.0033346575719	-0.00191601326396	-0.00408222118553	-0.00124554031113	0.00226942395764
34760	G730	G73.0 Myasthenic syndromes in endocrine diseases	34750	4	60	Chapter VI	Y	Y	-0.00720362109543	0.000444736613962	-0.00413732794208	-0.00177375882788	0.00371905483159	-0.00348321721136	-0.00197037142634	-0.00416933864345	-0.0013171566699	0.00223316946151
34770	G731	G73.1 Eaton-Lambert syndrome	34750	4	60	Chapter VI	Y	Y	-0.00715702269883	0.000410762416999	-0.00422446046866	-0.00168363422958	0.00373830951719	-0.00340548785643	-0.00194015446295	-0.00415128860899	-0.00127536003541	0.00231345612716
34780	G732	G73.2 Other myasthenic syndromes in neoplastic disease	34750	4	60	Chapter VI	Y	Y	-0.00701286433759	0.000544565523837	-0.00401278236008	-0.00186880992615	0.00360327521464	-0.0034553996059	-0.00199537010961	-0.0041709944073	-0.00127838067975	0.00218743241521
34790	G733	G73.3 Myasthenic syndromes in other diseases classified elsewhere	34750	4	60	Chapter VI	Y	Y	-0.0071356201428	0.000420737689489	-0.00403296620056	-0.0017820240917	0.00368254156367	-0.00346134318019	-0.00195413897385	-0.00416920668447	-0.00132363512601	0.00223519713384
34800	G734	G73.4 Myopathy in infectious and parasitic diseases classified elsewhere	34750	4	60	Chapter VI	Y	Y	-0.00731036196474	0.000363456570157	-0.00415811323925	-0.00174816919605	0.00395770610596	-0.00343977329693	-0.00196188837355	-0.00412739387376	-0.00131047957617	0.00233140756885
34810	G735	G73.5 Myopathy in endocrine diseases	34750	4	60	Chapter VI	Y	Y	-0.00730805960334	0.000426436787522	-0.00409398413754	-0.00182794290904	0.00398385694942	-0.00340134037853	-0.00198336601473	-0.00415175479203	-0.00130901226179	0.00235909201334
34820	G736	G73.6 Myopathy in metabolic diseases	34750	4	60	Chapter VI	Y	Y	-0.00723956547112	0.000420561400744	-0.00414823711122	-0.00174492531773	0.00392226482939	-0.00335317201085	-0.00194361811974	-0.00411571326394	-0.00127257305953	0.00232610760902
34830	G737	G73.7 Myopathy other diseases classified elsewhere	34750	4	60	Chapter VI	Y	Y	-0.00714689113945	0.000424624943735	-0.00412046953398	-0.00164966767852	0.0037004285348	-0.00332493711923	-0.00196725242487	-0.00412506970242	-0.00124516435281	0.00229433983549
34840	G80	G80 Infantile cerebral palsy	960	3	60	Chapter VI	Y	Y	6.1274092344e-05	0.00356592776961	0.00471543852315	-0.00409913149026	-0.00136577062981	-0.00252389188543	-0.000806831388694	-0.00783149535535	-0.00355991178422	9.81245143149e-06
34850	G800	G80.0 Spastic cerebral palsy	34840	4	60	Chapter VI	Y	Y	1.26415550693e-05	0.00361571396413	0.00474458622503	-0.00419975110114	-0.00142449829072	-0.00277802317314	-0.000681034974432	-0.00754966981715	-0.00361395254722	8.24411502619e-06
34860	G801	G80.1 Spastic diplegia	34840	4	60	Chapter VI	Y	Y	5.6594383118e-05	0.00359121740867	0.00472123452937	-0.0041700970588	-0.00143985808517	-0.00280778123331	-0.000615906361965	-0.00741440169889	-0.00363810402728	-1.91719693223e-05
34870	G802	G80.2 Infantile hemiplegia	34840	4	60	Chapter VI	Y	Y	-8.33661646505e-06	0.00356822684619	0.00455316925931	-0.00408256823749	-0.00131943365779	-0.00262790886493	-0.000770793225882	-0.00754577852195	-0.00352132960387	3.92020169987e-05
34880	G803	G80.3 Dyskinetic cerebral palsy	34840	4	60	Chapter VI	Y	Y	4.31982111865e-05	0.00365411887752	0.0046933367118	-0.00417350472714	-0.00138863430327	-0.00276445703008	-0.00068819789138	-0.00758722821835	-0.00360832531093	-6.46492437012e-06
34890	G804	G80.4 Ataxic cerebral palsy	34840	4	60	Chapter VI	Y	Y	7.18459161599e-05	0.00359025974217	0.00477826794883	-0.00417702620806	-0.00141802589623	-0.00273962012847	-0.000645254348548	-0.00756692302478	-0.00364251361384	-7.79034215278e-06
34900	G808	G80.8 Other infantile cerebral palsy	34840	4	60	Chapter VI	Y	Y	4.58426801787e-05	0.00362294821382	0.00465588679907	-0.00426288193699	-0.00143631938155	-0.00285496002099	-0.000712508719122	-0.00748739789291	-0.00362412192619	3.43033632077e-05
34910	G809	G80.9 Infantile cerebral palsy, unspecified	34840	4	60	Chapter VI	Y	Y	-6.70718543265e-05	0.003606274154	0.00463765591537	-0.00417069491102	-0.00141730282058	-0.00273204637463	-0.000753915585065	-0.00763418261692	-0.00358747163416	-2.68570715149e-06
34920	G81	G81 Hemiplegia	960	3	60	Chapter VI	Y	Y	-0.00155873268147	0.00505854345241	-0.00174300334361	-0.00155284414192	-0.00219299280598	-0.00242793057899	-0.00507274207749	-0.00779460805804	0.00087728117741	-0.000143551247624
34930	G810	G81.0 Flaccid hemiplegia	34920	4	60	Chapter VI	Y	Y	-0.00159131587489	0.00511190354057	-0.00176226322025	-0.00159187068049	-0.00222245074393	-0.00244394804755	-0.00511186761853	-0.00785034267052	0.000864235735713	-0.000141417060958
34940	G811	G81.1 Spastic hemiplegia	34920	4	60	Chapter VI	Y	Y	-0.00180796212281	0.00546218986762	-0.00188212916751	-0.00162232543986	-0.00231969675919	-0.00255177246465	-0.0053161682016	-0.00791839522046	0.000974050454015	-0.000187034379764
34950	G819	G81.9 Hemiplegia, unspecified	34920	4	60	Chapter VI	Y	Y	-0.00163213890348	0.00512354627682	-0.00177503535931	-0.00159187822267	-0.00220486648198	-0.00245711907823	-0.00511129292419	-0.00776675571448	0.000877824441798	-0.000165961082406
34960	G82	G82 Paraplegia and tetraplegia	960	3	60	Chapter VI	Y	Y	-0.0016140240607	0.00244262380628	-0.00520292713366	-0.00544216321031	-0.000929888419709	-0.00112076503571	-0.000434059431854	-0.00656252990751	-0.00346074028314	-0.0018021628783
34970	G820	G82.0 Flaccid paraplegia	34960	4	60	Chapter VI	Y	Y	-0.00164728528982	0.00249090752778	-0.00547770116007	-0.00558351956014	-0.00100211286378	-0.00103098515141	-0.000433803772759	-0.00679842359967	-0.00357273936944	-0.00191628693735
34980	G821	G82.1 Spastic paraplegia	34960	4	60	Chapter VI	Y	Y	-0.00162843096164	0.00245044145155	-0.00545087399304	-0.00548075763633	-0.000963888475179	-0.00100566448914	-0.000375977149062	-0.00660484835309	-0.00351887163592	-0.0018906112499
34990	G822	G82.2 Paraplegia, unspecified	34960	4	60	Chapter VI	Y	Y	-0.00164197682041	0.00247980177607	-0.00543726715485	-0.00557179285117	-0.00100970014237	-0.00106733732807	-0.000429827394188	-0.00679874281443	-0.00356439591525	-0.0019227047941
35000	G823	G82.3 Flaccid tetraplegia	34960	4	60	Chapter VI	Y	Y	-0.00165718885234	0.00247665237373	-0.00538338917674	-0.00532049444245	-0.00110747901059	-0.000941219652573	-0.000473259020028	-0.00659962534728	-0.00338857251901	-0.00176629195224
35010	G824	G82.4 Spastic tetraplegia	34960	4	60	Chapter VI	Y	Y	-0.00163801162862	0.00253146470087	-0.005502464559	-0.0055175907245	-0.00107437430875	-0.00095260906606	-0.000436347280163	-0.00674498854269	-0.00348443045799	-0.00183610633377
35020	G825	G82.5 Tetraplegia, unspecified	34960	4	60	Chapter VI	Y	Y	-0.00164724066175	0.00246941926119	-0.00535386521649	-0.00555423080262	-0.000947749057561	-0.00111453476115	-0.000418763188556	-0.00669016121267	-0.00356151605502	-0.0018589737388
35040	G830	G83.0 Diplegia of upper limbs	35030	4	60	Chapter VI	Y	Y	-0.00475767010581	0.00534720406375	0.00179806884719	-0.0029068069	-0.00467773123057	-0.000779281440049	-0.00409562030652	-0.00369400185457	-0.000178845611501	0.00344536782195
35050	G831	G83.1 Monoplegia of lower limb	35030	4	60	Chapter VI	Y	Y	-0.00471252287421	0.00537884432514	0.00169379248668	-0.00284126413801	-0.00460045174233	-0.000672972625369	-0.00406368540628	-0.00369685009946	-0.000243005322489	0.00334355308489
35060	G832	G83.2 Monoplegia of upper limb	35030	4	60	Chapter VI	Y	Y	-0.00470512224214	0.0053021251659	0.0018088743858	-0.00284314923996	-0.00463330322707	-0.000738287153431	-0.00401669171839	-0.0036058604519	-0.00019308358754	0.0033939527843
35070	G833	G83.3 Monoplegia, unspecified	35030	4	60	Chapter VI	Y	Y	-0.00471954514169	0.00529756828695	0.00174497078889	-0.00291924122949	-0.00455626762362	-0.00082157694429	-0.00404179916523	-0.00369752243128	-0.000229373286187	0.00336710593325
35080	G834	G83.4 Cauda equina syndrome	35030	4	60	Chapter VI	Y	Y	-0.00462402108702	0.00524912400846	0.00165751429861	-0.00285999660697	-0.00443320640602	-0.000812297495677	-0.00398933704812	-0.00367638596266	-0.000223325062052	0.00330410870719
35090	G835	G83.5 Locked-in syndrome	35030	4	60	Chapter VI	Y	Y	-0.00476969559808	0.00536695555091	0.00182778060399	-0.00284577371674	-0.00471410195344	-0.00070820556922	-0.00407788541689	-0.00362792334403	-0.000206812931792	0.00345961823455
35100	G838	G83.8 Other specified paralytic syndromes	35030	4	60	Chapter VI	Y	Y	-0.00475878720235	0.00530532477957	0.00174703223076	-0.0028877866171	-0.00453198382497	-0.000789972063253	-0.00404758793384	-0.00374058761085	-0.000232164025006	0.00339926167327
35110	G839	G83.9 Paralytic syndrome, unspecified	35030	4	60	Chapter VI	Y	Y	-0.00469433774888	0.00521274324332	0.00173452266568	-0.00288373238533	-0.00445493089166	-0.000863811388222	-0.00403019914805	-0.00373017869072	-0.000220590426481	0.00333858409388
35130	G900	G90.0 Idiopathic peripheral autonomic neuropathy	35120	4	60	Chapter VI	Y	Y	-0.00529525504395	0.00519042734348	0.000584018976445	-0.00258941708226	0.000389686897175	-0.00312440515224	0.00230295475183	-0.00683304388206	0.00062997213047	-0.00170202519652
35140	G901	G90.1 Familial dysautonomia [Riley-Day]	35120	4	60	Chapter VI	Y	Y	-0.00540744670086	0.00541776326311	0.000527114666355	-0.00264825650337	0.000371599892082	-0.00319450165922	0.00216726358392	-0.00705410285532	0.000446689414981	-0.00181703381958
35150	G902	G90.2 Horner's syndrome	35120	4	60	Chapter VI	Y	Y	-0.00531798499322	0.00529956837573	0.00043265381463	-0.00275221903471	0.000445648910187	-0.00312662724328	0.00222518329873	-0.00719834266386	0.00094106932185	-0.00171722195336
35160	G903	G90.3 Multisystem degeneration	35120	4	60	Chapter VI	Y	Y	-0.00528575697225	0.00528007410546	0.00055442098874	-0.00265926917104	0.000347913423771	-0.00320357941504	0.00215554139767	-0.00680795964343	0.000532238641244	-0.00167318193026
35170	G904	G90.4 Autonomic dysreflexia	35120	4	60	Chapter VI	Y	Y	-0.0053058416529	0.00525925218211	0.000459617764541	-0.00261916339814	0.000398075159728	-0.0031311206198	0.00223423918596	-0.00700581523856	0.00056968780997	-0.00176693110358
35180	G908	G90.8 Other disorders of autonomic nervous system	35120	4	60	Chapter VI	Y	Y	-0.00530600224186	0.00529022201998	0.000478440977136	-0.00262251276065	0.000398047527576	-0.00315436658568	0.00219005388466	-0.00698996133546	0.000543864109048	-0.00174477849299
35190	G909	G90.9 Disorder of autonomic nervous system, unspecified	35120	4	60	Chapter VI	Y	Y	-0.00534512687253	0.00520158945647	0.000568353959447	-0.00258096179672	0.000353775293978	-0.0031430281637	0.00230022895242	-0.00692800395154	0.000580081526289	-0.00173753828475
35200	G91	G91 Hydrocephalus	970	3	60	Chapter VI	Y	Y	-0.00391998022104	0.00491831249572	0.0014135625334	-0.00363712537844	0.00260918618463	-0.00338401860387	-0.00512766366508	-0.00166312412979	-0.00434887377221	-0.00261346311415
35210	G910	G91.0 Communicating hydrocephalus	35200	4	60	Chapter VI	Y	Y	-0.00387270684794	0.00496161482143	0.00140990673427	-0.00375479635453	0.00266776006793	-0.00334403705736	-0.00516767599275	-0.00183415193959	-0.00450821601651	-0.00273958545337
35220	G911	G91.1 Obstructive hydrocephalus	35200	4	60	Chapter VI	Y	Y	-0.00385221243647	0.00481476352287	0.00149262529321	-0.00378363949537	0.00262843296442	-0.00323426894566	-0.0052809720962	-0.00177465638053	-0.00459140771237	-0.00273939163807
35230	G912	G91.2 Normal-pressure hydrocephalus	35200	4	60	Chapter VI	Y	Y	-0.00381703490492	0.00479087771583	0.00141563375607	-0.0037354012037	0.00258905332442	-0.00322801645624	-0.00516836421332	-0.00179728258136	-0.00449053821828	-0.0026552307949
35240	G913	G91.3 Posttraumatic hydrocephalus, unspecified	35200	4	60	Chapter VI	Y	Y	-0.0039117790753	0.00492719730743	0.00139942425112	-0.00375752588427	0.00254589101157	-0.00331043363	-0.00514515855423	-0.00183882761692	-0.00434828898926	-0.0025151693808
35250	G918	G91.8 Other hydrocephalus	35200	4	60	Chapter VI	Y	Y	-0.0040568460066	0.00521549630382	0.00144148318947	-0.0037150490105	0.00272317063724	-0.0035108138109	-0.00530522362284	-0.00162146203956	-0.00445822240206	-0.00273758628511
35260	G919	G91.9 Hydrocephalus, unspecified	35200	4	60	Chapter VI	Y	Y	-0.00380650488771	0.00474158885929	0.00143568862248	-0.00376293255588	0.00259794145491	-0.00319128285571	-0.00520226645105	-0.00184493720321	-0.00454648698504	-0.00266975488653
35270	G92	G92 Toxic encephalopathy	970	3	60	Chapter VI	Y	Y	-0.00244004138986	0.0022067864594	-0.000344100473892	-0.000890397624459	0.000617702260752	-0.00463076170099	-0.00242440027288	-0.00197033320815	-0.00304322075966	-0.00172131204775
35280	G93	G93 Other disorders of brain	970	3	60	Chapter VI	Y	Y	-0.00454586139509	0.00601572761699	-0.000208534897535	-0.00164785884058	0.000892318021782	-0.00111506372592	-0.00580232446169	-0.00347442035542	-0.00300611826353	-0.00223560515463
35290	G930	G93.0 Cerebral cysts	35280	4	60	Chapter VI	Y	Y	-0.00447034268017	0.00620211836149	-0.00023143065969	-0.00163581131379	0.000738279565505	-0.00106426708083	-0.00593168621435	-0.00358252395192	-0.00311393730974	-0.00234729363729
35300	G931	G93.1 Anoxic brain damage, not elsewhere classified	35280	4	60	Chapter VI	Y	Y	-0.00483679891613	0.00629095981519	-0.000323367188501	-0.00162367696962	0.00089042838875	-0.00122372184462	-0.00592645863031	-0.00355285002496	-0.00311568295903	-0.00226828063122
35310	G932	G93.2 Benign intracranial hypertension	35280	4	60	Chapter VI	Y	Y	-0.00470458562907	0.00621354763177	-0.000272042579398	-0.00168273939203	0.000812348841811	-0.00112582188988	-0.00598926774521	-0.0035112936194	-0.00310825406455	-0.00229141872173
35320	G933	G93.3 Postviral fatigue syndrome	35280	4	60	Chapter VI	Y	Y	-0.00442042638792	0.00617683056126	-0.000315084583075	-0.00156888281581	0.000712507861509	-0.00116773656922	-0.00592434352955	-0.00363681939002	-0.00312896774045	-0.00229893464045
35330	G934	G93.4 Encephalopathy, unspecified	35280	4	60	Chapter VI	Y	Y	-0.00469682399852	0.00627886531543	-0.000256819004982	-0.00168501957973	0.000785613063611	-0.00112796093038	-0.00595852707244	-0.00356747075808	-0.00309587068516	-0.00234817928988
35340	G935	G93.5 Compression of brain	35280	4	60	Chapter VI	Y	Y	-0.00496312233469	0.00618953051719	-0.000254232806012	-0.00190570781135	0.000951590560609	-0.00125387594552	-0.00593375911356	-0.00345502445971	-0.00305833740591	-0.00216143143539
35350	G936	G93.6 Cerebral oedema	35280	4	60	Chapter VI	Y	Y	-0.00466500533651	0.0062773655308	-0.000241316749641	-0.00165575773718	0.000797830736119	-0.00109567985735	-0.00597899087292	-0.00358837392227	-0.00309910890342	-0.00234733112757
35360	G937	G93.7 Reye's syndrome	35280	4	60	Chapter VI	Y	Y	-0.00446604578157	0.00620880581701	-0.000223136651787	-0.00163228625344	0.000744912525976	-0.00109728465582	-0.00591997318383	-0.00360309820211	-0.00313395545723	-0.00232490228714
35370	G938	G93.8 Other specified disorders of brain	35280	4	60	Chapter VI	Y	Y	-0.00461435909214	0.00614145664283	-0.00021465805975	-0.00163527785555	0.000910593392385	-0.00110772312492	-0.00592216089556	-0.00349801884034	-0.0030690881499	-0.00229723772467
35380	G939	G93.9 Disorder of brain, unspecified	35280	4	60	Chapter VI	Y	Y	-0.00470464134481	0.0061823263252	-0.000235001951486	-0.00172068007682	0.000825271670655	-0.00112084867479	-0.00596780156094	-0.00350111846994	-0.00307012846419	-0.0023296513282
35400	G940	G94.0 Hydrocephalus in infectious and parasitic diseases classified elsewhere	35390	4	60	Chapter VI	Y	Y	-0.00588097804451	0.004272106001	0.00554372692038	-0.00324599857796	0.00108321546374	-0.00215663199609	-0.00311216704977	-0.00320159795929	-0.00289156822272	0.00138937405959
35410	G941	G94.1 Hydrocephalus in neoplastic disease	35390	4	60	Chapter VI	Y	Y	-0.0058775629637	0.00431203958963	0.0054617119719	-0.00333811042476	0.00111820586339	-0.00221052973705	-0.00310903850173	-0.00324464154748	-0.00284684471098	0.00137730670865
35420	G942	G94.2 Hydrocephalus in other diseases classified elsewhere	35390	4	60	Chapter VI	Y	Y	-0.00588086309532	0.00427286845715	0.00550839633202	-0.00333173409107	0.00111818023946	-0.0021935902471	-0.00309900927346	-0.00324307753352	-0.00287678864383	0.0013805623126
35430	G948	G94.8 Other specified disorders of brain in diseases classified elsewhere	35390	4	60	Chapter VI	Y	Y	-0.00589743446836	0.00428439930477	0.00560169727381	-0.00332074183475	0.00112700144027	-0.00216745562162	-0.00309576846452	-0.00318856363285	-0.00289286848475	0.00144847519326
35440	G95	G95 Other diseases of spinal cord	970	3	60	Chapter VI	Y	Y	-0.00444091704426	0.0046833335257	0.00353870612613	-0.00251111787638	0.0038599873749	-0.00408451128443	0.000962885128985	-0.00513922746595	-0.00167886873128	0.00348293346134
35450	G950	G95.0 Syringomyelia and syringobulbia	35440	4	60	Chapter VI	Y	Y	-0.00412257644032	0.00449755253593	0.00334555350554	-0.00283859388438	0.00391907600552	-0.0039782275937	0.000763124113933	-0.00512792085745	-0.00164172782576	0.00373758003453
35460	G951	G95.1 Vascular myelopathies	35440	4	60	Chapter VI	Y	Y	-0.00420065048741	0.00450031990765	0.00336478044519	-0.00287741359345	0.00394780289704	-0.00402652280587	0.00071049648042	-0.00522369622105	-0.00169518894321	0.00373118154851
35470	G952	G95.2 Cord compression, unspecified	35440	4	60	Chapter VI	Y	Y	-0.0041149611616	0.0044089197464	0.0034362840994	-0.00288152354078	0.00396589820286	-0.00395453674446	0.000817741287217	-0.005185713989	-0.00164973251609	0.00381994001049
35480	G958	G95.8 Other specified diseases of spinal cord	35440	4	60	Chapter VI	Y	Y	-0.00418132142177	0.00452783144776	0.00334784434265	-0.00304607146321	0.00414900347244	-0.00399150556513	0.000689036824355	-0.00534489427739	-0.00165808961623	0.00399102614837
35490	G959	G95.9 Disease of spinal cord, unspecified	35440	4	60	Chapter VI	Y	Y	-0.00416200437223	0.00444624853228	0.00343628526541	-0.00289268520822	0.00399392620077	-0.00401948494583	0.000801832037556	-0.00525260903365	-0.00168148767295	0.00379474695372
35500	G96	G96 Other disorders of central nervous system	970	3	60	Chapter VI	Y	Y	-0.00507194997796	0.00554748243406	0.0022704480593	-0.00312159078261	0.0013700529776	-0.00432177762361	-0.00427430672534	-0.00227155626576	-0.00210174820185	-0.00257837109482
35510	G960	G96.0 Cerebrospinal fluid leak	35500	4	60	Chapter VI	Y	Y	-0.00513512630956	0.00564289520189	0.00224406804599	-0.00320242871896	0.00146299785603	-0.00440407055537	-0.00433881458521	-0.00237128959521	-0.00221629832652	-0.00259226417344
35520	G961	G96.1 Disorders of meninges, not elsewhere classified	35500	4	60	Chapter VI	Y	Y	-0.00519694121132	0.00570282677293	0.00239140244501	-0.0031250308652	0.00143859335977	-0.00444065403312	-0.0044016806672	-0.0022221083038	-0.00219042868481	-0.00276172030064
35530	G968	G96.8 Other specified disorders of central nervous system	35500	4	60	Chapter VI	Y	Y	-0.0051179144019	0.00560505390339	0.00244031182955	-0.00303143535384	0.00134744900497	-0.00440296026516	-0.00433322088084	-0.00223337988384	-0.00212391732935	-0.00270091179857
35540	G969	G96.9 Disorder of central nervous system, unspecified	35500	4	60	Chapter VI	Y	Y	-0.00513485198927	0.00566883300219	0.00242429736235	-0.00304782214566	0.00144864959436	-0.00442171283752	-0.00440596686314	-0.00214008009994	-0.00218466965896	-0.00281028194571
35550	G97	G97 Postprocedural disorders of nervous system, not elsewhere classified	970	3	60	Chapter VI	Y	Y	-0.00457775987978	0.0078451081233	0.000926698137591	-0.0044584017191	0.0001291957829	-0.00203823946923	-0.000749532189698	-0.00245832846346	-0.00300913095126	-0.00252424090655
35560	G970	G97.0 Cerebrospinal fluid leak from spinal puncture	35550	4	60	Chapter VI	Y	Y	-0.0046248388194	0.00790460819871	0.000923272686374	-0.00450781931297	0.000130819785998	-0.00207729142809	-0.000880774359117	-0.00250045408503	-0.00305893800913	-0.00258508523947
35570	G971	G97.1 Other reaction to spinal and lumbar puncture	35550	4	60	Chapter VI	Y	Y	-0.00462863929242	0.00793247991508	0.000953298872954	-0.00449142087768	0.000118088367931	-0.00198749759636	-0.000780084922848	-0.00247403291399	-0.00303991511919	-0.00261390393291
35580	G972	G97.2 Intracranial hypotension following ventricular shunting	35550	4	60	Chapter VI	Y	Y	-0.00464157106169	0.00787417488119	0.000907162124224	-0.00448325617215	0.000132690724297	-0.00204842289613	-0.000921266233839	-0.00251939517643	-0.00303107925874	-0.00257612714507
35590	G978	G97.8 Other postprocedural disorders of nervous system	35550	4	60	Chapter VI	Y	Y	-0.0046163819806	0.00786714579913	0.000822465509468	-0.00437432418753	0.000146705332885	-0.00212497128228	-0.00102225888238	-0.00252721100636	-0.00305688336485	-0.00266469276065
35600	G979	G97.9 Postprocedural disorder of nervous system, unspecified	35550	4	60	Chapter VI	Y	Y	-0.00464908606119	0.00785743952146	0.000879240877664	-0.00444550735818	0.000134020331474	-0.00207549589191	-0.00097143319669	-0.00254836870134	-0.00302948396408	-0.00260935228777
35610	G98	G98 Other disorders of nervous system, not elsewhere classified	970	3	60	Chapter VI	Y	Y	-0.00263297450312	0.00302786033833	0.000115556446429	-0.00310733038867	0.000584111908496	-0.00244818789183	-0.0021525617614	-0.00303647650407	-0.0015662774357	0.000395284145864
35620	G99	G99 Other disorders of nervous system in diseases classified elsewhere	970	3	60	Chapter VI	Y	Y	-0.00686912691132	0.00587430680397	0.00241403182086	-0.00228728706532	3.55200915465e-05	-0.00284061323922	-0.0011919025472	-0.00371543825687	-0.00335125289234	-0.000616230902041
35630	G990	G99.0 Autonomic neuropathy in endocrine and metabolic diseases	35620	4	60	Chapter VI	Y	Y	-0.00702103648557	0.00590411826113	0.00250674378878	-0.00218008766264	-3.92397612895e-05	-0.00277896183528	-0.00106431132599	-0.00371333764347	-0.00343877645759	-0.000665177423786
35640	G991	G99.1 Other disorders of autonomic nervous system in other diseases classified elsewhere	35620	4	60	Chapter VI	Y	Y	-0.00704798808478	0.00593028109787	0.00244188271333	-0.00220797332811	-7.18492407054e-05	-0.00280019157663	-0.00107335865282	-0.00370234445679	-0.00348234266054	-0.000609976614834
35650	G992	G99.2 Myelopathy in diseases classified elsewhere	35620	4	60	Chapter VI	Y	Y	-0.00694216674222	0.00582416236671	0.00249227662508	-0.00218442226392	-3.71236291562e-06	-0.00275871168817	-0.00107854756438	-0.00371593430015	-0.00335025751957	-0.000641942674396
35660	G998	G99.8 Other specified disorders of nervous system in diseases classified elsewhere	35620	4	60	Chapter VI	Y	Y	-0.0071235635614	0.00602250106672	0.00247361189038	-0.00224536594562	-0.000107528953088	-0.00283603650465	-0.00113616400249	-0.00377526951399	-0.00352505023324	-0.000610317327346
