{
  "ancestor_ranking": {
    "mean_average_precision": 0.9809278350515463,
    "mean_positive_rank": 1.0618556701030928
  },
  "branch_separation": {
    "across_branch": {
      "count": 4000,
      "max": 3.494309112557846,
      "mean": 2.762274772722791,
      "median": 2.799948730684181,
      "min": 0.6522279663091404
    },
    "within_branch": {
      "count": 4000,
      "max": 3.3727643751688867,
      "mean": 2.2258893881239636,
      "median": 2.4883618411125132,
      "min": 0.003157452154698356
    }
  },
  "checkpoint_epoch": 294,
  "depth_radius": {
    "pearson": 0.4975122830821766,
    "spearman": 0.1986719318763254
  },
  "parent_ranking": {
    "depth_stratified_mean_rank": {
      "1": 1.0,
      "2": 1.3376623376623376,
      "3": 1.0,
      "4": 1.4
    },
    "mean_rank": 1.0618556701030928,
    "median_rank": 1.0
  },
  "radius_summary": {
    "internal": {
      "count": 11,
      "max": 0.6686584288832579,
      "mean": 0.4485383581914139,
      "median": 0.5331993444400643,
      "min": 0.1024636455178677
    },
    "leaf": {
      "count": 475,
      "max": 0.7368681428200072,
      "mean": 0.6910674092344363,
      "median": 0.6980651753912419,
      "min": 0.3083081763064224
    }
  },
  "reconstruction": {
    "map_rank": 0.3484217404347624,
    "mean_rank": 4.657731958762887
  },
  "sibling_cohesion": {
    "same_depth_non_siblings": {
      "count": 4000,
      "max": 3.4961493062653437,
      "mean": 2.7690376680610793,
      "median": 2.8094764931897727,
      "min": 0.013258698863435055
    },
    "siblings": {
      "count": 1517,
      "max": 3.3683814208989955,
      "mean": 0.6709256913848289,
      "median": 0.006626363069756213,
      "min": 0.0031574307139782013
    }
  }
}