{
  "embedding_dim": 10,
  "epoch": 289,
  "model_type": "distance",
  "node_count": 486,
  "radius_max": 0.9228822625348019,
  "radius_mean": 0.8337554920366593,
  "radius_min": 0.023736945497223282
}