{
  "ancestor_ranking": {
    "mean_average_precision": 0.805821194190314,
    "mean_positive_rank": 3.4030927835051545
  },
  "branch_separation": {
    "across_branch": {
      "count": 4000,
      "max": 5.754434513253027,
      "mean": 4.469368030012613,
      "median": 4.500289393904595,
      "min": 1.06808585429106
    },
    "within_branch": {
      "count": 4000,
      "max": 4.677182480241698,
      "mean": 2.372487532162828,
      "median": 2.5478694150860117,
      "min": 0.0031578382605322868
    }
  },
  "checkpoint_epoch": 289,
  "depth_radius": {
    "pearson": 0.2496989626145048,
    "spearman": 0.12041440019066121
  },
  "parent_ranking": {
    "depth_stratified_mean_rank": {
      "1": 1.0,
      "2": 1.0,
      "3": 1.0309278350515463,
      "4": 1.1
    },
    "mean_rank": 1.02680412371134,
    "median_rank": 1.0
  },
  "radius_summary": {
    "internal": {
      "count": 11,
      "max": 0.8796478246928195,
      "mean": 0.7113253686634639,
      "median": 0.8038769784264451,
      "min": 0.023736945497223282
    },
    "leaf": {
      "count": 475,
      "max": 0.9228822625348019,
      "mean": 0.8365907159463545,
      "median": 0.8480428481952786,
      "min": 0.5171187496625641
    }
  },
  "reconstruction": {
    "map_rank": 0.2938762383258984,
    "mean_rank": 15.89108187134503
  },
  "sibling_cohesion": {
    "same_depth_non_siblings": {
      "count": 4000,
      "max": 5.665007184241056,
      "mean": 4.117976298063424,
      "median": 4.316832307550044,
      "min": 0.17259986475947556
    },
    "siblings": {
      "count": 1517,
      "max": 5.091453260534956,
      "mean": 0.9296216450542403,
      "median": 0.17465932465343076,
      "min": 0.0031578360477459277
    }
  }
}