{
  "ancestor_ranking": {
    "mean_average_precision": 0.8880510554737359,
    "mean_positive_rank": 1.9608247422680412
  },
  "branch_separation": {
    "across_branch": {
      "count": 4000,
      "max": 4.903802759886473,
      "mean": 3.8544137442084274,
      "median": 3.854522048545153,
      "min": 1.2939994953098926
    },
    "within_branch": {
      "count": 4000,
      "max": 3.338018115596905,
      "mean": 1.3764702048535742,
      "median": 1.3573476028603406,
      "min": 0.0031578444328922636
    }
  },
  "checkpoint_epoch": 294,
  "depth_radius": {
    "pearson": 0.18807630186383187,
    "spearman": 0.019481538921217706
  },
  "parent_ranking": {
    "depth_stratified_mean_rank": {
      "1": 1.0,
      "2": 1.0129870129870129,
      "3": 1.0360824742268042,
      "4": 1.0
    },
    "mean_rank": 1.0309278350515463,
    "median_rank": 1.0
  },
  "radius_summary": {
    "internal": {
      "count": 11,
      "max": 0.8450896897688318,
      "mean": 0.7128963485555588,
      "median": 0.7922727572630635,
      "min": 0.046196123134986805
    },
    "leaf": {
      "count": 475,
      "max": 0.8631801451823836,
      "mean": 0.7845580264402955,
      "median": 0.7963590802736122,
      "min": 0.05167642522828943
    }
  },
  "reconstruction": {
    "map_rank": 0.28878752588158024,
    "mean_rank": 12.094791666666667
  },
  "sibling_cohesion": {
    "same_depth_non_siblings": {
      "count": 4000,
      "max": 4.887650843682284,
      "mean": 3.4880002291101238,
      "median": 3.755871916377086,
      "min": 0.014734547764900496
    },
    "siblings": {
      "count": 1517,
      "max": 4.753157748654169,
      "mean": 0.5449573580325907,
      "median": 0.011585956914370744,
      "min": 0.0031575838666012337
    }
  }
}