{
  "ancestor_ranking": {
    "mean_average_precision": 0.9552830960562919,
    "mean_positive_rank": 1.2268041237113403
  },
  "branch_separation": {
    "across_branch": {
      "count": 4000,
      "max": 0.0333459544807592,
      "mean": 0.02142882126146931,
      "median": 0.02134765110777439,
      "min": 0.005004984288722499
    },
    "within_branch": {
      "count": 4000,
      "max": 0.03072433705340324,
      "mean": 0.008963923893845876,
      "median": 0.008140930722092946,
      "min": 0.0031573367709405806
    }
  },
  "checkpoint_epoch": 24,
  "depth_radius": {
    "pearson": 0.5692517438793342,
    "spearman": 0.36325055282085733
  },
  "parent_ranking": {
    "depth_stratified_mean_rank": {
      "1": 1.0,
      "2": 1.7792207792207793,
      "3": 1.1288659793814433,
      "4": 1.0
    },
    "mean_rank": 1.2268041237113403,
    "median_rank": 1.0
  },
  "radius_summary": {
    "internal": {
      "count": 11,
      "max": 0.006126628000225181,
      "mean": 0.0036686560354197593,
      "median": 0.003300889515603914,
      "min": 0.001468464582398394
    },
    "leaf": {
      "count": 475,
      "max": 0.011669989871272145,
      "mean": 0.007194791624880184,
      "median": 0.007199402836275459,
      "min": 0.001985219443613626
    }
  },
  "reconstruction": {
    "map_rank": 0.3024145053427674,
    "mean_rank": 7.538144329896907
  },
  "sibling_cohesion": {
    "same_depth_non_siblings": {
      "count": 4000,
      "max": 0.0313866987831594,
      "mean": 0.020149487742864028,
      "median": 0.021700166403495043,
      "min": 0.0031603129503239335
    },
    "siblings": {
      "count": 1517,
      "max": 0.029863491564696216,
      "mean": 0.005105244581465738,
      "median": 0.003160632227534373,
      "min": 0.003157310122754018
    }
  }
}