node_id	coding	meaning	parent_id	depth	top_branch_id	top_branch_code	selectable	is_target_code	dim_1	dim_2	dim_3	dim_4	dim_5	dim_6	dim_7	dim_8	dim_9	dim_10
1130	Block I00-I02	I00-I02 Acute rheumatic fever	90	1	1130	Block I00-I02	N	N	-0.00089160677344	0.000652977050641	-0.00282897745169	-0.000692524011283	-0.00176861857507	0.0037474081905	1.91320238358e-05	-0.00157539696734	0.000181141574926	-0.000210861488034
90	Chapter IX	Chapter IX Diseases of the circulatory system	0	0	90	Chapter IX	N	N	-0.000265635461163	0.000206428853011	0.000125131553811	-0.000129594686597	-8.48005817752e-05	0.000557242603913	0.000369076206214	0.00013850487434	0.000261300483202	-0.000188623326664
1140	Block I05-I09	I05-I09 Chronic rheumatic heart diseases	90	1	1140	Block I05-I09	N	N	0.000429199500326	-0.00055257868523	0.00446281618612	-0.00194757593452	5.14814957999e-05	-0.00223881442731	-0.00398981568797	-0.000571065968268	-0.00346556366519	0.00136854136626
1150	Block I10-I15	I10-I15 Hypertensive diseases	90	1	1150	Block I10-I15	N	N	-0.00232134600078	-0.00128132755351	0.000864878260804	0.00198792265065	-0.00143691994553	0.00255947963023	0.00482060669332	-0.00213363298794	8.49875986277e-05	-0.00135122614757
1160	Block I20-I25	I20-I25 Ischaemic heart diseases	90	1	1160	Block I20-I25	N	N	-0.0020686624458	0.000312478894086	-0.00307815375925	-0.00253315263418	0.00488256177651	0.00180259240271	0.000508182783469	0.00350509687131	-0.00169320154693	0.0017855176497
1170	Block I26-I28	I26-I28 Pulmonary heart disease and diseases of pulmonary circulation	90	1	1170	Block I26-I28	N	N	0.00107527356864	-0.00106013049286	0.00272749174036	-0.0015077915386	0.00260169532378	-0.00149728434644	0.00151073641289	0.00133567592321	0.00211266375446	-0.00323878800475
1180	Block I30-I52	I30-I52 Other forms of heart disease	90	1	1180	Block I30-I52	N	N	0.00161335807284	-1.74683843933e-05	0.000610337542067	-0.00179608468602	0.0026912002656	0.000537327559358	-0.00181211053231	-0.00252124539167	0.00469883999919	-0.0048069384087
1190	Block I60-I69	I60-I69 Cerebrovascular diseases	90	1	1190	Block I60-I69	N	N	-0.000206875336742	-0.00175330043774	0.00154386421134	0.00257345428157	0.000350315099879	0.00248641247511	-0.00407034921705	0.00424268208661	0.000793402065201	0.00259797678094
1200	Block I70-I79	I70-I79 Diseases of arteries, arterioles and capillaries	90	1	1200	Block I70-I79	N	N	-0.00393354545206	0.00494223174772	-0.000796428222756	-0.00120694738251	-0.00291384834295	0.00437335039908	0.00194154951854	0.000351723676693	0.000854325129402	-0.000775582392369
1210	Block I80-I89	I80-I89 Diseases of veins, lymphatic vessels and lymph nodes, not elsewhere classified	90	1	1210	Block I80-I89	N	N	0.00143013912314	-0.00122485029807	-0.00188906504682	0.00204679436872	-0.00209294106589	-0.00482391666891	0.00130363909563	-0.00186994187263	-0.00341174035827	0.00288317639253
1220	Block I95-I99	I95-I99 Other and unspecified disorders of the circulatory system	90	1	1220	Block I95-I99	N	N	0.00155898869903	0.00265047673516	-0.000417955686879	0.00236886362356	-0.00351028978917	-0.00308902694208	0.00208342930599	0.00171146181489	0.000801050547092	0.00200674977906
40110	I00	I00 Rheumatic fever without mention of heart involvement	1130	2	1130	Block I00-I02	Y	Y	-0.00104187928017	0.00084648373693	-0.00180042764847	-0.000414693494558	-0.00122896742343	0.00286426250162	0.000434603340676	-0.000695217658639	0.000366619356475	-0.000212838035841
40120	I01	I01 Rheumatic fever with heart involvement	1130	2	1130	Block I00-I02	Y	Y	-0.00154554152692	-0.00141389134401	-0.00415083161111	-0.00350807786261	-0.00146047367829	0.00454299177922	-0.000289250376676	-0.00437954238715	0.000340465531649	0.00382457828212
40130	I010	I01.0 Acute rheumatic pericarditis	40120	3	1130	Block I00-I02	Y	Y	-0.00159783137188	-0.00141932855874	-0.00426904681334	-0.00355761570004	-0.00156529285607	0.00471297976017	-0.000233025044649	-0.00453643510143	0.00029516361027	0.00388341965503
40140	I011	I01.1 Acute rheumatic endocarditis	40120	3	1130	Block I00-I02	Y	Y	-0.00159404149011	-0.00136142781198	-0.00425827641244	-0.00355327781391	-0.00145368251493	0.00459920579198	-0.000273136493712	-0.00432591371859	0.000341350686661	0.00380409691575
40150	I012	I01.2 Acute rheumatic myocarditis	40120	3	1130	Block I00-I02	Y	Y	-0.00158821465128	-0.00146764685781	-0.00422123769426	-0.00361054485201	-0.00150315011492	0.00465111662724	-0.000231851883926	-0.00455053167652	0.000302746217024	0.003956862544
40160	I018	I01.8 Other acute rheumatic heart disease	40120	3	1130	Block I00-I02	Y	Y	-0.00157096446766	-0.00137921650591	-0.00419025779742	-0.00353615082847	-0.00140748175969	0.00454687270745	-0.000292317503155	-0.00426252761879	0.000337142547419	0.00379078409244
40170	I019	I01.9 Acute rheumatic heart disease, unspecified	40120	3	1130	Block I00-I02	Y	Y	-0.00160803889898	-0.00137914587257	-0.00425954763137	-0.00353065247807	-0.00156636259675	0.0047162279418	-0.000229184521897	-0.00450669450143	0.000299454942485	0.00385685704039
40180	I02	I02 Rheumatic chorea	1130	2	1130	Block I00-I02	Y	Y	0.000641902167467	0.00281987820918	-0.0078814652452	0.00262221965056	0.000350200130603	0.00380590625667	-0.00088842460221	-0.00179998581245	0.000799449270067	0.00163796864929
40190	I020	I02.0 Rheumatic chorea with heart involvement	40180	3	1130	Block I00-I02	Y	Y	0.000691663840282	0.00297064563416	-0.00835011613324	0.00282624159754	0.000383402942775	0.00398311360665	-0.000942012540579	-0.00190203332585	0.000817991936196	0.00179197666559
40200	I029	I02.9 Rheumatic chorea without heart involvement	40180	3	1130	Block I00-I02	Y	Y	0.000763028974686	0.00291037099728	-0.00832957193398	0.00286964007067	0.000410845158882	0.00400167577016	-0.00103168346521	-0.0019026921586	0.000871214566322	0.00175756398131
40210	I05	I05 Rheumatic mitral valve diseases	1140	2	1140	Block I05-I09	Y	Y	-0.00491551493951	-0.000503716175916	0.00303037250499	-0.00021436497851	0.00219205777987	-0.00420244772462	-0.00437451616011	0.000952470994089	-0.00378535605869	0.000474859356967
40220	I050	I05.0 Mitral stenosis	40210	3	1140	Block I05-I09	Y	Y	-0.00526697208146	-0.000502244877012	0.00311768971819	-0.000188351449819	0.00238569003546	-0.00446158453086	-0.00460072993027	0.00105919899144	-0.00391553923614	0.00033039852339
40230	I051	I05.1 Rheumatic mitral insufficiency	40210	3	1140	Block I05-I09	Y	Y	-0.00520193181138	-0.000535923660157	0.00302826619564	-0.000153871085778	0.0022556229575	-0.00433870979039	-0.00439951894403	0.00101088299476	-0.00391312321138	0.000545267774117
40240	I052	I05.2 Mitral stenosis with insufficiency	40210	3	1140	Block I05-I09	Y	Y	-0.00533658585895	-0.000534815803021	0.00293073251322	-9.18769878232e-05	0.00226972558446	-0.00437818619244	-0.00436462065802	0.00107655645861	-0.00392895759833	0.000560272661552
40250	I058	I05.8 Other mitral valve diseases	40210	3	1140	Block I05-I09	Y	Y	-0.00527299494474	-0.000526753639035	0.00291792560883	-0.000105341029898	0.00223968214542	-0.0043237391821	-0.00432020861258	0.00105132971766	-0.00388708112363	0.00057045427478
40260	I059	I05.9 Mitral valve disease, unspecified	40210	3	1140	Block I05-I09	Y	Y	-0.0050619694962	-0.000515508785419	0.0030332776956	-0.000191846895842	0.00225377967538	-0.00428985026058	-0.00442214259969	0.000994988668462	-0.00384791447752	0.000465705896365
40270	I06	I06 Rheumatic aortic valve diseases	1140	2	1140	Block I05-I09	Y	Y	0.0021431161089	-0.000639018956515	0.00483432092279	-0.00302669337095	-0.00036510244488	-0.00128921515983	-0.00406082588504	-0.0011020158016	-0.00592336368337	0.000826750271992
40280	I060	I06.0 Rheumatic aortic stenosis	40270	3	1140	Block I05-I09	Y	Y	0.0020314046798	-0.000632099959296	0.00490761961199	-0.003077487052	-0.000376049205693	-0.00137633525328	-0.00412790806945	-0.00114809322156	-0.00604559747482	0.000867616640512
40290	I061	I06.1 Rheumatic aortic insufficiency	40270	3	1140	Block I05-I09	Y	Y	0.00213491571783	-0.000627653552138	0.00490957397601	-0.0031929693271	-0.000398401896334	-0.00128276470211	-0.00409535021118	-0.00123487984738	-0.00612253122254	0.00079084173494
40300	I062	I06.2 Rheumatic aortic stenosis with insufficiency	40270	3	1140	Block I05-I09	Y	Y	0.0019742955374	-0.000624452076475	0.00492924705099	-0.0030796048822	-0.000355895307596	-0.00137272014118	-0.00412196225	-0.00115310427819	-0.00596501612941	0.000873398959951
40310	I068	I06.8 Other rheumatic aortic valve diseases	40270	3	1140	Block I05-I09	Y	Y	0.00210803674005	-0.000643518577973	0.00493569624056	-0.00314260480805	-0.000393035362604	-0.00131641417442	-0.00409930019342	-0.00120200311602	-0.00609014949332	0.000823913961969
40320	I069	I06.9 Rheumatic aortic valve disease, unspecified	40270	3	1140	Block I05-I09	Y	Y	0.00216064148554	-0.000646528468787	0.00510995571189	-0.00316618864189	-0.000348118542316	-0.00135328164233	-0.00426427506556	-0.00120754858039	-0.00609739856129	0.000904344874114
40330	I07	I07 Rheumatic tricuspid valve diseases	1140	2	1140	Block I05-I09	Y	Y	0.0011774145117	-0.000656962066609	0.00745882566423	0.000416089252049	0.000242444531771	-0.00198014138231	-0.00294247215878	0.00102236653626	-0.00447695889119	-0.000236582742829
40340	I070	I07.0 Tricuspid stenosis	40330	3	1140	Block I05-I09	Y	Y	0.00115321284191	-0.000750454181886	0.00787160242568	0.000668939051532	0.000333562192369	-0.001930066125	-0.00282300721246	0.00107961108804	-0.00473842730724	-0.000377574462735
40350	I071	I07.1 Tricuspid insufficiency	40330	3	1140	Block I05-I09	Y	Y	0.00115205106939	-0.000745778291742	0.00786972575809	0.000670291634888	0.000305282527937	-0.00192151134458	-0.00279447893397	0.00105523044047	-0.00474008213994	-0.000390317646863
40360	I072	I07.2 Tricuspid stenosis with insufficiency	40330	3	1140	Block I05-I09	Y	Y	0.0012288355167	-0.000713694283524	0.0077275274216	0.000679432188615	0.000285762663822	-0.00190211348374	-0.00278618353808	0.00114795319328	-0.00461140681566	-0.00040634898938
40370	I078	I07.8 Other tricuspid valve diseases	40330	3	1140	Block I05-I09	Y	Y	0.00124533585326	-0.000707349471116	0.00765648204628	0.000684392947407	0.000258714382355	-0.00190899205225	-0.00278462035845	0.00116292959353	-0.00457480802037	-0.000366968754971
40380	I079	I07.9 Tricuspid valve disease, unspecified	40330	3	1140	Block I05-I09	Y	Y	0.00123811695827	-0.000683328356814	0.00768288267019	0.000592588841677	0.000261887805888	-0.00196127685206	-0.00285523430293	0.00108183027034	-0.00456404243197	-0.000387758487488
40390	I08	I08 Multiple valve diseases	1140	2	1140	Block I05-I09	Y	Y	0.00337188802213	-0.000341680796715	0.00234213760591	-0.0010373332292	-0.000383852394697	-0.00247959310635	-0.00621225794701	0.000780215608967	0.000266923000432	0.0050268071717
40400	I080	I08.0 Disorders of both mitral and aortic valves	40390	3	1140	Block I05-I09	Y	Y	0.0034044487091	-0.000349722793694	0.0021930492709	-0.00100839672605	-0.000426133068311	-0.00253520176637	-0.0062025186251	0.000768624432182	0.000359766029133	0.00515237527056
40410	I081	I08.1 Disorders of both mitral and tricuspid valves	40390	3	1140	Block I05-I09	Y	Y	0.00344282045689	-0.000327465126543	0.00246106323101	-0.00109054035703	-0.000369240219522	-0.00253557632013	-0.00629886374607	0.000718978476925	0.000273673637259	0.00501359430092
40420	I082	I08.2 Disorders of both aortic and tricuspid valves	40390	3	1140	Block I05-I09	Y	Y	0.00345131157638	-0.000370032825086	0.00216092807406	-0.000917158843261	-0.000447219051669	-0.00252165072799	-0.00623161402119	0.000778932974147	0.000387185713631	0.00524896191944
40430	I083	I08.3 Combined disorders of mitral, aortic and tricuspid valves	40390	3	1140	Block I05-I09	Y	Y	0.00350313598005	-0.000303294059261	0.00211548575859	-0.000870233161851	-0.0003862891365	-0.00236630465301	-0.00622893362254	0.000903797634539	0.00064760341586	0.00509810537045
40440	I088	I08.8 Other multiple valve diseases	40390	3	1140	Block I05-I09	Y	Y	0.00342759493652	-0.000337910511484	0.00221709057757	-0.000990223741928	-0.000420091517733	-0.00251067953373	-0.00626374727053	0.000802938148874	0.000402407941728	0.00518469306759
40450	I089	I08.9 Multiple valve disease, unspecified	40390	3	1140	Block I05-I09	Y	Y	0.00336649652669	-0.000330685330671	0.00244283793787	-0.0010764678903	-0.000371153250282	-0.00252996502566	-0.00626950714226	0.000775537646719	0.000218115580986	0.00501189509088
40460	I09	I09 Other rheumatic heart diseases	1140	2	1140	Block I05-I09	Y	Y	-0.00155370106607	-0.00200197019982	0.00561571139701	-0.00418514129931	-0.000883399599505	-0.00213125892711	-0.00335207333516	-0.00185423491984	-0.00197585682897	0.003835822173
40470	I090	I09.0 Rheumatic myocarditis	40460	3	1140	Block I05-I09	Y	Y	-0.00165278129126	-0.00194913989417	0.00585925547615	-0.00391075826101	-0.000803082721712	-0.00226109228634	-0.00357302359099	-0.00176122654159	-0.00219216003561	0.00369992717655
40480	I091	I09.1 Rheumatic diseases of endocardium, valve unspecified	40460	3	1140	Block I05-I09	Y	Y	-0.00167504271276	-0.002005926697	0.0058185922307	-0.00412590339685	-0.000837885557976	-0.00222147408432	-0.00348991663885	-0.00183536097983	-0.00205990544714	0.00384644719456
40490	I092	I09.2 Chronic rheumatic pericarditis	40460	3	1140	Block I05-I09	Y	Y	-0.0016757867923	-0.00200564239389	0.00584596894868	-0.00412047035307	-0.000844188792547	-0.0022338529284	-0.00350400017121	-0.00182519167794	-0.0021003785347	0.00382465853061
40500	I098	I09.8 Other specified rheumatic heart diseases	40460	3	1140	Block I05-I09	Y	Y	-0.00164895739479	-0.0019545223795	0.00584197458193	-0.00392634605908	-0.0007963190522	-0.00227823211412	-0.0035826025131	-0.00174844599705	-0.00218398711331	0.00369377265686
40510	I099	I09.9 Rheumatic heart disease, unspecified	40460	3	1140	Block I05-I09	Y	Y	-0.00171207756298	-0.00192032936498	0.00588050538913	-0.00410325178558	-0.000718464204089	-0.00222670378479	-0.00356342060764	-0.00187542494457	-0.00203180787827	0.00377098929404
40520	I10	I10 Essential (primary) hypertension	1150	2	1150	Block I10-I15	Y	Y	-0.00206441083697	0.000260623667241	5.88871514273e-05	0.000545587984827	-0.00217880869374	0.00292826924069	0.00296502290944	-0.00157000470688	0.000483874634913	-0.0018402060466
40530	I11	I11 Hypertensive heart disease	1150	2	1150	Block I10-I15	Y	Y	0.00327034678069	-0.00314953088108	-0.00219775009848	0.00461003787966	-0.0019081391447	0.00101423227431	0.00534555384757	0.00374004451519	0.0029054736386	-0.00221800837343
40540	I110	I11.0 Hypertensive heart disease with (congestive) heart failure	40530	3	1150	Block I10-I15	Y	Y	0.00334672111341	-0.00320939511279	-0.0022631730494	0.00470776567656	-0.00193558417026	0.000972697715969	0.00543966988813	0.00384457503489	0.00293073773743	-0.00224768936952
40550	I119	I11.9 Hypertensive heart disease without (congestive) heart failure	40530	3	1150	Block I10-I15	Y	Y	0.00339597022359	-0.00321697472407	-0.00226871908471	0.0046951561104	-0.00196815407495	0.000993569684895	0.00538937772398	0.00387622494689	0.00298013221936	-0.00222333914155
40560	I12	I12 Hypertensive renal disease	1150	2	1150	Block I10-I15	Y	Y	-0.00218840544643	-0.00311161956068	0.00265884518037	0.000608890019669	0.00078568251528	0.002632733609	0.00714840221489	-0.0046425213319	-0.000139035834051	0.0018795719296
40570	I120	I12.0 Hypertensive renal disease with renal failure	40560	3	1150	Block I10-I15	Y	Y	-0.00220710501679	-0.00316776644147	0.0027193460754	0.000559048388968	0.000836878244625	0.0026749913401	0.00724388372717	-0.00471626250688	-0.000136409187786	0.00200294449916
40580	I129	I12.9 Hypertensive renal disease without renal failure	40560	3	1150	Block I10-I15	Y	Y	-0.0022595145624	-0.00315882668528	0.0026724482692	0.00064525546667	0.0007092446914	0.00269921992454	0.00730281101378	-0.00469558174929	-0.000151472033349	0.00186196707426
40590	I13	I13 Hypertensive heart and renal disease	1150	2	1150	Block I10-I15	Y	Y	-0.00123271025978	-0.00204663040044	-0.000483530240099	0.00166078153632	0.00102342829034	0.00202256820446	0.006711374451	0.00256745244105	-0.00372385983162	-0.00482722611755
40600	I130	I13.0 Hypertensive heart and renal disease with (congestive) heart failure	40590	3	1150	Block I10-I15	Y	Y	-0.00121232366023	-0.00209224060818	-0.000541498404889	0.00170276612991	0.00107211081126	0.00195279417709	0.00671467074812	0.00274006524646	-0.00376401604817	-0.00501482765746
40610	I131	I13.1 Hypertensive heart and renal disease with renal failure	40590	3	1150	Block I10-I15	Y	Y	-0.00121117501891	-0.00203780932534	-0.000532728511181	0.00165460605082	0.00108810067758	0.00206053101876	0.00670533024921	0.00264435115876	-0.00379035816698	-0.00481372242778
40620	I132	I13.2 Hypertensive heart and renal disease with both (congestive) heart failure and renal failure	40590	3	1150	Block I10-I15	Y	Y	-0.00119212012336	-0.002089225793	-0.000524310896415	0.00168280327861	0.0010555259578	0.00192163914682	0.0067047583201	0.00272691921729	-0.00374728711372	-0.00499224829931
40630	I139	I13.9 Hypertensive heart and renal disease, unspecified	40590	3	1150	Block I10-I15	Y	Y	-0.00118689076178	-0.0020820660651	-0.000539489989177	0.00163840553959	0.00111292531023	0.00200203797583	0.00675521481928	0.00272627687335	-0.00382229940376	-0.00494610110593
40640	I15	I15 Secondary hypertension	1150	2	1150	Block I10-I15	Y	Y	-0.00414509227062	0.000130446629522	0.00243009753602	0.00554646926446	-0.000539611198679	0.000182748315367	0.0053020333981	-0.00330118420366	0.00161194425834	-9.30871404214e-05
40650	I150	I15.0 Renovascular hypertension	40640	3	1150	Block I10-I15	Y	Y	-0.00434689293973	7.40960464879e-05	0.00246226094492	0.00576459619946	-0.000678012090326	0.000276806137678	0.00557619490129	-0.00339618579692	0.00166535822333	-0.000112150996779
40660	I151	I15.1 Hypertension secondary to other renal disorders	40640	3	1150	Block I10-I15	Y	Y	-0.00423818581429	3.16320441882e-05	0.00258695561824	0.0057003619053	-0.000571678940206	0.000229969221094	0.00556371665325	-0.0034658150932	0.00153036156808	-0.000167971187747
40670	I152	I15.2 Hypertension secondary to endocrine disorders	40640	3	1150	Block I10-I15	Y	Y	-0.00431560386394	1.80998199067e-06	0.002576193558	0.00574611702646	-0.000683776851495	0.000309945412906	0.00566656336052	-0.00347035779345	0.00157744454098	-0.000196537072084
40680	I158	I15.8 Other secondary hypertension	40640	3	1150	Block I10-I15	Y	Y	-0.00423078296343	-2.04155905153e-06	0.00245025711391	0.00560757214114	-0.000673368311533	0.000352512249331	0.0055948960477	-0.00338841740233	0.00157122085301	-0.000228214622502
40690	I159	I15.9 Seconday hypertension, unspecified	40640	3	1150	Block I10-I15	Y	Y	-0.00424176222981	1.89512761368e-05	0.0025812576685	0.00570646430801	-0.000604423481939	0.000220489292027	0.00557807952518	-0.00346374156215	0.00156086489598	-0.000147290750986
40700	I20	I20 Angina pectoris	1160	2	1160	Block I20-I25	Y	Y	-0.00313048278783	-0.00133251481481	-0.00345236482746	-0.00185149918708	0.00590443490119	0.00377568346189	0.000973952657658	0.00407706993494	-0.000333873301064	0.00374052709216
40710	I200	I20.0 Unstable angina	40700	3	1160	Block I20-I25	Y	Y	-0.0032003776853	-0.00132844085175	-0.00366161124981	-0.00198884080207	0.00597937708112	0.00370069127027	0.00102961775443	0.00421083472598	-0.000405772113468	0.00371448415839
40720	I201	I20.1 Angina pectoris with documented spasm	40700	3	1160	Block I20-I25	Y	Y	-0.00325748218186	-0.00129786910272	-0.00342231165002	-0.00182560415874	0.0056556506506	0.00367779025935	0.00108955359803	0.00404337459614	-0.000103863013038	0.00348469915675
40730	I208	I20.8 Other forms of angina pectoris	40700	3	1160	Block I20-I25	Y	Y	-0.00327747117318	-0.00127151240124	-0.00366005438851	-0.00200506561972	0.00594679404081	0.00366109978822	0.00115127908691	0.00423544837448	-0.00025904304466	0.0035790620106
40740	I209	I20.9 Angina pectoris, unspecified	40700	3	1160	Block I20-I25	Y	Y	-0.0032445619946	-0.00128175843496	-0.00360994695297	-0.00197879493462	0.00592218235304	0.00369937281829	0.00110876910901	0.00419067166137	-0.000281615287023	0.00362479724645
40750	I21	I21 Acute myocardial infarction	1160	2	1160	Block I20-I25	Y	Y	-0.00562610242912	-0.0018569908694	-0.00608470256739	-0.0017608327866	0.00358594971438	-3.27237015701e-05	-0.001564940824	0.00218039526759	-0.00146405230672	0.000717538104579
40760	I210	I21.0 Acute transmural myocardial infarction of anterior wall	40750	3	1160	Block I20-I25	Y	Y	-0.00581707864373	-0.00199699472872	-0.00627082016081	-0.00199130499079	0.00347525277131	-0.000217943509326	-0.00174422832235	0.00217312245442	-0.00157549186119	0.000644996691073
40770	I211	I21.1 Acute transmural myocardial infarction of inferior wall	40750	3	1160	Block I20-I25	Y	Y	-0.00572201527389	-0.00191515746237	-0.00619969652605	-0.00198260633929	0.00360651985322	-0.000163804641125	-0.00166071866554	0.00228585293034	-0.00156934650289	0.00074450175271
40780	I212	I21.2 Acute transmural myocardial infarction of other sites	40750	3	1160	Block I20-I25	Y	Y	-0.00570218821375	-0.00190045635606	-0.00618693450076	-0.00179727148615	0.00355476669532	-0.000108932721954	-0.00162848967612	0.00220892958054	-0.00151041445864	0.000714933807872
40790	I213	I21.3 Acute transmural myocardial infarction of unspecified site	40750	3	1160	Block I20-I25	Y	Y	-0.00569434453856	-0.00192674687081	-0.00620847138871	-0.00202257191291	0.00365066707712	-9.26236642805e-05	-0.00166279491522	0.00236158126806	-0.00163479020498	0.000777946340208
40800	I214	I21.4 Acute subendocardial myocardial infarction	40750	3	1160	Block I20-I25	Y	Y	-0.00579652719679	-0.00196136738664	-0.00628680196566	-0.00194717652704	0.00354686499953	-0.000167725685771	-0.00171171945697	0.00221192171441	-0.00156836772613	0.000662450443204
40810	I219	I21.9 Acute myocardial infarction, unspecified	40750	3	1160	Block I20-I25	Y	Y	-0.00580487706874	-0.0019419475806	-0.00630839152815	-0.00204785822249	0.00360794104044	-0.000208101641443	-0.00169788869892	0.00229467430025	-0.00162352793393	0.0007457583991
40820	I21X	I21.X Presumed acute myicardial infaction (unconfirmed)	40750	3	1160	Block I20-I25	Y	Y	-0.00575454113656	-0.00188984042921	-0.00625794271228	-0.00208858523194	0.00373737737885	-9.29847656069e-05	-0.00164244550978	0.00242874986372	-0.00165342344786	0.000788485311075
40830	I22	I22 Subsequent myocardial infarction	1160	2	1160	Block I20-I25	Y	Y	-0.000723691577944	0.00330689737017	-0.00330956319691	-0.00343435631392	0.00544048938981	0.000422862500598	0.000564790388389	0.00536695550502	-0.00298952393705	0.00129739721575
40840	I220	I22.0 Subsequent myocardial infarction of anterior wall	40830	3	1160	Block I20-I25	Y	Y	-0.000532450523733	0.00360751424959	-0.00327907845952	-0.00349105261051	0.00537273480898	0.000255409658413	0.00059439047033	0.0054107695397	-0.00306080556448	0.00117314556032
40850	I221	I22.1 Subsequent myocardial infarction of inferior wall	40830	3	1160	Block I20-I25	Y	Y	-0.000560382228218	0.00346793413055	-0.00327767431753	-0.00347683139675	0.00540983947387	0.000286150981657	0.000582749640459	0.0053826202973	-0.00303183220919	0.00118729902056
40860	I228	I22.8 Subsequent myocardial infarction of other sites	40830	3	1160	Block I20-I25	Y	Y	-0.000682916560711	0.00341435574056	-0.00336771799554	-0.00351169035729	0.00552967879611	0.000433442957275	0.000589125045713	0.00545651193256	-0.00307280272378	0.00128037397261
40870	I229	I22.9 Subsequent myocardial infarction of unspecified site	40830	3	1160	Block I20-I25	Y	Y	-0.000562588296452	0.00356387802479	-0.0032880434319	-0.00348117285242	0.00535914814262	0.000313420952726	0.00057683738901	0.00538728588724	-0.00304944113759	0.00118706445526
40880	I23	I23 Certain current complications following acute myocardial infarction	1160	2	1160	Block I20-I25	Y	Y	-0.00171303837584	0.00517993301424	-0.000367325226844	-0.00630285678888	0.0029509084107	0.000289031280915	0.00126706271398	0.00360050035403	0.00011730022839	0.00256193808965
40890	I230	I23.0 Haemopericardium as current complication following acute myocardial infarction	40880	3	1160	Block I20-I25	Y	Y	-0.00175425958477	0.00529699924279	-0.000401917499986	-0.00638486664048	0.00300323674881	0.000215548332546	0.0013158798701	0.00365796314336	8.82758796381e-05	0.00258284655185
40900	I231	I23.1 Atrial septal defect as current complication following acute myocardial infarction	40880	3	1160	Block I20-I25	Y	Y	-0.00167077536691	0.00529931232673	-0.000321313595097	-0.00654764169324	0.00302765350144	0.000193295225667	0.00127646459473	0.00365039159722	0.000255054306691	0.00264442592388
40910	I232	I23.2 Ventricular septal defect as current complication following acute myocardial infarction	40880	3	1160	Block I20-I25	Y	Y	-0.00175661154693	0.00542175538768	-0.000429782532591	-0.0066126996232	0.00307974280265	0.000204709478601	0.00130008246456	0.00374298478405	9.77308985484e-05	0.00271382645374
40920	I233	I23.3 Rupture of cardiac wall without haemopericardium as current complication following acute myocardial infarction	40880	3	1160	Block I20-I25	Y	Y	-0.00182651593562	0.00553047760382	-0.000433869496095	-0.00662368951717	0.00292631510621	0.000221487159225	0.00126413682812	0.00368203275379	0.000144513044072	0.00257549782101
40930	I234	I23.4 Rupture of chordae tendineae as current complication following acute myocardial infarction	40880	3	1160	Block I20-I25	Y	Y	-0.00173978205104	0.0052764002095	-0.000370593809637	-0.00645069954203	0.00299819201824	0.000261644632393	0.00130416592741	0.00367715686717	0.000112807669236	0.00263422103745
40940	I235	I23.5 Rupture of papillary muscle as current complication following acute myocardial infarction	40880	3	1160	Block I20-I25	Y	Y	-0.00178785211866	0.00539251807417	-0.000389523372082	-0.00643518503396	0.00292094511983	0.000276040641063	0.00128275888818	0.0036739591588	0.00011997096641	0.00257796286532
40950	I236	I23.6 Thrombosis of atrium, auricular appendage and ventricle as current complications following acute myocardial infarction	40880	3	1160	Block I20-I25	Y	Y	-0.00179390154492	0.00549234401959	-0.000426663335275	-0.00667279315062	0.00301811486676	0.000186047038917	0.0012935507647	0.0036961050159	0.000162319551458	0.00261288905867
40960	I238	I23.8 Other current complications following acute myocardial infarction	40880	3	1160	Block I20-I25	Y	Y	-0.0017698602877	0.0054102901798	-0.000423316306434	-0.0065921583291	0.00307527104651	0.000220922644816	0.00131059968713	0.00374500183709	6.5032504657e-05	0.00273001120996
40970	I24	I24 Other acute ischaemic heart diseases	1160	2	1160	Block I20-I25	Y	Y	-0.000815381838298	8.06235464944e-05	-0.00350233189252	-0.00278971784296	0.00599817234597	0.00356390866259	-0.000368723395282	0.00168468638809	-0.00513037574892	0.00134556426014
40980	I240	I24.0 Coronary thrombosis not resulting in myocardial infarction	40970	3	1160	Block I20-I25	Y	Y	-0.000867566767852	7.51477113995e-05	-0.00364127798016	-0.00290055361288	0.00622904962082	0.00356937364009	-0.000312191979865	0.00186873311743	-0.00520023440992	0.00143792959717
40990	I241	I24.1 Dressler's syndrome	40970	3	1160	Block I20-I25	Y	Y	-0.00094923772865	-1.56305770376e-06	-0.00378025372257	-0.00305349952547	0.006421029775	0.00354951942071	-0.000279570652134	0.00214575111009	-0.00515145405853	0.00160351614859
41000	I248	I24.8 Other forms of acute ischaemic heart disease	40970	3	1160	Block I20-I25	Y	Y	-0.000919248359816	-2.833989905e-05	-0.0038218469656	-0.00310804771479	0.00643088936794	0.00355577903154	-0.000282600722575	0.00219702978525	-0.00506424445771	0.00165678954241
41010	I249	I24.9 Acute ischaemic heart disease, unspecified	40970	3	1160	Block I20-I25	Y	Y	-0.000842619615725	4.72641654685e-05	-0.00365470287056	-0.00295050560597	0.00622180330442	0.00358444873909	-0.000358412466817	0.00185210379495	-0.00520851217023	0.00145666936442
41020	I25	I25 Chronic ischaemic heart disease	1160	2	1160	Block I20-I25	Y	Y	-0.00194603286973	-0.00456226539557	-0.00174628469743	-6.19418223524e-05	0.00113404392191	0.00427013400216	0.00480245983965	0.00354577841626	0.0027700917046	0.00320120442412
41030	I250	I25.0 Atherosclerotic cardiovascular disease, so described	41020	3	1160	Block I20-I25	Y	Y	-0.00199067743303	-0.00465737563538	-0.00196397937683	-0.000174493830109	0.00135822507969	0.00444260933521	0.00485366036941	0.00388438903276	0.00275029335056	0.00343670965545
41040	I251	I25.1 Atherosclerotic heart disease	41020	3	1160	Block I20-I25	Y	Y	-0.00193514162334	-0.00460225445994	-0.00183838169884	-0.00014116281212	0.00115351839717	0.00437548237191	0.00493311176681	0.00355402208654	0.00283057331239	0.00304277527714
41050	I252	I25.2 Old myocardial infarction	41020	3	1160	Block I20-I25	Y	Y	-0.001982018437	-0.0047240048962	-0.00179600619797	-3.0282617122e-05	0.00111310456633	0.00445826168656	0.00497259952174	0.00366656213507	0.00289370964208	0.00332112504058
41060	I253	I25.3 Aneurysm of heart	41020	3	1160	Block I20-I25	Y	Y	-0.00194612800931	-0.00461869658792	-0.00184885731072	-0.000124376036201	0.00126971505673	0.00431937509577	0.00478625885023	0.00374623068907	0.00276419521217	0.0033052404963
41070	I254	I25.4 Coronary artery aneurysm	41020	3	1160	Block I20-I25	Y	Y	-0.00190276631581	-0.00460877409126	-0.00189674721324	-0.000127150478163	0.00114248641504	0.00442839845211	0.00486261801841	0.00363763538804	0.0028402548863	0.00322442179792
41080	I255	I25.5 Ischaemic cardiomyopathy	41020	3	1160	Block I20-I25	Y	Y	-0.00195519530615	-0.00457831981157	-0.00187743780945	-0.000134401795315	0.0012538855998	0.00431598163865	0.00481509084136	0.00373337108053	0.00274724472536	0.00328033822384
41090	I256	I25.6 Silent myocardial ischaemia	41020	3	1160	Block I20-I25	Y	Y	-0.00193620463012	-0.00462761586551	-0.00185138186124	-0.000125839703308	0.00114810420223	0.00438509900054	0.00492106903306	0.00359351716667	0.00282768977652	0.00312804180653
41100	I258	I25.8 Other forms of chronic ischaemic heart disease	41020	3	1160	Block I20-I25	Y	Y	-0.00194184809374	-0.00454065262106	-0.00188332282939	-0.000147710477151	0.00125227398251	0.00430402298784	0.00479149219829	0.00368844834785	0.00274012828941	0.00318635292793
41110	I259	I25.9 Chronic ischaemic heart disease, unspecified	41020	3	1160	Block I20-I25	Y	Y	-0.00194360057357	-0.00466244678506	-0.00180802044787	-8.24500032203e-05	0.0011690377734	0.00436271858886	0.0048333582516	0.00366553822948	0.00281411748936	0.00325576466339
41120	I26	I26 Pulmonary embolism	1170	2	1170	Block I26-I28	Y	Y	-0.00095572366965	-0.00219923688771	0.00561349940721	-0.00185451545122	0.00225897588609	-0.00218225577477	0.00541832850617	0.00432882846665	0.00107527752018	-0.00145168494917
41130	I260	I26.0 Pulmonary embolism with mention of acute cor pulmonale	41120	3	1170	Block I26-I28	Y	Y	-0.00100314699791	-0.00231717099874	0.00581019774219	-0.00190946246032	0.00228444652199	-0.00227752149785	0.00559768313958	0.00452583954583	0.0011292515604	-0.00145023774214
41140	I269	I26.9 Pulmonary embolism without mention of acute cor pulmonale	41120	3	1170	Block I26-I28	Y	Y	-0.000959085065891	-0.00234521453945	0.00583106549212	-0.00192482318355	0.00226012886352	-0.00231748687898	0.00560322037619	0.00455176721043	0.00113081205687	-0.00144067474346
41150	I27	I27 Other pulmonary heart diseases	1170	2	1170	Block I26-I28	Y	Y	0.00100886373527	-0.00157121920685	0.00182083275678	-0.00350140221807	-0.00140820641559	-0.00390428892513	0.00293276912105	0.000148804033999	-0.00318462946667	-0.00687951852955
41160	I270	I27.0 Primary pulmonary hypertension	41150	3	1170	Block I26-I28	Y	Y	0.000942938238035	-0.00152184366388	0.00178907821466	-0.00337945380818	-0.00136450965862	-0.00383854594284	0.0032153876681	0.000246808659673	-0.00321704212479	-0.00674993223171
41170	I271	I27.1 Kyphoscoliotic heart disease	41150	3	1170	Block I26-I28	Y	Y	0.00104551635102	-0.00157507228611	0.00182558003787	-0.00350221162526	-0.00140308560988	-0.00390902715551	0.00292990300102	0.000122891538041	-0.003176823305	-0.00679738916032
41180	I272	I27.2 Other secondary pulmonary hypertension	41150	3	1170	Block I26-I28	Y	Y	0.00106499255389	-0.00157578981622	0.00184105431839	-0.00350665802053	-0.0013973753906	-0.00393820476134	0.00294603533935	0.000173777266639	-0.00321711693527	-0.00681546749889
41190	I278	I27.8 Other specified pulmonary heart diseases	41150	3	1170	Block I26-I28	Y	Y	0.00101562595324	-0.00156572527595	0.00172899283588	-0.00344946237858	-0.00146029558567	-0.00392019769891	0.00298656314645	9.0462076339e-05	-0.00328229548321	-0.00685014694866
41200	I279	I27.9 Pulmonary heart disease, unspecified	41150	3	1170	Block I26-I28	Y	Y	0.00104400609497	-0.00157176427587	0.00169178813649	-0.00345990739541	-0.00154790140009	-0.00396042411971	0.00300370719846	3.02270414338e-05	-0.00332962547615	-0.0069263963292
41210	I28	I28 Other diseases of pulmonary vessels	1170	2	1170	Block I26-I28	Y	Y	-0.000337445806543	0.00337658556368	0.00527319648547	0.000899578920207	0.00709112313335	0.00215226189375	0.0031537259943	0.000134558016017	-0.000576139839963	0.00126138449003
41220	I280	I28.0 Arteriovenous fistula of pulmonary vessels	41210	3	1170	Block I26-I28	Y	Y	-0.000312204532378	0.00340248359615	0.00537308299844	0.000885929027431	0.0072517660023	0.0021340850537	0.00319828609533	0.000129572360254	-0.000552628165153	0.00122561155615
41230	I281	I28.1 Aneurysm of pulmonary artery	41210	3	1170	Block I26-I28	Y	Y	-0.000352878739298	0.00336835114324	0.00532184864877	0.000900363755034	0.00710350257689	0.00216192010301	0.0031822384614	0.000132986196414	-0.000564059889235	0.00124138281148
41240	I288	I28.8 Other specified diseases of pulmonary vessels	41210	3	1170	Block I26-I28	Y	Y	-0.000343859241918	0.00335984736853	0.0053089951156	0.000933573891314	0.00712725207961	0.00214525097637	0.00314798353527	0.000140848504825	-0.00058836338955	0.00133411742394
41250	I289	I28.9 Disease of pulmonary vessels, unspecified	41210	3	1170	Block I26-I28	Y	Y	-0.000338528895047	0.00341077035517	0.00537681577479	0.000976473627	0.00719362456288	0.00216357823521	0.00314277935305	0.000150247758671	-0.000590491367087	0.00141917877939
41260	I30	I30 Acute pericarditis	1180	2	1180	Block I30-I52	Y	Y	0.000540038258476	-0.00136368922003	0.000520948020032	-0.00364799612902	0.00047182516781	-0.00042083976091	-0.00307001780487	-0.00173834983222	0.00574136962209	-0.00557418218706
41270	I300	I30.0 Acute nonspecific idiopathic pericarditis	41260	3	1180	Block I30-I52	Y	Y	0.000487977963649	-0.00137004404714	0.000555201848561	-0.00357332851019	0.00046948555185	-0.000316022293948	-0.00299656356572	-0.00173314492359	0.00564258116078	-0.00554752308408
41280	I301	I30.1 Infective pericarditis	41260	3	1180	Block I30-I52	Y	Y	0.00045870757464	-0.00144540222599	0.000552159148576	-0.00358805331741	0.000439165984966	-0.000311282624935	-0.00295721598522	-0.00170071195817	0.00565202728581	-0.00553283450312
41290	I308	I30.8 Other forms of acute pericarditis	41260	3	1180	Block I30-I52	Y	Y	0.000461996331237	-0.00139468953597	0.000540071204652	-0.00362124168711	0.000360473240136	-0.000279657535141	-0.0030156804358	-0.00171107907332	0.00570250845771	-0.00557837522464
41300	I309	I30.9 Acute pericarditis, unspecified	41260	3	1180	Block I30-I52	Y	Y	0.000520573939694	-0.00138782977309	0.000556401248723	-0.00356544431664	0.0005152869069	-0.000376294180376	-0.00295656297262	-0.00175390335103	0.00568986907477	-0.00549712201791
41310	I31	I31 Other diseases of pericardium	1180	2	1180	Block I30-I52	Y	Y	0.00186797843934	0.0013075420237	0.00252711054107	-0.00192551667979	0.00323658535291	-0.00036353842366	-0.00341917863117	-0.00160515072083	0.0027585530927	-0.00665617488012
41320	I310	I31.0 Chronic adhesive pericarditis	41310	3	1180	Block I30-I52	Y	Y	0.00178211435785	0.00107726704247	0.0024043583681	-0.00200293008454	0.00322098997656	-0.000412449706645	-0.00331199720469	-0.0018500291206	0.00283725465692	-0.00628165718912
41330	I311	I31.1 Chronic constrictive pericarditis	41310	3	1180	Block I30-I52	Y	Y	0.00176504963798	0.00113569658645	0.00222701550618	-0.002101710782	0.00317337337877	-0.000379220507236	-0.003147465274	-0.00196765287193	0.00282261013962	-0.00645933108886
41340	I312	I31.2 Haemopericardium, not elsewhere classified	41310	3	1180	Block I30-I52	Y	Y	0.00187465567318	0.00108541179973	0.00250276007	-0.00208638787176	0.00322277891588	-0.000526599151831	-0.0034262274596	-0.00195715393071	0.00276434310033	-0.00638515256304
41350	I313	I31.3 Pericardial effusion (noninflammatory)	41310	3	1180	Block I30-I52	Y	Y	0.00179718963909	0.00113735591256	0.00233714639626	-0.0020980291998	0.00319340932769	-0.000443719906096	-0.00324549080051	-0.00193313614884	0.0027608080111	-0.0064465487796
41360	I318	I31.8 Other specified diseases of pericardium	41310	3	1180	Block I30-I52	Y	Y	0.00186557461921	0.00105589026918	0.0025245229484	-0.00211549862442	0.00322473830565	-0.000526342911383	-0.00345031349895	-0.00195736318034	0.00275449236413	-0.00636666568868
41370	I319	I31.9 Disease of pericardium, unspecified	41310	3	1180	Block I30-I52	Y	Y	0.00187542508823	0.00109314737254	0.00251719120108	-0.00208350365059	0.00324362612005	-0.000508161824176	-0.00344220291584	-0.00191937458458	0.00277737531593	-0.00641746696524
41380	I32	I32 Pericarditis in diseases classified elsewhere	1180	2	1180	Block I30-I52	Y	Y	0.00254768733238	0.00116171630151	0.00175707629541	-0.00365095869961	0.00319679576853	0.00088346192057	-0.000571431428875	-0.00292464048229	0.00625061493293	-0.00282156037152
41390	I320	I32.0 Pericarditis in bacterial diseases classified elsewhere	41380	3	1180	Block I30-I52	Y	Y	0.00250399188804	0.00112514677295	0.00172519998962	-0.00366518405103	0.00322069321457	0.000739051325452	-0.000659037383761	-0.00283825804844	0.00612331747254	-0.0028823703054
41400	I321	I32.1 Pericarditis in other infectious and parasitic diseases classified elsewhere	41380	3	1180	Block I30-I52	Y	Y	0.00259049821949	0.00114863674142	0.00179260358979	-0.00369213503451	0.00330925663639	0.000803262817289	-0.000662489014568	-0.00292308535663	0.00625706563139	-0.00305639167469
41410	I328	I32.8 Pericarditis in other diseases classified elsewhere	41380	3	1180	Block I30-I52	Y	Y	0.00253387614079	0.00119441979568	0.00174042024683	-0.00362055103482	0.0032107883846	0.000844889697816	-0.000558673880974	-0.00280284191799	0.00605731314337	-0.00280395012997
41420	I33	I33 Acute and subacute endocarditis	1180	2	1180	Block I30-I52	Y	Y	0.00118819225316	-0.00243233586373	0.000643201284785	-0.0014729624001	0.00374815619597	0.000829354097245	-0.0011575737947	-0.00477351147367	0.00458954536733	-0.00423294686919
41430	I330	I33.0 Acute and subacute infective endocarditis	41420	3	1180	Block I30-I52	Y	Y	0.00122146983019	-0.00255845464395	0.000806770031253	-0.00135665823207	0.0037776706744	0.000778066162007	-0.00120993402883	-0.00491594167152	0.00466701418499	-0.0043875957103
41440	I339	I33.9 Acute endocarditis, unspecified	41420	3	1180	Block I30-I52	Y	Y	0.00119016673558	-0.00254026772101	0.00083653896103	-0.00130519166292	0.00372985497545	0.000782044247039	-0.00119828401938	-0.00485710403588	0.00461000550497	-0.00435979267339
41450	I34	I34 Nonrheumatic mitral valve disorders	1180	2	1180	Block I30-I52	Y	Y	-0.000770340954557	-0.00142728175842	0.000308640212704	-0.000771933412956	0.00443125391414	0.00175900379722	-0.00285645543993	-0.00271274880814	0.00487828813811	-0.00459737301883
41460	I340	I34.0 Mitral (valve) insufficiency	41450	3	1180	Block I30-I52	Y	Y	-0.000746743576184	-0.00144360351827	0.000342427966351	-0.000855906808862	0.00455623469887	0.00181687344621	-0.00293661650818	-0.00276808811289	0.00512381061571	-0.00483084800513
41470	I341	I34.1 Mitral (valve) prolapse	41450	3	1180	Block I30-I52	Y	Y	-0.000762336281979	-0.00140526996431	0.0003660271128	-0.000874823384995	0.00453289551933	0.00179341384646	-0.00289868245745	-0.00272980155867	0.00502874201661	-0.00477338108416
41480	I342	I34.2 Nonrheumatic mitral (valve) stenosis	41450	3	1180	Block I30-I52	Y	Y	-0.000824536246126	-0.00140525856559	0.000376747909582	-0.000811137683717	0.004576055074	0.00179471581408	-0.00289017779762	-0.00276690762719	0.00500165368281	-0.004780163662
41490	I348	I34.8 Other nonrheumatic mitral valve disorders	41450	3	1180	Block I30-I52	Y	Y	-0.000821062787008	-0.00146525493713	0.000304146446016	-0.000775074308083	0.00451263475964	0.0017914355564	-0.0029221739298	-0.00276124863784	0.00494070300042	-0.00466729986428
41500	I349	I34.9 Nonrheumatic mitral valve disorder, unspecified	41450	3	1180	Block I30-I52	Y	Y	-0.00103081540961	-0.00151690324466	0.000420714723626	-0.000847786833796	0.00477336683913	0.00183662337643	-0.00307609458816	-0.00274696312061	0.00507094666888	-0.00493026798192
41510	I35	I35 Nonrheumatic aortic valve disorders	1180	2	1180	Block I30-I52	Y	Y	0.00156409636658	0.00230094442173	0.00116814971512	-0.00298018659178	0.00222405131305	-0.000611449089675	-0.00144907321989	-0.00467809490405	0.00386017113244	-0.00519911130431
41520	I350	I35.0 Aortic (valve) stenosis	41510	3	1180	Block I30-I52	Y	Y	0.00138216564935	0.00255981524622	0.00121759778989	-0.00302013580108	0.00210788372067	-0.000592206964873	-0.00130886342089	-0.00489159423511	0.00374725009459	-0.00518756522136
41530	I351	I35.1 Aortic (valve) insufficiency	41510	3	1180	Block I30-I52	Y	Y	0.00156979714966	0.00243199744578	0.00117070792653	-0.00298873700303	0.00216006004116	-0.000676457070048	-0.00142753947485	-0.00473669725801	0.0038026656153	-0.00513126191999
41540	I352	I35.2 Aortic (valve) stenosis with insufficiency	41510	3	1180	Block I30-I52	Y	Y	0.00138909811194	0.00250138830848	0.0011804954166	-0.00298947711461	0.00215192507129	-0.000603840068235	-0.00135425874505	-0.00481423662185	0.00375253763335	-0.00515490055367
41550	I358	I35.8 Other aortic valve disorders	41510	3	1180	Block I30-I52	Y	Y	0.00140997976719	0.00247660439708	0.00118411724538	-0.00296251869327	0.00215347715352	-0.0006600054476	-0.00137256694246	-0.00479440203518	0.00372104736488	-0.00512462743459
41560	I359	I35.9 Aortic valve disorder, unspecified	41510	3	1180	Block I30-I52	Y	Y	0.00158387038898	0.00245715761868	0.00121249930169	-0.00305273801719	0.00222794645566	-0.000663541269193	-0.00146686842608	-0.00481831466305	0.00389176515866	-0.00528914761074
41570	I36	I36 Nonrheumatic tricuspid valve disorders	1180	2	1180	Block I30-I52	Y	Y	-0.000448906948637	0.00121727695812	-0.000542478570557	-0.0012028378826	0.00239376861287	-0.00123754975945	-0.00282004420384	-0.000373607074464	0.00572162918732	-0.00639012077665
41580	I360	I36.0 Nonrheumatic tricuspid (valve) stenosis	41570	3	1180	Block I30-I52	Y	Y	-0.000296798032787	0.00108598746068	-0.000606645082474	-0.00125378764641	0.00234111385132	-0.00113253575878	-0.00279068412571	-0.000473688386695	0.00551968973826	-0.00615357504339
41590	I361	I36.1 Nonrheumatic tricuspid (valve) insufficiency	41570	3	1180	Block I30-I52	Y	Y	-0.000371188238157	0.00115501547972	-0.000668538674562	-0.00124973494389	0.00235110602189	-0.00121820166641	-0.0028754098304	-0.000376883056323	0.00568441815121	-0.00632440860286
41600	I362	I36.2 Nonrheumatic tricuspid (valve) stenosis with insufficiency	41570	3	1180	Block I30-I52	Y	Y	-0.000281827761786	0.00108067827193	-0.000534182357452	-0.00127859539242	0.00239661770323	-0.00111407843551	-0.00277462803981	-0.000541755663634	0.00562453351151	-0.00626490494283
41610	I368	I36.8 Other nonrheumatic tricuspid valve disorders	41570	3	1180	Block I30-I52	Y	Y	-0.000392181676079	0.00116703229661	-0.000616443088486	-0.00125240167774	0.00238566279002	-0.00121645836014	-0.00288047403778	-0.000423913980421	0.00570793052074	-0.00637085529803
41620	I369	I36.9 Nonrheumatic tricuspid valve disorder, unspecified	41570	3	1180	Block I30-I52	Y	Y	-0.000335759339474	0.00108763423063	-0.000682626926781	-0.00124343273358	0.00233431594978	-0.00114648344818	-0.00285893733409	-0.000361702039911	0.00559451954702	-0.00627015483853
41630	I37	I37 Pulmonary valve disorders	1180	2	1180	Block I30-I52	Y	Y	0.00274265662736	-0.00277880493759	-0.000960811672911	-0.00419568072832	0.0018020377469	0.0012369323769	-0.00153452854613	-0.00185532735877	0.00378101251222	-0.00535806919538
41640	I370	I37.0 Pulmonary valve stenosis	41630	3	1180	Block I30-I52	Y	Y	0.00265903230109	-0.00270421702096	-0.000916674833227	-0.00420220563091	0.00186515206129	0.00114721120393	-0.00152118878533	-0.00190066031987	0.00392860345258	-0.00539074650271
41650	I371	I37.1 Pulmonary valve insufficiency	41630	3	1180	Block I30-I52	Y	Y	0.00270033124722	-0.00282557962069	-0.000923346383358	-0.00438552381764	0.00182060630819	0.00111524737186	-0.00149761191889	-0.00196426245302	0.00398117176183	-0.00556280881775
41660	I372	I37.2 Pulmonary valve stenosis with insufficiency	41630	3	1180	Block I30-I52	Y	Y	0.00265368133403	-0.00266614026298	-0.000843117962058	-0.00417365976753	0.00189148619516	0.00114006035118	-0.00154209069579	-0.00197170868583	0.00398822291605	-0.0054362577121
41670	I378	I37.8 Other pulmonary valve disorders	41630	3	1180	Block I30-I52	Y	Y	0.00267504419915	-0.00273780957554	-0.000904169864504	-0.00423301240604	0.00182566491914	0.00115590975526	-0.00154743554089	-0.00186988041017	0.00391351142331	-0.00538615605236
41680	I379	I37.9 Pulmonary valve disorder, unspecified	41630	3	1180	Block I30-I52	Y	Y	0.00272415812704	-0.00283646597543	-0.000935844915769	-0.00436406129711	0.00180264062504	0.00115361550768	-0.00150826659966	-0.00195019648311	0.00396982506742	-0.00557415970942
41690	I38	I38 Endocarditis, valve unspecified	1180	2	1180	Block I30-I52	Y	Y	0.000456891070387	-0.00535067762224	-0.00183500484396	-5.17827451559e-05	-0.00120246951026	0.00194743350099	0.00197732661282	0.00226042083532	0.00461606258998	-0.00362030403696
41700	I39	I39 Endocarditis and heart valve disorders in diseases classified elsewhere	1180	2	1180	Block I30-I52	Y	Y	0.000996232459451	-0.00204014838103	0.000472254964121	-0.00361720418924	0.00431844933456	-0.000210622398393	0.000445407656552	-0.0013203263055	0.00447264393361	-0.00516141254552
41710	I390	I39.0 Mitral valve disorders in diseases classified elsewhere	41700	3	1180	Block I30-I52	Y	Y	0.00100066318545	-0.00221770270999	0.000471479941417	-0.0036876269244	0.00436307776089	-0.000271178857548	0.000568219115158	-0.00117941848658	0.00444709250541	-0.00520287688139
41720	I391	I39.1 Aortic valve disorders in diseases classified elsewhere	41700	3	1180	Block I30-I52	Y	Y	0.00102902483894	-0.00223967660117	0.000483603610474	-0.00365714043045	0.00439551290008	-0.000316482903463	0.000570407114822	-0.00113968246865	0.00445839402202	-0.00514398178025
41730	I392	I39.2 Tricuspid valve disorders in diseases classified elsewhere	41700	3	1180	Block I30-I52	Y	Y	0.000993287313215	-0.00214473560498	0.000502971919451	-0.00368801726203	0.00433741419913	-0.00028873904282	0.000560554185548	-0.00121336261309	0.0044600647901	-0.00517290569532
41740	I393	I39.3 Pulmonary valve disorders in diseases classified elsewhere	41700	3	1180	Block I30-I52	Y	Y	0.000982375495419	-0.00233463250114	0.000521632947693	-0.00374680910401	0.00436178780785	-0.000352872550535	0.000642724840116	-0.001076417296	0.00438785459126	-0.00516991222127
41750	I394	I39.4 Multiple valve disorders in diseases classified elsewhere	41700	3	1180	Block I30-I52	Y	Y	0.000990238418172	-0.00209082307454	0.000475590280566	-0.00369465852694	0.00440598043257	-0.000216668379538	0.000500788810546	-0.00131524113466	0.00451727870009	-0.00524387160032
41760	I398	I39.8 Endocarditis, valve unspecified, in diseases classified elsewhere	41700	3	1180	Block I30-I52	Y	Y	0.000980843072945	-0.00227647866217	0.000463208574913	-0.00373990828618	0.00444039190635	-0.000342382755854	0.000595639519813	-0.00115857829771	0.00442642076493	-0.0051867041196
41770	I40	I40 Acute myocarditis	1180	2	1180	Block I30-I52	Y	Y	0.00187296475372	-0.000402354482856	-0.00242668842182	-0.00218040829758	0.00243121963566	-0.000758389167448	-0.00198315344262	-0.00176674302906	0.00640364409421	-0.00431500672928
41780	I400	I40.0 Infective myocarditis	41770	3	1180	Block I30-I52	Y	Y	0.00194802864295	-0.000422471597336	-0.0022614466116	-0.00212282637748	0.00267051047182	-0.000434484453271	-0.0020241819988	-0.00197315142859	0.00660666490578	-0.00444701258791
41790	I401	I40.1 Isolated myocarditis	41770	3	1180	Block I30-I52	Y	Y	0.00194077189239	-0.000458377480473	-0.00227208333439	-0.00208761672085	0.0026407087168	-0.000474415867108	-0.00194000142714	-0.00192452950927	0.00652766574148	-0.0044221209041
41800	I408	I40.8 Other acute myocarditis	41770	3	1180	Block I30-I52	Y	Y	0.00190633088548	-0.000418197219511	-0.00247964086691	-0.00220745764293	0.00248262893476	-0.00075329284651	-0.00202409678145	-0.00180155778605	0.00651885178967	-0.00435755968998
41810	I409	I40.9 Acute myocarditis, unspecified	41770	3	1180	Block I30-I52	Y	Y	0.00192204901263	-0.000522006377851	-0.00217614181637	-0.00208010968895	0.0026575606449	-0.000464685621446	-0.00194980642873	-0.00197594953689	0.00656405363463	-0.00446736161572
41820	I41	I41 Myocarditis in diseases classified elsewhere	1180	2	1180	Block I30-I52	Y	Y	0.00368953058051	-0.00143848061495	0.000644900608257	-0.000108151501915	0.00334782643754	0.00210699643461	-0.0011936354028	-0.00359034047935	0.00367620057177	-0.00534033993056
41830	I410	I41.0 Myocarditis in bacterial diseases classified elsewhere	41820	3	1180	Block I30-I52	Y	Y	0.00377741772823	-0.00143593806333	0.000664715515131	-5.1842645678e-05	0.00339480388537	0.00213984467352	-0.00117281624036	-0.00363983393769	0.00364087396688	-0.00532154293813
41840	I411	I41.1 Myocarditis in viral diseases classified elsewhere	41820	3	1180	Block I30-I52	Y	Y	0.00395411869078	-0.00156482433462	0.000644266925585	1.99692813524e-05	0.00351880210075	0.0022218727844	-0.00119493371444	-0.00373412960092	0.00370039798401	-0.00546299540594
41850	I412	I41.2 Myocarditis in other infectious and parasitic diseases classified elsewhere	41820	3	1180	Block I30-I52	Y	Y	0.00387515849359	-0.00154568934064	0.00060562830622	-3.68349184725e-05	0.00346586765958	0.00222776816784	-0.00120873635709	-0.00368258811672	0.00373202188919	-0.00546510219781
41860	I418	I41.8 Myocarditis in other diseases classified elsewhere	41820	3	1180	Block I30-I52	Y	Y	0.00376902785117	-0.00150845460067	0.000578329588281	-6.16528076738e-05	0.00333478937134	0.00216765777079	-0.00117140726337	-0.00360797432935	0.00362857389272	-0.00534344624347
41870	I42	I42 Cardiomyopathy	1180	2	1180	Block I30-I52	Y	Y	0.00483836760682	0.000919689044801	0.000580210409734	-0.00127148620081	0.00145543088419	0.00233034695926	-0.00334183811078	-0.00381919211117	0.00391040640092	-0.00280798722548
41880	I420	I42.0 Dilated cardiomyopathy	41870	3	1180	Block I30-I52	Y	Y	0.00492673650049	0.000927502568015	0.000579090611788	-0.001192047777	0.00156175346882	0.00236210185765	-0.0034463966385	-0.00393526169345	0.00402196044233	-0.00278298404285
41890	I421	I42.1 Obstructive hypertrophic cardiomyopathy	41870	3	1180	Block I30-I52	Y	Y	0.00494394869503	0.000884776749755	0.000572313708577	-0.00128554639161	0.00153745149758	0.00242079658884	-0.00345945169634	-0.00395532743604	0.00404801301415	-0.00285186773522
41900	I422	I42.2 Other hypertrophic cardiomyopathy	41870	3	1180	Block I30-I52	Y	Y	0.0051594519401	0.00102341749159	0.000632357051801	-0.00117819505183	0.0017205547098	0.0023104734327	-0.00359168010844	-0.00415993415969	0.00429010101699	-0.00294577849337
41910	I423	I42.3 Endomyocardial (eosinophilic) disease	41870	3	1180	Block I30-I52	Y	Y	0.00486765457282	0.000888330534006	0.000536518492619	-0.00125692698929	0.00149868478879	0.00238085817748	-0.00342325161948	-0.00393004040762	0.00401260143321	-0.0028585359492
41920	I424	I42.4 Endocardial fibroelastosis	41870	3	1180	Block I30-I52	Y	Y	0.00509050584489	0.0010505264209	0.000717811282361	-0.00103546754075	0.00177815628405	0.00224789303231	-0.00348844223101	-0.0041824762197	0.00418459462794	-0.00279455178273
41930	I425	I42.5 Other restrictive cardiomyopathy	41870	3	1180	Block I30-I52	Y	Y	0.00491381584634	0.00093215666575	0.000626944144712	-0.0011613615496	0.00170816378108	0.0022932455659	-0.00342057199919	-0.00401598324667	0.00417484239648	-0.00292802935435
41940	I426	I42.6 Alcoholic cardiomyopathy	41870	3	1180	Block I30-I52	Y	Y	0.0047507335824	0.00083124830089	0.000552995973725	-0.00122564043775	0.00153449417085	0.00223645213174	-0.00325246423219	-0.0040380092005	0.00403744187439	-0.00286409619201
41950	I427	I42.7 Cardiomyopathy due to drugs and other external agents	41870	3	1180	Block I30-I52	Y	Y	0.00491378787722	0.000914052646367	0.000530372934723	-0.00128993318843	0.00141989311577	0.00241984497431	-0.00340009894648	-0.00394020476373	0.00401034578829	-0.00285353256374
41960	I428	I42.8 Other cardiomyopathies	41870	3	1180	Block I30-I52	Y	Y	0.00489355063812	0.000865714740977	0.000527691546327	-0.00124914532999	0.00148884766436	0.00240626671922	-0.00345623694396	-0.00385022767739	0.00396403304343	-0.0028172877288
41970	I429	I42.9 Cardiomyopathy, unspecified	41870	3	1180	Block I30-I52	Y	Y	0.00498812285695	0.000969964715643	0.000643999421547	-0.00119876945972	0.00166480001757	0.00228794110907	-0.00342535374143	-0.0040790036741	0.00416463505972	-0.00290827864242
41980	I43	I43 Cardiomyopathy in diseases classified elsewhere	1180	2	1180	Block I30-I52	Y	Y	0.000757851159864	-9.00002096255e-05	0.00258465417464	4.45043780466e-05	0.00193413235962	0.000863239177931	-0.000665412301621	-0.00252671236616	0.00494768226933	-0.00666438266435
41990	I430	I43.0 Cardiomyopathy in infectious and parasitic diseases classified elsewhere	41980	3	1180	Block I30-I52	Y	Y	0.000872849011307	-9.76041621759e-05	0.0024571891911	-0.00023317626329	0.00221755713788	0.000864747263226	-0.000800424027369	-0.00266252949589	0.00510921814196	-0.00680623953495
42000	I431	I43.1 Cardiomyopathy in metabolic diseases	41980	3	1180	Block I30-I52	Y	Y	0.00084824533526	-7.73756917674e-05	0.00249851164294	-0.00016821945382	0.00214764172426	0.000852646054335	-0.000775949158312	-0.00265406000549	0.00506469607287	-0.00680100192
42010	I432	I43.2 Cardiomyopathy in nutritional diseases	41980	3	1180	Block I30-I52	Y	Y	0.000827123136301	-9.55518303502e-05	0.002530907879	-0.000131999826052	0.00213176505014	0.000864503193723	-0.000753213311119	-0.0026287158672	0.00507275694128	-0.006794091619
42020	I438	I43.8 Cardiomyopathy in other diseases classified elsewhere	41980	3	1180	Block I30-I52	Y	Y	0.000911608854819	-0.000135930816261	0.00237324838771	-0.00035602348445	0.00229278618866	0.000864590641929	-0.000860705343837	-0.00271195582048	0.00516020366459	-0.00685389504711
42030	I44	I44 Atrioventricular and left bundle-branch block	1180	2	1180	Block I30-I52	Y	Y	0.000118097454054	-0.00316434323366	0.00274036393729	-0.00179950905107	0.000809997214237	0.00111596919819	-0.000336047093221	-0.00191099919823	0.00628475465852	-0.00446100052337
42040	I440	I44.0 Atrioventricular block, first degree	42030	3	1180	Block I30-I52	Y	Y	0.000160781531385	-0.00328245123723	0.00291183861455	-0.00174832756032	0.000799005228961	0.00118974885482	-0.00037457863113	-0.00201605833965	0.0063855207762	-0.00446541063236
42050	I441	I44.1 Atrioventricular block, second degree	42030	3	1180	Block I30-I52	Y	Y	0.000117896353438	-0.00323971347782	0.00277637852542	-0.00183773373545	0.00082004092775	0.00114569973842	-0.000323032040615	-0.00192353094921	0.00639388485396	-0.0045456538401
42060	I442	I44.2 Atrioventricular block, complete	42030	3	1180	Block I30-I52	Y	Y	0.000210584414066	-0.00321084496961	0.00280582829452	-0.00187206841284	0.000890968775235	0.00111012972205	-0.000419631991308	-0.00205388149353	0.00638880140345	-0.00461335510641
42070	I443	I44.3 Other and unspecified atrioventricular block	42030	3	1180	Block I30-I52	Y	Y	0.000135469152106	-0.0032049206054	0.00284128720084	-0.00176976049029	0.000797127667906	0.00107810240333	-0.000288251700862	-0.00204268369328	0.00633883437325	-0.00446681836138
42080	I444	I44.4 Left anterior fascicular block	42030	3	1180	Block I30-I52	Y	Y	0.000542115862546	-0.00365422233813	0.00370311666037	-0.00121283158617	0.00064363622789	0.00153134251732	-0.000827654755383	-0.00264774344714	0.00634250185092	-0.00394652039507
42090	I445	I44.5 Left posterior fascicular block	42030	3	1180	Block I30-I52	Y	Y	0.00014345327528	-0.0033430719014	0.00292261141609	-0.00174676806498	0.000792807484617	0.00117668601188	-0.000358075092913	-0.0019945345046	0.00641220188491	-0.00446908985496
42100	I446	I44.6 Other and unspecified fascicular block	42030	3	1180	Block I30-I52	Y	Y	0.000138549365331	-0.00319424190282	0.00284521251702	-0.00189583663955	0.000783627825617	0.00102895953149	-0.000315745931573	-0.00201562327025	0.00624720751823	-0.00452641829845
42110	I447	I44.7 Left bundle-branch block, unspecified	42030	3	1180	Block I30-I52	Y	Y	0.00013800171547	-0.00324363855673	0.00273583275919	-0.00186516074274	0.000830113526583	0.00116532069016	-0.00034619076292	-0.00191513899882	0.00644424159024	-0.0046077636051
42120	I45	I45 Other conduction disorders	1180	2	1180	Block I30-I52	Y	Y	-0.00102199761389	0.00341561643441	-0.000382301635762	-0.0019364868987	0.00440696834118	0.00148727186187	-0.00249459972968	-0.00321804730039	0.00321895438028	-0.00480823157868
42130	I450	I45.0 Right fascicular block	42120	3	1180	Block I30-I52	Y	Y	-0.00101531522132	0.00346464802523	-0.000401492567527	-0.00170947732908	0.00443392749985	0.00157047851457	-0.0024165054953	-0.00330410283162	0.00324763587864	-0.00482662190644
42140	I451	I45.1 Other and unspecified right bundle-branch block	42120	3	1180	Block I30-I52	Y	Y	-0.00110305811986	0.00352278522	-0.000477791956198	-0.00190015713821	0.00459812847192	0.00144258442139	-0.00264161410036	-0.00328675049758	0.00310570648762	-0.00484090878172
42150	I452	I45.2 Bifascicular block	42120	3	1180	Block I30-I52	Y	Y	-0.00103801958962	0.00343120633724	-0.000405021167384	-0.00178341313046	0.00440338805013	0.00153746724822	-0.00236762075914	-0.00328911467348	0.00328147749176	-0.00479062516588
42160	I453	I45.3 Trifascicular block	42120	3	1180	Block I30-I52	Y	Y	-0.00108426655191	0.00349096846562	-0.000433810496016	-0.00175157889977	0.00448278908725	0.00154804406139	-0.00244149115122	-0.00332151784289	0.00321936767021	-0.00480554426871
42170	I454	I45.4 Nonspecific intraventricular block	42120	3	1180	Block I30-I52	Y	Y	-0.00106915868024	0.00347053876829	-0.000441901477832	-0.00176284197122	0.00446067135762	0.00152648262147	-0.00244207373379	-0.00330256398164	0.00323279884075	-0.00480455425326
42180	I455	I45.5 Other specified heart block	42120	3	1180	Block I30-I52	Y	Y	-0.00109547173114	0.00349748967379	-0.000475654546233	-0.00180101516896	0.00450660995163	0.00149684042059	-0.00250533726632	-0.00331437223216	0.0031387806381	-0.00483088600316
42190	I456	I45.6 Preexcitation syndrome	42120	3	1180	Block I30-I52	Y	Y	-0.00114676907708	0.00354957671607	-0.000489223076136	-0.00196106828633	0.00465354699495	0.00148567957347	-0.00258979797079	-0.00324532536447	0.00317837883396	-0.00478082664212
42200	I458	I45.8 Other specified conduction disorders	42120	3	1180	Block I30-I52	Y	Y	-0.00104982292268	0.00348032575298	-0.000406813420053	-0.00175140914605	0.00446531480967	0.00156090797724	-0.00241756193779	-0.00334257966223	0.00324056660402	-0.00482482310683
42210	I459	I45.9 Conduction disorder, unspecified	42120	3	1180	Block I30-I52	Y	Y	-0.00095779475583	0.00333422635516	-0.000423641227922	-0.00165507309213	0.00433542813742	0.0015545240734	-0.00238766659428	-0.00335469830692	0.00325689932218	-0.00488162426945
42220	I46	I46 Cardiac arrest	1180	2	1180	Block I30-I52	Y	Y	-8.31609069152e-05	-0.00035636168672	-0.000962211119095	-0.0024052499894	0.00282057943078	-0.000280942425915	-0.00281116190175	-0.00388707744938	0.00373724807909	-0.00610050263882
42230	I460	I46.0 Cardiac arrest with successful resuscitation	42220	3	1180	Block I30-I52	Y	Y	-4.54761970153e-05	-0.000407214318759	-0.000885749139524	-0.00245104701524	0.00288307788099	-0.000263558532357	-0.00279297008254	-0.00393079697352	0.00388785914333	-0.00614778432966
42240	I461	I46.1 Sudden cardiac death, so described	42220	3	1180	Block I30-I52	Y	Y	-5.62156000883e-05	-0.00031962710181	-0.000999556713558	-0.00231455640701	0.00273097501413	-0.000308211547809	-0.00272364301907	-0.00393928990029	0.00366526827043	-0.00606833333677
42250	I469	I46.9 Cardiac arrest, unspecified	42220	3	1180	Block I30-I52	Y	Y	-3.18256002906e-05	-0.000516718015948	-0.000813532357317	-0.00253119384743	0.00303800747065	-0.000203148371263	-0.00281276374906	-0.00403782847922	0.00413054957619	-0.00638798418541
42260	I47	I47 Paroxysmal tachycardia	1180	2	1180	Block I30-I52	Y	Y	0.00357928470592	0.0019149361996	0.000516145785502	-0.00092017082894	0.00421177154044	0.00113326733314	-2.73709913117e-05	-0.00359755888377	0.00489424665138	-0.00373633253134
42270	I470	I47.0 Reentry ventricular arrhythmia	42260	3	1180	Block I30-I52	Y	Y	0.00358085450758	0.00198626551765	0.000500768918116	-0.000946079589508	0.0043110883461	0.00115708092286	2.54929174846e-05	-0.00364291882571	0.0049015552385	-0.00381533829017
42280	I471	I47.1 Supraventricular tachycardia	42260	3	1180	Block I30-I52	Y	Y	0.00351049997977	0.00194188921032	0.000491172831086	-0.001023192103	0.0042968088916	0.00105614188191	4.40973798963e-05	-0.00361977242793	0.00477977408797	-0.0038459016192
42290	I472	I47.2 Ventricular tachycardia	42260	3	1180	Block I30-I52	Y	Y	0.00373115760567	0.00197887984539	0.000540057292457	-0.000990623492739	0.00430884067402	0.00108488638514	1.05713513847e-05	-0.00374049733852	0.00495498213673	-0.00380336103973
42300	I479	I47.9 Paroxysmal tachycardia, unspecified	42260	3	1180	Block I30-I52	Y	Y	0.00367797040441	0.00193996044548	0.00052682121094	-0.00101240420367	0.00430540632955	0.00109364372382	1.0988862393e-05	-0.00372715391032	0.00492775013822	-0.00384460116609
42310	I48	I48 Atrial fibrillation and flutter	1180	2	1180	Block I30-I52	Y	Y	0.00133126341095	-0.00102059611328	0.00205497349897	-0.00374286253776	0.00195765941468	-0.000463066916366	-0.00269686174567	-0.00245454932543	0.00592920213358	-0.00264374351861
42320	I480	I48.0 Paroxysmal atrial fibrillation	42310	3	1180	Block I30-I52	Y	Y	0.00145483747907	-0.00112115143761	0.00203120900757	-0.00392264959797	0.00224349848748	-0.000441999076246	-0.00275415288425	-0.00251650446269	0.00624467733504	-0.0030623414366
42330	I481	I48.1 Persistent atrial fibrillation	42310	3	1180	Block I30-I52	Y	Y	0.00144440450129	-0.00113175512846	0.00204769740493	-0.00382889728457	0.00218206054623	-0.000403159896456	-0.00277141957895	-0.00251642441237	0.00614881547077	-0.00302507507606
42340	I482	I48.2 Chronic atrial fibrillation	42310	3	1180	Block I30-I52	Y	Y	0.0015177313829	-0.00119301044796	0.00220173460505	-0.0040671391369	0.00222152567151	-0.000523062634613	-0.00283166248863	-0.00261718708153	0.00629444177776	-0.002906261754
42350	I483	I48.3 Typical atrial flutter	42310	3	1180	Block I30-I52	Y	Y	0.0014574640671	-0.00117992739993	0.00205326314612	-0.00393839220309	0.00223600235303	-0.000462409127676	-0.00270419366591	-0.00246983144873	0.00619062938561	-0.00308445748845
42360	I484	I48.4 Atypical atrial flutter	42310	3	1180	Block I30-I52	Y	Y	0.00145699104604	-0.00112423325246	0.00206971462567	-0.0038469572509	0.00218704012444	-0.00043303962713	-0.00273536082412	-0.00251468470241	0.00617236538547	-0.0030185650553
42370	I489	I48.9 Atrial fibrillation and atrial flutter,  unspecified	42310	3	1180	Block I30-I52	Y	Y	0.00146129112309	-0.00112370694385	0.00203548299764	-0.00395956627192	0.00223256116646	-0.000468868940384	-0.00274929598836	-0.00245985980333	0.00618560867722	-0.00300514343114
42380	I49	I49 Other cardiac arrhythmias	1180	2	1180	Block I30-I52	Y	Y	0.00334995627363	0.000889334426875	-5.08461346712e-05	-0.00246506382664	0.00311533394976	0.00197201528379	-0.00205998999805	0.00038595870891	0.00271864545448	-0.00664618100917
42390	I490	I49.0 Ventricular fibrillation and flutter	42380	3	1180	Block I30-I52	Y	Y	0.00341479339468	0.000966099510456	-8.93617206893e-07	-0.00270531272491	0.00321407716183	0.0020247271786	-0.0018683359454	0.000498375583513	0.0027435232562	-0.00690303074771
42400	I491	I49.1 Atrial premature depolarisation	42380	3	1180	Block I30-I52	Y	Y	0.00331725966633	0.00103552183399	-2.77146578617e-05	-0.00256060192216	0.00306504437996	0.00196278328651	-0.00181889251884	0.000538656681363	0.00259897975614	-0.00675303288688
42410	I492	I49.2 Junctional premature depolarisation	42380	3	1180	Block I30-I52	Y	Y	0.00330089680908	0.000907310581993	-1.35077888051e-05	-0.00273857349694	0.00326465567604	0.00204661494676	-0.00181781207025	0.000419166832072	0.00281552227242	-0.00692921109017
42420	I493	I49.3 Ventricular premature depolarisation	42380	3	1180	Block I30-I52	Y	Y	0.00333769892057	0.000874598932273	-6.19568957905e-05	-0.00261613800717	0.00314848537109	0.00204467795971	-0.00194312987714	0.000448845475653	0.00273189349612	-0.00674474428234
42430	I494	I49.4 Other and unspecified premature depolarisation	42380	3	1180	Block I30-I52	Y	Y	0.00320669766306	0.000963248157959	-4.06657611224e-05	-0.00269077606286	0.00309408935644	0.0020101709081	-0.00169851221743	0.000456188702947	0.00272243024715	-0.00687853716388
42440	I495	I49.5 Sick sinus syndrome	42380	3	1180	Block I30-I52	Y	Y	0.00343844946886	0.000903285744597	7.37587761393e-05	-0.00277451645851	0.00332583041236	0.00192693577227	-0.00184734416652	0.000346072106544	0.00293555141178	-0.00700427748033
42450	I498	I49.8 Other specified cardiac arrhythmias	42380	3	1180	Block I30-I52	Y	Y	0.00321567819853	0.000956552500529	-3.44706848592e-05	-0.00267067265025	0.00307852609171	0.00200037904382	-0.00173594440228	0.000438154022474	0.00274502122332	-0.00687769320478
42460	I499	I49.9 Cardiac arrhythmia, unspecified	42380	3	1180	Block I30-I52	Y	Y	0.0032781267914	0.000866228900142	-8.67303937194e-05	-0.0025745598021	0.00310802482625	0.00205155632297	-0.00193382319462	0.000472666064949	0.00265239661762	-0.00669759408742
42470	I50	I50 Heart failure	1180	2	1180	Block I30-I52	Y	Y	0.00253369659745	-3.99740768561e-05	-0.000148188469972	-0.000203463433817	0.00258570031583	0.000760518174713	-0.00204484642434	-0.00249261263	0.00643315449593	-0.00482112359502
42480	I500	I50.0 Congestive heart failure	42470	3	1180	Block I30-I52	Y	Y	0.00277681548627	9.05645584735e-05	-0.000193809487073	-0.000226400310446	0.00278617690214	0.000763923046829	-0.00210672789699	-0.00261423525728	0.00660120074635	-0.00486070279345
42490	I501	I50.1 Left ventricular failure	42470	3	1180	Block I30-I52	Y	Y	0.00261442315874	0.000105624669486	-0.000204025442479	-0.00015985210587	0.00271824875484	0.000741991869753	-0.0020861312441	-0.00254509665007	0.00646558958641	-0.00479794999112
42500	I509	I50.9 Heart failure, unspecified	42470	3	1180	Block I30-I52	Y	Y	0.00266290265688	7.207837378e-05	-0.000159357299331	-0.000206735770316	0.00276322436151	0.000743936520876	-0.0021101634923	-0.00258694349809	0.00656614756785	-0.00489882499058
42510	I51	I51 Complications and ill-defined descriptions of heart disease	1180	2	1180	Block I30-I52	Y	Y	-3.52875039895e-05	0.00110125174602	0.00260103937203	0.00163569164203	0.00303484417907	-0.000305655764992	-0.001118909163	-0.0012803165044	0.00646034997099	-0.00460679180399
42520	I510	I51.0 Cardiac septal defect, acquired	42510	3	1180	Block I30-I52	Y	Y	-3.9286727864e-05	0.00118155666562	0.0025563380392	0.00175198352262	0.00315325877493	-0.000374922463292	-0.00112326233611	-0.00126921670051	0.00656772749971	-0.00464193720284
42530	I511	I51.1 Rupture of chordae tendineae, not elsewhere classified	42510	3	1180	Block I30-I52	Y	Y	1.0098948416e-05	0.0011790633782	0.00250355413259	0.00157459209751	0.00316949012539	-0.000378668409348	-0.00117242124501	-0.00133759233273	0.00646911080996	-0.00458839125643
42540	I512	I51.2 Rupture of papillary muscle, not elsewhere classified	42510	3	1180	Block I30-I52	Y	Y	3.64906164536e-06	0.00120033533466	0.00265332874235	0.00157936218913	0.00311532149996	-0.000346341484002	-0.00118428176333	-0.00132259324239	0.00656764385191	-0.00462111770756
42550	I513	I51.3 Intracardiac thrombosis, not elsewhere classified	42510	3	1180	Block I30-I52	Y	Y	-3.55767689888e-05	0.00130568275142	0.00259706817398	0.00180225126459	0.00318332414191	-0.000478493603749	-0.0011531453386	-0.00137455437998	0.00661384958945	-0.0047549489532
42560	I514	I51.4 Myocarditis, unspecified	42510	3	1180	Block I30-I52	Y	Y	-3.08203105792e-05	0.00121535916873	0.00255428729813	0.00162500276316	0.00313020084257	-0.000383579739722	-0.00116862229179	-0.00131027083858	0.00643321836933	-0.00457396033524
42570	I515	I51.5 Myocardial degeneration	42510	3	1180	Block I30-I52	Y	Y	5.24346154999e-06	0.00123524115151	0.00253607684817	0.00164341947072	0.003206787625	-0.000458350774864	-0.00122132108738	-0.00133828862543	0.00655414705549	-0.00463694476236
42580	I516	I51.6 Cardiovascular disease, unspecified	42510	3	1180	Block I30-I52	Y	Y	-3.82325707695e-05	0.00109336941899	0.00268490272211	0.00165655764936	0.00302991410827	-0.000342195754384	-0.00111400140708	-0.00130743271795	0.00652100885759	-0.00464453968319
42590	I517	I51.7 Cardiomegaly	42510	3	1180	Block I30-I52	Y	Y	-4.64347850182e-05	0.00132798471443	0.00259952880492	0.00177983590948	0.00319163579959	-0.000425526290676	-0.00112414496149	-0.00141070714882	0.00667567207615	-0.00478699623509
42600	I518	I51.8 Other ill-defined heart diseases	42510	3	1180	Block I30-I52	Y	Y	-3.85460642742e-05	0.00130619491279	0.00259858442205	0.00178235930912	0.00318663797856	-0.000464716535382	-0.00113911367673	-0.00137959658394	0.00661631606523	-0.00471392969198
42610	I519	I51.9 Heart disease, unspecified	42510	3	1180	Block I30-I52	Y	Y	-3.79232485374e-05	0.00129420835209	0.00257779241529	0.00171830537843	0.00316724275373	-0.000447772071548	-0.00118699731743	-0.00135745880148	0.00657000781066	-0.00470405163112
42620	I52	I52 Other heart disorders in diseases classified elsewhere	1180	2	1180	Block I30-I52	Y	Y	0.0035949314651	0.000866454304921	0.0025795664837	-0.00129576546507	0.00275948821429	0.00186694736722	-0.0019727832054	-0.00353180445513	0.00336645463953	-0.0053575961121
42630	I520	I52.0 Other heart disorders in bacterial diseases classified elsewhere	42620	3	1180	Block I30-I52	Y	Y	0.00377049991637	0.000585507978637	0.00254716505542	-0.00150158655378	0.00287504288198	0.00175718021191	-0.00193752858932	-0.00356148036593	0.0035708747871	-0.00539091658115
42640	I521	I52.1 Other heart disorders in other infectious and parasitic diseases classified elsewhere	42620	3	1180	Block I30-I52	Y	Y	0.00367520069012	0.000932922768536	0.00266223082654	-0.0012884368469	0.00278334207323	0.00193659376201	-0.00202772557526	-0.00363606436859	0.00338528632446	-0.00542007073146
42650	I528	I52.8 Other heart disorders in other diseases classified elsewhere	42620	3	1180	Block I30-I52	Y	Y	0.00378041591446	0.00085000318522	0.00267478594887	-0.00133463479183	0.00277348036585	0.00188419134977	-0.00194912326683	-0.00356371269599	0.00330613745856	-0.00534243433922
42660	I60	I60 Subarachnoid haemorrhage	1190	2	1190	Block I60-I69	Y	Y	0.00545236122752	-0.00278830759733	-0.00194621781029	0.000976113867864	0.00146139453773	0.00252057180844	-0.00393905300659	0.00450222617689	0.000374718810416	0.00305437770852
42670	I600	I60.0 Subarachnoid haemorrhage from carotid siphon and bifurcation	42660	3	1190	Block I60-I69	Y	Y	0.0055341810464	-0.00279459855166	-0.00205275498209	0.00104277194879	0.00158633835951	0.00246772894155	-0.00381959760246	0.0046042376605	0.000170063526116	0.00317047775024
42680	I601	I60.1 Subarachnoid haemorrhage from middle cerebral artery	42660	3	1190	Block I60-I69	Y	Y	0.00557963340834	-0.00281238622319	-0.00205940326595	0.00101860876405	0.00156030848805	0.00247348689543	-0.0038831950232	0.00460176856367	0.000250210364613	0.00316936572289
42690	I602	I60.2 Subarachnoid haemorrhage from anterior communicating artery	42660	3	1190	Block I60-I69	Y	Y	0.00562429927774	-0.00280618860389	-0.00206234886753	0.00103649452311	0.00152918099219	0.00248381322194	-0.00388330214209	0.00463772221254	0.000198341402185	0.00321775613319
42700	I603	I60.3 Subarachnoid haemorrhage from posterior communicating artery	42660	3	1190	Block I60-I69	Y	Y	0.00556161017456	-0.00279717700537	-0.00196806348824	0.00104196175257	0.00148116083547	0.00257359599601	-0.00398712759256	0.00468739820866	0.000228832870477	0.00316661701686
42710	I604	I60.4 Subarachnoid haemorrhage from basilar artery	42660	3	1190	Block I60-I69	Y	Y	0.00556449191669	-0.00280504184455	-0.00199117399009	0.00100335388164	0.00140216982305	0.00249775905019	-0.00391969728692	0.00455301212541	0.000400390798346	0.00309211907912
42720	I605	I60.5 Subarachnoid haemorrhage from vertebral artery	42660	3	1190	Block I60-I69	Y	Y	0.0056133346418	-0.00277283249821	-0.00199977019946	0.000979221868966	0.00148109874828	0.00254968104949	-0.00389958735671	0.00465884884694	0.000201685387191	0.0031240874059
42730	I606	I60.6 Subarachnoid haemorrhage from other intracranial arteries	42660	3	1190	Block I60-I69	Y	Y	0.00561993192394	-0.00283223358592	-0.0020544002205	0.00100283843025	0.00148489831004	0.00247800888213	-0.00386665190624	0.00458225711741	0.00031443873129	0.00311367278817
42740	I607	I60.7 Subarachnoid haemorrhage from intracranial artery, unspecified	42660	3	1190	Block I60-I69	Y	Y	0.00567599582474	-0.0028126352608	-0.00206565708579	0.000983139907663	0.0015377314994	0.00254987960836	-0.0039021828118	0.00470474155221	0.000187488296368	0.00318428786899
42750	I608	I60.8 Other subarachnoid haemorrhage	42660	3	1190	Block I60-I69	Y	Y	0.00545351413471	-0.00281391024405	-0.00191887793325	0.00105124992718	0.00143982642009	0.0025244595847	-0.00405255396956	0.00453885151216	0.000407643659421	0.00311734162397
42760	I609	I60.9 Subarachnoid haemorrhage, unspecified	42660	3	1190	Block I60-I69	Y	Y	0.0055365158943	-0.002822302709	-0.00198782743037	0.00102412185184	0.00140224550029	0.00251361864924	-0.00392513892069	0.00456643687709	0.000387943106135	0.00311912444369
42770	I61	I61 Intracerebral haemorrhage	1190	2	1190	Block I60-I69	Y	Y	0.00177782883415	0.00308615801227	-0.00104949021455	0.000936695199481	-0.00180642974599	0.00171579295048	-0.00730217604019	0.0044453617209	-0.000565068693002	0.00124544722567
42780	I610	I61.0 Intracerebral haemorrhage in hemisphere, subcortical	42770	3	1190	Block I60-I69	Y	Y	0.00197623885776	0.002967298562	-0.00105782583789	0.000759808495259	-0.00169291533641	0.00173248144258	-0.00744082135885	0.00476737590187	-0.000316849455972	0.00103441635522
42790	I611	I61.1 Intracerebral haemorrhage in hemisphere, cortical	42770	3	1190	Block I60-I69	Y	Y	0.00203561780569	0.00302552600438	-0.00115684892575	0.000783185440407	-0.00178372207184	0.00171385602529	-0.00737545822796	0.00476782173026	-0.000314663433382	0.00109909510652
42800	I612	I61.2 Intracerebral haemorrhage in hemisphere, unspecified	42770	3	1190	Block I60-I69	Y	Y	0.00198133202243	0.0029847830185	-0.00101929837637	0.000916327846373	-0.00177520707849	0.00177778262006	-0.00767519795056	0.00489474003942	-0.00041193005208	0.00114623267477
42810	I613	I61.3 Intracerebral haemorrhage in brain stem	42770	3	1190	Block I60-I69	Y	Y	0.0019689446963	0.00294060140294	-0.00105471811263	0.000759480709268	-0.00169822136889	0.00173268534308	-0.00743132258446	0.00479073955924	-0.000324375100622	0.00103940776017
42820	I614	I61.4 Intracerebral haemorrhage in cerebellum	42770	3	1190	Block I60-I69	Y	Y	0.0019593900104	0.00301451907693	-0.00103013612912	0.000891443799549	-0.00177485172163	0.00176513521224	-0.00764013523599	0.00485537612154	-0.000434763184867	0.00114528223646
42830	I615	I61.5 Intracerebral haemorrhage, intraventricular	42770	3	1190	Block I60-I69	Y	Y	0.00191338062582	0.00322603800624	-0.00114147671649	0.000792328423973	-0.00188138262767	0.00172566226878	-0.00748896542873	0.00464834173713	-0.000449945794005	0.00118392333769
42840	I616	I61.6 Intracerebral haemorrhage, multiple localised	42770	3	1190	Block I60-I69	Y	Y	0.00189669000504	0.00325662952041	-0.00116958441951	0.000821341689863	-0.00190463269559	0.00173416865124	-0.00747677184132	0.00465681999547	-0.000491854683541	0.00121536562721
42850	I618	I61.8 Other intracerebral haemorrhage	42770	3	1190	Block I60-I69	Y	Y	0.00199076154462	0.00291706775912	-0.00104892358847	0.0007529339617	-0.00167300994723	0.00172180725571	-0.00744212860887	0.00479055041597	-0.000322590977207	0.00103661585292
42860	I619	I61.9 Intracerebral haemorrhage, unspecified	42770	3	1190	Block I60-I69	Y	Y	0.00194729301511	0.00309885022991	-0.00107376764335	0.000907896559019	-0.00190074735673	0.00174107185558	-0.00756340546344	0.0049098127865	-0.000393064804505	0.00130881753067
42870	I62	I62 Other nontraumatic intracranial haemorrhage	1190	2	1190	Block I60-I69	Y	Y	0.00110470588155	0.000224958973937	0.00445159710815	0.00400890591217	0.000468608396447	0.0024121506178	-0.00237928951013	0.00426892470319	0.00199138940405	0.00490964036223
42880	I620	I62.0 Subdural haemorrhage (acute) (nontraumatic)	42870	3	1190	Block I60-I69	Y	Y	0.001172194787	0.000275431797362	0.0045485186811	0.00405443424627	0.00054079261667	0.00246922310875	-0.00230846434899	0.00438719096322	0.00205736643659	0.00502393457028
42890	I621	I62.1 Nontraumatic extradural haemorrhage	42870	3	1190	Block I60-I69	Y	Y	0.00102171162746	0.000246109647489	0.0045646321414	0.00418920362245	0.000355323288562	0.00244382981529	-0.00257255824511	0.0044179917263	0.00197152709311	0.00517362894854
42900	I629	I62.9 Intracranial haemorrhage (nontraumatic), unspecified	42870	3	1190	Block I60-I69	Y	Y	0.00120386014523	0.000262683959895	0.00457787423291	0.00408536540221	0.000580924995159	0.00249158561051	-0.00225434874494	0.00446023310044	0.00207134091569	0.00508605149069
42910	I63	I63 Cerebral infarction	1190	2	1190	Block I60-I69	Y	Y	-0.000537049019629	0.00059164506367	0.00138434038161	0.00728968729702	0.00263490840212	0.000983485472844	-0.00277428371026	0.00501392909215	-0.000139667254076	0.000501636310324
42920	I630	I63.0 Cerebral infarction due to thrombosis of precerebral arteries	42910	3	1190	Block I60-I69	Y	Y	-0.000464952117003	0.000520394281855	0.00144821356714	0.00741581144319	0.00268892585439	0.000974128146485	-0.0028911484142	0.00512723572254	-0.000103883430122	0.000510283883433
42930	I631	I63.1 Cerebral infarction due to embolism of precerebral arteries	42910	3	1190	Block I60-I69	Y	Y	-0.000387827929185	0.000382928651164	0.00134464641162	0.00735042535882	0.00272475982971	0.00107375202915	-0.00288198849742	0.00501913534902	4.76783424808e-05	0.000488370938812
42940	I632	I63.2 Cerebral infarction due to unspecified occlusion or stenosis of precerebral arteries	42910	3	1190	Block I60-I69	Y	Y	-0.000404883176268	0.000407103724202	0.00134744918652	0.00735738300657	0.00273408070688	0.00105526478424	-0.00286569243225	0.00501501856596	3.74916602989e-05	0.000484042261027
42950	I633	I63.3 Cerebral infarction due to thrombosis of cerebral arteries	42910	3	1190	Block I60-I69	Y	Y	-0.00040883257134	0.000485555853312	0.0013595860365	0.00743187951835	0.00276195120551	0.000974755475717	-0.00288879054293	0.00498916761778	-2.93789970899e-05	0.000398143292967
42960	I634	I63.4 Cerebral infarction due to embolism of cerebral arteries	42910	3	1190	Block I60-I69	Y	Y	-0.000482105512025	0.000548398204406	0.00145008568215	0.00737211625196	0.0026350810387	0.00095796151311	-0.00285903792196	0.00515850783184	-0.000132326720011	0.000528791451936
42970	I635	I63.5 Cerebral infarction due to unspecified occlusion or stenosis of cerebral arteries	42910	3	1190	Block I60-I69	Y	Y	-0.000504170830531	0.000405975243266	0.00132279006945	0.00734219693503	0.00268048956243	0.00116766201363	-0.0028752711747	0.00507451000426	7.57603594548e-05	0.000529914107629
42980	I636	I63.6 Cerebral infarction due to cerebral venous thrombosis, nonpyogenic	42910	3	1190	Block I60-I69	Y	Y	-0.000454455257348	0.000473770120441	0.00139947317564	0.00732656919089	0.0026302714589	0.00102852684916	-0.00290096291054	0.00512499783503	-6.9610345247e-05	0.000582333278274
42990	I638	I63.8 Other cerebral infarction	42910	3	1190	Block I60-I69	Y	Y	-0.000383082402162	0.000411298394154	0.0013514603428	0.00732199228658	0.00261283859966	0.000972987278953	-0.00284044829963	0.0050136613997	-4.03063119552e-05	0.000489454612269
43000	I639	I63.9 Cerebral infarction, unspecified	42910	3	1190	Block I60-I69	Y	Y	-0.000506714068548	0.000402902016816	0.00133235418789	0.00732653846821	0.00267032677243	0.00116101710345	-0.0028867707398	0.00507732499906	6.55184206666e-05	0.000541758135256
43010	I64	I64 Stroke, not specified as haemorrhage or infarction	1190	2	1190	Block I60-I69	Y	Y	-0.000813760525661	-0.00246389186741	0.00206859128338	0.00173284195046	0.000423241069001	0.00269194232269	-0.00409182932618	0.00388101194673	0.00109030212874	0.00261580822659
43020	I65	I65 Occlusion and stenosis of precerebral arteries, not resulting in cerebral infarction	1190	2	1190	Block I60-I69	Y	Y	0.0019466654109	-0.00151666082212	0.0030937506537	0.00102238637916	0.000578129799285	0.0042321879002	-0.00388718574014	0.00581712303355	-0.000164059306604	0.00354118074343
43030	I650	I65.0 Occlusion and stenosis of vertebral artery	43020	3	1190	Block I60-I69	Y	Y	0.00208870910367	-0.00150072317422	0.00301697014957	0.00101658081358	0.000493654535762	0.00429952903785	-0.0039013872762	0.00592682963311	-0.000200118469791	0.00362856110839
43040	I651	I65.1 Occlusion and stenosis of basilar artery	43020	3	1190	Block I60-I69	Y	Y	0.00205026564776	-0.0015600178151	0.00305832321757	0.00118048202137	0.000477282666238	0.00437239818194	-0.00404589097307	0.00607709528797	-0.000145363492583	0.0037477835608
43050	I652	I65.2 Occlusion and stenosis of carotid artery	43020	3	1190	Block I60-I69	Y	Y	0.0019816783674	-0.00148150204859	0.0030877503927	0.00111297826285	0.000483201821742	0.00437133307681	-0.0040110643046	0.00605599822083	-0.000165812964134	0.00368553039689
43060	I653	I65.3 Occlusion and stenosis of multiple and bilateral precerebral arteries	43020	3	1190	Block I60-I69	Y	Y	0.00200446232603	-0.0015546818386	0.00306668407806	0.00122387629013	0.000478117817312	0.00433210274018	-0.00407606601732	0.00609683307996	-0.000132493840807	0.00375545810624
43070	I658	I65.8 Occlusion and stenosis of other precerebral artery	43020	3	1190	Block I60-I69	Y	Y	0.00198002128703	-0.00153818804346	0.00316874192922	0.000999236112962	0.000591209677202	0.00427439762572	-0.00391443600113	0.0058795724871	-0.000177406227308	0.0035762116881
43080	I659	I65.9 Occlusion and stenosis of unspecified precerebral artery	43020	3	1190	Block I60-I69	Y	Y	0.00210625674427	-0.00147491748209	0.00309079396296	0.00103388269337	0.000469065954444	0.00438452818326	-0.00399072290257	0.0060560356177	-0.000205535872876	0.00370488860128
43090	I66	I66 Occlusion and stenosis of cerebral arteries, not resulting in cerebral infarction	1190	2	1190	Block I60-I69	Y	Y	7.67940475117e-06	-0.0056366272261	0.000672245361735	0.00183203858429	1.69243638237e-05	0.0027152840446	-0.00485188770984	0.0042862362592	-0.000462977446875	0.00296593600555
43100	I660	I66.0 Occlusion and stenosis of middle cerebral artery	43090	3	1190	Block I60-I69	Y	Y	8.97268352468e-05	-0.00567486226377	0.000713810871112	0.00200000616144	3.9733616542e-05	0.00283099875707	-0.00497297610182	0.00454257414187	-0.0004394509399	0.00303478293379
43110	I661	I66.1 Occlusion and stenosis of anterior cerebral artery	43090	3	1190	Block I60-I69	Y	Y	-2.42815400003e-06	-0.00567819618015	0.000612204727104	0.00193592979055	1.3469084781e-05	0.0027507829216	-0.004866184897	0.00445904677207	-0.000653588018016	0.00306248033005
43120	I662	I66.2 Occlusion and stenosis of posterior cerebral artery	43090	3	1190	Block I60-I69	Y	Y	3.40590749547e-05	-0.00568679533422	0.000698387793674	0.00195258084945	8.44663803995e-06	0.00276102549749	-0.00491487220407	0.00440899435061	-0.000467166083327	0.00302073747066
43130	I663	I66.3 Occlusion and stenosis of cerebellar arteries	43090	3	1190	Block I60-I69	Y	Y	9.11618715303e-05	-0.00568467917887	0.000748155527413	0.00198610455232	2.48573511331e-05	0.00284247377415	-0.00495893100291	0.00453427274085	-0.000399563190655	0.00303674803948
43140	I664	I66.4 Occlusion and stenosis of multiple and bilateral cerebral arteries	43090	3	1190	Block I60-I69	Y	Y	-6.62692187138e-06	-0.00564755156143	0.00067197846975	0.00195458010418	2.43542751631e-05	0.00280771251235	-0.00489552081445	0.00447147076644	-0.000540412065499	0.00302855602109
43150	I668	I66.8 Occlusion and stenosis of other cerebral artery	43090	3	1190	Block I60-I69	Y	Y	2.78459956041e-05	-0.00580291498488	0.00070149567811	0.00200648148414	-8.85775912061e-06	0.00285283318697	-0.00497491377601	0.00458508138686	-0.000488150546484	0.00312097109843
43160	I669	I66.9 Occlusion and stenosis of unspecified cerebral artery	43090	3	1190	Block I60-I69	Y	Y	7.45086899519e-05	-0.00560409739429	0.000717693892004	0.00192351574438	1.87347099414e-05	0.00273962540941	-0.00491683983982	0.00438584852467	-0.000412400953092	0.00297869894662
43170	I67	I67 Other cerebrovascular diseases	1190	2	1190	Block I60-I69	Y	Y	-0.00274226716667	-0.00124142354094	-0.00159260603461	0.00748548875033	0.000911573263706	0.00394456355456	-0.00103935569333	-0.00038189202893	-0.00261542918827	-0.00243737131483
43180	I670	I67.0 Dissection of cerebral arteries, nonruptured	43170	3	1190	Block I60-I69	Y	Y	-0.00278886723786	-0.00129382091387	-0.00158904326546	0.00766892105486	0.000846769245165	0.00403498693736	-0.0010746411825	-0.000303837749038	-0.00274590344887	-0.00242634464944
43190	I671	I67.1 Cerebral aneurysm, nonruptured	43170	3	1190	Block I60-I69	Y	Y	-0.00282138608559	-0.00116864164646	-0.00160940252751	0.00760327769042	0.000787559302214	0.00400483306533	-0.00104853920219	-0.000255270512388	-0.00265677084315	-0.00247841955225
43200	I672	I67.2 Cerebral atherosclerosis	43170	3	1190	Block I60-I69	Y	Y	-0.00293651226691	-0.00107207267067	-0.00178993823316	0.00781970630364	0.000766061179899	0.00416665142106	-0.000991896082064	-0.000378312094081	-0.00279513374536	-0.00262480080974
43210	I673	I67.3 Progressive vascular leukoencephalopathy	43170	3	1190	Block I60-I69	Y	Y	-0.00282580892288	-0.00112252053165	-0.00160191353556	0.00762579343937	0.000788838584809	0.00404130796759	-0.00105382219359	-0.000280134606317	-0.00261308577653	-0.00251623209153
43220	I674	I67.4 Hypertensive encephalopathy	43170	3	1190	Block I60-I69	Y	Y	-0.00275580941102	-0.00113227948627	-0.00160059430392	0.00753803547384	0.000801813337833	0.00397519739019	-0.000994006827014	-0.000332722261136	-0.00262265302722	-0.00257925837462
43230	I675	I67.5 Moyamoya disease	43170	3	1190	Block I60-I69	Y	Y	-0.00285223088899	-0.00107357480913	-0.00176078138259	0.00763396245822	0.000772810693602	0.00404713993321	-0.000987419676426	-0.000418031769481	-0.00277261349507	-0.00259080990327
43240	I676	I67.6 Nonpyogenic thrombosis of intracranial venous system	43170	3	1190	Block I60-I69	Y	Y	-0.00284840361219	-0.0010667964366	-0.00178593164096	0.00769510381699	0.00074197263805	0.00407808207003	-0.00104658865064	-0.00036722830471	-0.00280591853381	-0.00252338994449
43250	I677	I67.7 Cerebral arteritis, not elsewhere classified	43170	3	1190	Block I60-I69	Y	Y	-0.00283727756171	-0.00127052115646	-0.00167249245252	0.00781485482558	0.000849929102838	0.00409528437028	-0.00101945569927	-0.000392464361927	-0.00281356038556	-0.00252964447358
43260	I678	I67.8 Other specified cerebrovascular diseases	43170	3	1190	Block I60-I69	Y	Y	-0.00276238515522	-0.00115792603007	-0.00162499319858	0.0075417553735	0.000806350311095	0.00400290717351	-0.000987951045929	-0.00034058542882	-0.00267967895775	-0.00252500544613
43270	I679	I67.9 Cerebrovascular disease, unspecified	43170	3	1190	Block I60-I69	Y	Y	-0.00287647962987	-0.00119124390357	-0.00168080085676	0.00772533783641	0.00077846109088	0.00406297700647	-0.00103640941995	-0.000239242146058	-0.00277520714396	-0.00248637715775
43280	I68	I68 Cerebrovascular disorders in diseases classified elsewhere	1190	2	1190	Block I60-I69	Y	Y	-0.00268195362865	-0.00252054663166	0.00138507136472	0.00348118330717	0.000566542061666	0.00199606824815	-0.00551760912683	0.00495544203202	0.00108858848334	0.00334172320296
43290	I680	I68.0 Cerebral amyloid angiopathy	43280	3	1190	Block I60-I69	Y	Y	-0.00282025991104	-0.00262664575206	0.00137218977234	0.00325953647688	0.000775937078232	0.00199568484414	-0.00547211676727	0.00513324841393	0.0011150392366	0.00327731012375
43300	I681	I68.1 Cerebral arteritis in infectious and parasitic diseases classified elsewhere	43280	3	1190	Block I60-I69	Y	Y	-0.00314194227325	-0.00267855210719	0.00131191580503	0.00330176440241	0.000839962241373	0.00200427522499	-0.00557844597694	0.0052451584165	0.00118182175224	0.00324233320399
43310	I682	I68.2 Cerebral arteritis in other diseases classified elsewhere	43280	3	1190	Block I60-I69	Y	Y	-0.00303673265907	-0.00261910803696	0.00133226588499	0.00336744534461	0.000728736772725	0.0019764214754	-0.00555914254791	0.00509011457195	0.00116371216406	0.00329675603469
43320	I688	I68.8 Other cerebrovascular disorders in diseases classified elsewhere	43280	3	1190	Block I60-I69	Y	Y	-0.00307755521343	-0.00255115202551	0.00128043472178	0.00342315809486	0.00063272614612	0.00186813473179	-0.00558793066998	0.00494263317697	0.00111637880846	0.00326488651773
43330	I69	I69 Sequelae of cerebrovascular disease	1190	2	1190	Block I60-I69	Y	Y	-0.00378756860055	0.00183996110508	0.000789639484392	0.00489966802114	-0.00252213550687	-0.0015228413542	-0.00589106163147	-0.000570900521446	0.00130917924828	0.0019360324593
43340	I690	I69.0 Sequelae of subarachnoid haemorrhage	43330	3	1190	Block I60-I69	Y	Y	-0.00399680085965	0.00186120479915	0.000982622932631	0.00507653648081	-0.00268660224133	-0.00152758649608	-0.0060940766086	-0.000600616390348	0.00127198628725	0.00184048333067
43350	I691	I69.1 Sequelae of intracerebral haemorrhage	43330	3	1190	Block I60-I69	Y	Y	-0.00399967214378	0.0018106881734	0.000994271085444	0.00517726939672	-0.00267434398679	-0.00152034883454	-0.00616864965397	-0.000507468624797	0.00126091902704	0.00195521403795
43360	I692	I69.2 Sequelae of other nontraumatic intracranial haemorrhage	43330	3	1190	Block I60-I69	Y	Y	-0.00384654908285	0.00187699556559	0.00076169769394	0.00497986386218	-0.00259685891359	-0.00161420359459	-0.00601363288467	-0.000631218771331	0.0013399172228	0.0020234322369
43370	I693	I69.3 Sequelae of cerebral infarction	43330	3	1190	Block I60-I69	Y	Y	-0.0039844239433	0.00179944421517	0.000888024833441	0.00520549262419	-0.00273456969056	-0.00153549064653	-0.00617125413148	-0.000543004206972	0.00133130843035	0.00208756093654
43380	I694	I69.4 Sequelae of stroke, not specified as haemorrhage or infarction	43330	3	1190	Block I60-I69	Y	Y	-0.00392643637966	0.00189052604736	0.000858169085724	0.00502120898919	-0.00259747168156	-0.00158690697867	-0.0060123891408	-0.000568375653394	0.00125934039637	0.00191651456398
43390	I698	I69.8 Sequelae of other and unspecified cerebrovascular diseases	43330	3	1190	Block I60-I69	Y	Y	-0.00397731155401	0.00182525340662	0.000982024854266	0.00514100916204	-0.00264487856887	-0.00149017688258	-0.00611661508917	-0.000461793390261	0.00128183368974	0.0019296418771
43400	I70	I70 Atherosclerosis	1200	2	1200	Block I70-I79	Y	Y	-0.00270646520721	0.00309214166362	-0.000411046141897	-0.000941902634395	-0.00341913585775	0.00471638995548	0.00128222760492	0.000256824578286	0.000506069254012	-0.00158806953396
43410	I700	I70.0 Atherosclerosis of aorta	43400	3	1200	Block I70-I79	Y	Y	-0.00203194668501	0.00503484194661	0.00114869592989	-0.000988424791082	-0.0113727126557	0.00805151751496	0.000788890321899	0.00115139389085	0.000845910651251	-0.00179360808547
43420	I7000	I70.00 Atherosclerosis of aorta (without gangrene)	43410	4	1200	Block I70-I79	Y	Y	-0.00200514051252	0.00497771191508	0.00115059243987	-0.000991357544164	-0.0113605402887	0.00802682130841	0.000758009922425	0.00119346170868	0.000855245658193	-0.00181257531639
43430	I7001	I70.01 Atherosclerosis of aorta (with gangrene)	43410	4	1200	Block I70-I79	Y	Y	-0.0022297552665	0.00515382271412	0.00104649121785	-0.00111007323292	-0.0113482424155	0.00828417734685	0.000936475721511	0.00115716299667	0.000823395337276	-0.00181958471281
43440	I701	I70.1 Atherosclerosis of renal artery	43400	3	1200	Block I70-I79	Y	Y	-0.00192270739619	0.00127249306941	0.000916575681649	3.73627473877e-05	-0.00959061899981	0.00926973020395	0.000652835806171	0.00211373686401	-0.00321832702812	-0.00509577267553
43450	I7010	I70.10 Atherosclerosis of renal artery (without gangrene)	43440	4	1200	Block I70-I79	Y	Y	-0.00203865063634	0.00144379480352	0.000902291373366	7.27323325529e-06	-0.00974713141515	0.00946596812932	0.000771709601319	0.00211566861926	-0.00324250892025	-0.0050887589909
43460	I7011	I70.11 Atherosclerosis of renal artery (with gangrene)	43440	4	1200	Block I70-I79	Y	Y	-0.00205140000177	0.00148788028503	0.000868657989131	2.24262003302e-05	-0.00979511971771	0.00951345571211	0.000815822955111	0.0021591914085	-0.00329414237043	-0.00505092814409
43470	I702	I70.2 Atherosclerosis of arteries of the extremities	43400	3	1200	Block I70-I79	Y	Y	-0.00464920893959	0.000621632502287	0.000750228520833	-0.00374376632403	-0.0083784604454	0.00917483300734	0.0039167067758	0.000266798051239	-0.0034853992273	-0.00202628191384
43480	I7020	I70.20 Atherosclerosis of arteries of extremities (without gangrene)	43470	4	1200	Block I70-I79	Y	Y	-0.00479252566035	0.000626719071037	0.000903154259628	-0.00399235041613	-0.00857187805502	0.00929993615368	0.00408910612597	0.0003272676899	-0.00348614492383	-0.00203470793428
43490	I7021	I70.21 Atherosclerosis of arteries of extremities (with gangrene)	43470	4	1200	Block I70-I79	Y	Y	-0.00475466014296	0.000652854634135	0.000864939301565	-0.00393014701705	-0.00851093449907	0.00926482643481	0.00403042459712	0.000320891179622	-0.00346912246881	-0.00200864944916
43500	I708	I70.8 Atherosclerosis of other arteries	43400	3	1200	Block I70-I79	Y	Y	-0.000646544484737	0.00360590956875	0.0014887803392	-0.00258098334956	-0.0100517580136	0.00782764130982	0.00308428685565	0.00445616412987	-0.000488320559846	-0.00305293178395
43510	I7080	I70.80 Atherosclerosis of other arteries (without gangrene)	43500	4	1200	Block I70-I79	Y	Y	-0.00072746992611	0.00373238363869	0.00149264099702	-0.00266169422005	-0.0102569747404	0.00809460556689	0.00318055064079	0.00454222559125	-0.000483080211775	-0.00313377474072
43520	I7081	I70.81 Atherosclerosis of other arteries (with gangrene)	43500	4	1200	Block I70-I79	Y	Y	-0.000707556198623	0.00369829722551	0.00148876363975	-0.00264914177485	-0.0101741269752	0.00801978253157	0.00316669286729	0.0045269521836	-0.000454688717688	-0.00312526315036
43530	I709	I70.9 Generalised and unspecified atherosclerosis	43400	3	1200	Block I70-I79	Y	Y	-0.0052515901669	0.00111053509058	-0.000292389189138	-0.000409281117036	-0.0103021336597	0.00778856182895	-0.00140573356293	-0.000610465675674	-0.0026493185979	-0.0046920596807
43540	I7090	I70.90 Generalized and unspecified atherosclerosis (without gangrene)	43530	4	1200	Block I70-I79	Y	Y	-0.00530135312055	0.00102373170427	-0.00021533307857	-0.000382494876727	-0.0105674030424	0.00785978650057	-0.00148413381146	-0.000533523547942	-0.00273629470594	-0.00471577509251
43550	I7091	I70.91 Generalized and unspecified atherosclerosis (with gangrene)	43530	4	1200	Block I70-I79	Y	Y	-0.00533329603945	0.0011605680468	-0.000256041711203	-0.000398691593362	-0.010406286875	0.00788326062451	-0.00135513918222	-0.000519785250096	-0.00264546371798	-0.00467520182867
43560	I71	I71 Aortic aneurysm and dissection	1200	2	1200	Block I70-I79	Y	Y	-0.002284144667	0.00335288682222	-0.0033280096132	-0.00236804129723	-0.00416475994013	0.00375344232632	0.00437245308315	-0.00286117291434	0.00256281843745	-0.000876025804378
43570	I710	I71.0 Dissection of aorta [any part]	43560	3	1200	Block I70-I79	Y	Y	-0.00228831312193	0.00334191597378	-0.00335026957771	-0.0023983704639	-0.00431609630018	0.00384009208908	0.00453047088725	-0.00297773896475	0.00271444935927	-0.000846056794597
43580	I711	I71.1 Thoracic aortic aneurysm, ruptured	43560	3	1200	Block I70-I79	Y	Y	-0.00228102702956	0.00327835111808	-0.00328474163372	-0.00243447608123	-0.00435377061948	0.00386607785065	0.00456340324044	-0.0029736525522	0.00273668339677	-0.000829364279048
43590	I712	I71.2 Thoracic aortic aneurysm, without mention of rupture	43560	3	1200	Block I70-I79	Y	Y	-0.00231676899796	0.00340814816796	-0.00340606569087	-0.00241716395219	-0.00427900721828	0.00381402724505	0.00450564458026	-0.00295616068522	0.00263566678482	-0.000865085818762
43600	I713	I71.3 Abdominal aortic aneurysm, ruptured	43560	3	1200	Block I70-I79	Y	Y	-0.0022635362696	0.00333896173569	-0.00335338455182	-0.00240598904263	-0.00428572567535	0.00380977233986	0.00450162554793	-0.00296734179277	0.00270747213372	-0.000862872528215
43610	I714	I71.4 Abdominal aortic aneurysm, without mention of rupture	43560	3	1200	Block I70-I79	Y	Y	-0.002244756562	0.00334437708248	-0.00347567645808	-0.00238940226741	-0.00434681915535	0.00379108370414	0.00451560003682	-0.00306941241681	0.00271281698265	-0.000903173103628
43620	I715	I71.5 Thoracoabdominal aortic aneurysm, ruptured	43560	3	1200	Block I70-I79	Y	Y	-0.00232575563957	0.00347769762178	-0.00351878244469	-0.00237204527555	-0.0043444708829	0.0038131363996	0.00453543772305	-0.00300826196405	0.00264463564712	-0.000853265739062
43630	I716	I71.6 Thoracoabdominal aortic aneurysm, without mention of rupture	43560	3	1200	Block I70-I79	Y	Y	-0.0024420362006	0.00371340755343	-0.0035564470773	-0.00230952190946	-0.004160694194	0.00376414979338	0.0044128839065	-0.00282748022738	0.00256833514078	-0.000909222987896
43640	I718	I71.8 Aortic aneurysm of unspecified site, ruptured	43560	3	1200	Block I70-I79	Y	Y	-0.00232195518079	0.00343418919179	-0.00344277755773	-0.00234778076696	-0.00435570861869	0.00381093057971	0.00452364673129	-0.00298396249991	0.00266210061684	-0.000841048357593
43650	I719	I71.9 Aortic aneurysm of unspecified site, without mention of rupture	43560	3	1200	Block I70-I79	Y	Y	-0.00225688576994	0.00333620419353	-0.00340988141718	-0.00235234298055	-0.0042791853049	0.00378541190194	0.0044424841548	-0.00300526623837	0.0026851016785	-0.000897995695567
43660	I72	I72 Other aneurysm	1200	2	1200	Block I70-I79	Y	Y	-0.0055228574516	0.00238035249653	-0.00187128082975	-0.00169907293869	0.000262897213092	0.00651576676269	0.00168642309624	-0.0023074139309	-0.00105508502599	0.00150835468011
43670	I720	I72.0 Aneurysm of carotid artery	43660	3	1200	Block I70-I79	Y	Y	-0.00567303511584	0.00255922536471	-0.00192608039802	-0.0017107190615	0.000113586069673	0.00663975852466	0.00186451595311	-0.00233796381201	-0.00103310961001	0.0014274265363
43680	I721	I72.1 Aneurysm of artery of upper extremity	43660	3	1200	Block I70-I79	Y	Y	-0.00562606011373	0.00253323644393	-0.00190772201275	-0.00171997113094	0.000151212429765	0.00654568900523	0.00179481572615	-0.00233096900228	-0.00101027092204	0.00136141106634
43690	I722	I72.2 Aneurysm of renal artery	43660	3	1200	Block I70-I79	Y	Y	-0.00564708215648	0.00251606627965	-0.00193407955006	-0.00176823320041	0.000126350792267	0.00664640169243	0.00188071661427	-0.002442756539	-0.00101052081415	0.00138885458311
43700	I723	I72.3 Aneurysm of iliac artery	43660	3	1200	Block I70-I79	Y	Y	-0.00564152026303	0.00254460617314	-0.00190420858517	-0.00170829870875	0.000143616352645	0.00654035959394	0.001796007069	-0.00235061545254	-0.00101045307624	0.00137007441457
43710	I724	I72.4 Aneurysm of artery of lower extremity	43660	3	1200	Block I70-I79	Y	Y	-0.00560846023682	0.00264167888456	-0.00180698767529	-0.00163092054722	3.66861724173e-05	0.00649416403305	0.00182945954163	-0.00228380200242	-0.000996591407792	0.00128832951176
43720	I725	I72.5 Aneurysm and dissection of other precerebral arteries	43660	3	1200	Block I70-I79	Y	Y	-0.00559996605777	0.00243627740551	-0.00193137786853	-0.00177280791547	0.000177422521534	0.00666201905062	0.00186242464535	-0.0023295111427	-0.000981764547759	0.00156687206144
43730	I726	I72.6 Aneurysm and dissection of vertebral artery	43660	3	1200	Block I70-I79	Y	Y	-0.00564372485503	0.00265530997741	-0.00186010261483	-0.00168492413696	5.44928175198e-05	0.00661638552323	0.00185331447949	-0.00227917108094	-0.000975715980536	0.00131461631498
43740	I728	I72.8 Aneurysm of other specified arteries	43660	3	1200	Block I70-I79	Y	Y	-0.00568346177952	0.00267051144672	-0.00185669094807	-0.00169204526762	-7.54245187709e-05	0.00661341072657	0.00193810117467	-0.00239543072806	-0.000971996732613	0.00128907019123
43750	I729	I72.9 Aneurysm of unspecified site	43660	3	1200	Block I70-I79	Y	Y	-0.00567606651146	0.00260431399407	-0.00189428280584	-0.00171195164785	5.1539527502e-05	0.00662805042875	0.00189327795157	-0.00237549799719	-0.000986034463844	0.00132206835408
43760	I73	I73 Other peripheral vascular diseases	1200	2	1200	Block I70-I79	Y	Y	-0.00497511723282	0.00564499828084	-0.000696266886107	-0.00179168824503	-0.00377967693766	0.00417687857976	0.00184586169969	0.000977288853286	-0.000160192257953	-0.0010674424828
43770	I730	I73.0 Raynaud's syndrome	43760	3	1200	Block I70-I79	Y	Y	-0.00521955284268	0.00566789611853	-0.000505371841247	-0.00181795659459	-0.00410302619348	0.00413430649821	0.0016878328918	0.00108194797726	-0.000446879200984	-0.0014368635227
43780	I731	I73.1 Thromboangiitis obliterans [Buerger]	43760	3	1200	Block I70-I79	Y	Y	-0.00519107983901	0.00582054309562	-0.000623764069488	-0.0018771634255	-0.00397425549949	0.0041030110794	0.00180640744027	0.00108035949429	-0.000383732042364	-0.00127316235049
43790	I738	I73.8 Other specified peripheral vascular diseases	43760	3	1200	Block I70-I79	Y	Y	-0.00523717144827	0.00565829783253	-0.000491528106275	-0.0018000765114	-0.00411032866852	0.00413043091723	0.00167472944139	0.00107150947793	-0.000467819418255	-0.00145495499592
43800	I739	I73.9 Peripheral vascular disease, unspecified	43760	3	1200	Block I70-I79	Y	Y	-0.00526600184978	0.0059672788812	-0.000632974107087	-0.00193991144701	-0.00396493569553	0.00406611482463	0.00180682564911	0.00113022063303	-0.000461022694712	-0.00134954170131
43810	I74	I74 Arterial embolism and thrombosis	1200	2	1200	Block I70-I79	Y	Y	-0.00481056447897	0.00146677906983	-0.00133067907333	0.000569861972916	-0.00392102478822	0.00299591135358	0.00111533891808	0.0028610059718	0.00583083620861	0.000340802506095
43820	I740	I74.0 Embolism and thrombosis of abdominal aorta	43810	3	1200	Block I70-I79	Y	Y	-0.00486777603241	0.00121054040575	-0.00130597746416	0.000674155917966	-0.00400454837994	0.00295984285723	0.00102379572817	0.0030567023426	0.00617893671919	0.000359650014955
43830	I741	I74.1 Embolism and thrombosis of other and unspecified parts of aorta	43810	3	1200	Block I70-I79	Y	Y	-0.00500752247213	0.00123081781849	-0.00137726187395	0.000554676776748	-0.00406266500493	0.00319784620228	0.000999136744969	0.00304402993831	0.00606335347919	0.000471055724869
43840	I742	I74.2 Embolism and thrombosis of arteries of the upper extremities	43810	3	1200	Block I70-I79	Y	Y	-0.00505230966059	0.00122324998276	-0.00137295004341	0.000601975957951	-0.00410509074759	0.00319776647895	0.00103137769784	0.00308323822931	0.00611335536332	0.000474962110857
43850	I743	I74.3 Embolism and thrombosis of arteries of the lower extremities	43810	3	1200	Block I70-I79	Y	Y	-0.00494564738978	0.00126459785871	-0.00136463477598	0.000616358187146	-0.00402857750113	0.00313425814509	0.00103421995557	0.0030271321172	0.00600419750302	0.000460569593359
43860	I744	I74.4 Embolism and thrombosis of arteries of extremities, unspecified	43810	3	1200	Block I70-I79	Y	Y	-0.0049863004424	0.00139583894055	-0.00136794858441	0.000622148167597	-0.00403882221161	0.00306472884515	0.00115091565394	0.00298207609746	0.00607876528984	0.000365273620943
43870	I745	I74.5 Embolism and thrombosis of iliac artery	43810	3	1200	Block I70-I79	Y	Y	-0.00493623264929	0.00117829357212	-0.00132282862496	0.000677553144017	-0.00403571387944	0.00300389444686	0.00101057879439	0.00307347548922	0.00623272494483	0.000413173679387
43880	I748	I74.8 Embolism and thrombosis of other arteries	43810	3	1200	Block I70-I79	Y	Y	-0.00511623537804	0.00118403787672	-0.00142844449521	0.00059916565933	-0.00414443534372	0.0032580828856	0.00103488458352	0.00316411737291	0.00623467689565	0.000500451527648
43890	I749	I74.9 Embolism and thrombosis of unspecified artery	43810	3	1200	Block I70-I79	Y	Y	-0.00496505495418	0.00126487301501	-0.00134386218225	0.00067192196433	-0.00406130362601	0.00304376449627	0.00111856502462	0.00305097787414	0.00623451252397	0.000360216590073
43900	I77	I77 Other disorders of arteries and arterioles	1200	2	1200	Block I70-I79	Y	Y	-0.00637039333371	0.00455089586842	0.000155533037915	0.00111495258744	-0.00145154686033	0.00275461942944	-0.000740997840972	0.000486921132963	-0.00257750631445	-0.00385445455255
43910	I770	I77.0 Arteriovenous fistula, acquired	43900	3	1200	Block I70-I79	Y	Y	-0.00678064910456	0.00474138932447	5.55219785826e-05	0.00108604657997	-0.00145110526624	0.00295481762965	-0.000605364814754	0.000656550597185	-0.00299715980534	-0.00380697307459
43920	I771	I77.1 Stricture of artery	43900	3	1200	Block I70-I79	Y	Y	-0.00660773686316	0.00462989377266	0.000119067615001	0.00110539933781	-0.00145227080064	0.00285095849331	-0.000668885350973	0.000563720470951	-0.0028232544064	-0.00382995340307
43930	I772	I77.2 Rupture of artery	43900	3	1200	Block I70-I79	Y	Y	-0.00666817027233	0.00472286078656	7.68349888034e-05	0.00106715859715	-0.00147507186008	0.00285683053912	-0.000528508377494	0.000576909033831	-0.00296079317091	-0.00371504180083
43940	I773	I77.3 Arterial fibromuscular dysplasia	43900	3	1200	Block I70-I79	Y	Y	-0.0066823230663	0.00471396218625	0.000196760026874	0.00112442693626	-0.00160782985406	0.0028833609902	-0.000683837132607	0.000484607708525	-0.00266877362108	-0.00399555043953
43950	I774	I77.4 Coeliac artery compression syndrome	43900	3	1200	Block I70-I79	Y	Y	-0.0065706900994	0.0046954919689	9.8180262424e-05	0.00105264520631	-0.00154946725981	0.00293422129687	-0.000605957280772	0.000532808493887	-0.00267532349721	-0.00382266927443
43960	I775	I77.5 Necrosis of artery	43900	3	1200	Block I70-I79	Y	Y	-0.00653815946296	0.00461228132537	0.000111009367643	0.00107008137644	-0.00149313706685	0.00287421271491	-0.000668680984758	0.000537886996872	-0.00271910566695	-0.00383224101228
43970	I776	I77.6 Arteritis, unspecified	43900	3	1200	Block I70-I79	Y	Y	-0.00664694045401	0.0047600287855	0.000107939744578	0.00105828192357	-0.00157949161091	0.00298179269339	-0.00060119407282	0.000565387172573	-0.00271454507236	-0.00387685397144
43980	I778	I77.8 Other specified disorders of arteries and arterioles	43900	3	1200	Block I70-I79	Y	Y	-0.00678144931325	0.00478837730816	0.000168180237014	0.00117387545655	-0.0016626336367	0.00294290042769	-0.000698534489412	0.00044804761972	-0.00265601335644	-0.00416105754477
43990	I779	I77.9 Disorder of arteries and arterioles, unspecified	43900	3	1200	Block I70-I79	Y	Y	-0.00674420553661	0.00471936825537	8.54202913409e-05	0.00106851638969	-0.00148640278149	0.00294182165555	-0.000582397087785	0.000598761230848	-0.00294517451585	-0.00383873816051
44000	I78	I78 Diseases of capillaries	1200	2	1200	Block I70-I79	Y	Y	-0.00349155672342	0.00630462992139	-0.000629093755905	-0.00054291018108	-0.0039222292732	0.00423803466479	0.00285733457351	0.00103563053152	0.00158111205229	-0.000431236843595
44010	I780	I78.0 Hereditary haemorrhagic telangiectasia	44000	3	1200	Block I70-I79	Y	Y	-0.00368273975402	0.00648660075137	-0.000647962789183	-0.000597546399414	-0.00400756308929	0.00441168047598	0.00288217642508	0.00110162146287	0.00154737648451	-0.000429458587382
44020	I781	I78.1 Naevus, nonneoplastic	44000	3	1200	Block I70-I79	Y	Y	-0.00358261661054	0.00645714863408	-0.000606948611635	-0.000533821244814	-0.00400696769638	0.0043512029039	0.00290252169943	0.00107921793782	0.00158698101905	-0.000442720447527
44030	I788	I78.8 Other diseases of capillaries	44000	3	1200	Block I70-I79	Y	Y	-0.00384452252871	0.00677952638278	-0.000707073217517	-0.00059702246874	-0.00418137592318	0.00457447293404	0.00300032245003	0.00118385631424	0.00161061679668	-0.00042747245876
44040	I789	I78.9 Disease of capillaries, unspecified	44000	3	1200	Block I70-I79	Y	Y	-0.00374143215131	0.00660902524703	-0.000695746384597	-0.000623409303928	-0.0040614697033	0.00444323101391	0.00290947318197	0.00111012408126	0.00156284596713	-0.000398763653785
44050	I79	I79 Disorders of arteries, arterioles and capillaries in diseases classified elsewhere	1200	2	1200	Block I70-I79	Y	Y	-0.00280191148545	0.00564258757406	-1.11890746811e-05	-0.00131107105237	-0.00304834557905	0.00637699050122	0.00285394287418	-0.000544505283177	-0.000583463060633	0.000129165186369
44060	I790	I79.0 Aneurysm of aorta in diseases classified elsewhere	44050	3	1200	Block I70-I79	Y	Y	-0.00301095769899	0.00586008002499	-0.000100536997289	-0.00137944332611	-0.00317170091176	0.00637287390319	0.00291150097208	-0.000484283732881	-0.000459327039638	7.63501916028e-05
44070	I791	I79.1 Aortitis in diseases classified elsewhere	44050	3	1200	Block I70-I79	Y	Y	-0.00296848055229	0.00576963531302	-5.41784572918e-05	-0.00135209991065	-0.00314282379256	0.00651394318242	0.00293742087407	-0.000522596776642	-0.00052491039222	0.000112219114037
44080	I792	I79.2 Peripheral angiopathy in diseases classified elsewhere	44050	3	1200	Block I70-I79	Y	Y	-0.00291791035791	0.00588986672617	-7.00448369377e-05	-0.0013466719632	-0.00317498163032	0.00637731005515	0.00291375164928	-0.000461451120338	-0.000545086103261	0.000140547567023
44090	I798	I79.8 Other disorders of arteries, arterioles and capillaries in diseases classified elsewhere	44050	3	1200	Block I70-I79	Y	Y	-0.00286987405671	0.00565496067043	-7.37989661964e-05	-0.00137531040843	-0.00309371692003	0.0063056862312	0.0028555532034	-0.000568770544496	-0.000405355873173	0.00012315520667
44100	I80	I80 Phlebitis and thrombophlebitis	1210	2	1210	Block I80-I89	Y	Y	0.00137783010607	-0.00113697610437	-0.00215359976808	0.0033505724997	-0.00213594591873	-0.00271126734894	0.000375486140165	-0.00318670852645	-0.00638653810417	0.00153081404692
44110	I800	I80.0 Phlebitis and thrombophlebitis of superficial vessels of lower extremities	44100	3	1210	Block I80-I89	Y	Y	0.0015980457542	-0.0010756133215	-0.00223910350683	0.00354509974234	-0.0021308851743	-0.00269385515853	0.000485898521839	-0.00317058389664	-0.00653566697414	0.00155190610624
44120	I801	I80.1 Phlebitis and thrombophlebitis of femoral vein	44100	3	1210	Block I80-I89	Y	Y	0.00145768758681	-0.00112316706999	-0.00211983667602	0.00356721359788	-0.00194652756198	-0.00270590505421	0.000234473728935	-0.00330365398439	-0.00646915310334	0.00139347948826
44130	I802	I80.2 Phlebitis and thrombophlebitis of other deep vessels of lower extremities	44100	3	1210	Block I80-I89	Y	Y	0.00136881347532	-0.00109416474011	-0.00205091382461	0.00344064238528	-0.00195815474386	-0.00256952818344	0.000258453905362	-0.00322223121754	-0.00634052863662	0.00138097983042
44140	I803	I80.3 Phlebitis and thrombophlebitis of lower extremities, unspecified	44100	3	1210	Block I80-I89	Y	Y	0.00157105513598	-0.00111775285551	-0.00223486050464	0.00359274219727	-0.00213898136709	-0.00275813894662	0.000435355986748	-0.00323573977081	-0.00662947589952	0.00157059666923
44150	I808	I80.8 Phlebitis and thrombophlebitis of other sites	44100	3	1210	Block I80-I89	Y	Y	0.00146216065208	-0.0011170420739	-0.00212804911843	0.00359394123541	-0.00196938444317	-0.00273214829447	0.000234794629971	-0.0033061807091	-0.00647738518213	0.0013891637023
44160	I809	I80.9 Phlebitis and thrombophlebitis of unspecified site	44100	3	1210	Block I80-I89	Y	Y	0.0014707367592	-0.00111143303964	-0.00209258796574	0.00353734927566	-0.00192646889519	-0.00273161497242	0.000234518993014	-0.00328580222967	-0.00640537199314	0.00141513266439
44170	I81	I81 Portal vein thrombosis	1210	2	1210	Block I80-I89	Y	Y	0.00154729985561	-0.00115911433252	-0.00178615499	0.00246899638047	-0.00199960491268	-0.00470152243508	0.0012648538053	-0.00139209830651	-0.00339600127814	0.00327730259669
44180	I82	I82 Other venous embolism and thrombosis	1210	2	1210	Block I80-I89	Y	Y	0.000386786423054	-0.000703031240708	-3.27841102284e-05	0.00179149275791	-0.0022109121941	-0.00636074349535	0.00210925694444	-0.003754474128	-0.00170418562164	0.00319373528438
44190	I820	I82.0 Budd-Chiari syndrome	44180	3	1210	Block I80-I89	Y	Y	0.000462417929652	-0.000718370706892	3.1874428789e-05	0.00193684257208	-0.00222843419899	-0.0065320509371	0.00212480398	-0.00396425135675	-0.00163526926165	0.00324438880771
44200	I821	I82.1 Thrombophlebitis migrans	44180	3	1210	Block I80-I89	Y	Y	0.000378406636875	-0.00071682547765	-5.67618171577e-05	0.00179311148698	-0.00225893558327	-0.00646697945188	0.00215585266497	-0.00375692140443	-0.00178307165507	0.00326997367193
44210	I822	I82.2 Embolism and thrombosis of vena cava	44180	3	1210	Block I80-I89	Y	Y	0.000452352829161	-0.000690266362142	7.5115709829e-05	0.00190721962956	-0.00224141506924	-0.00654775055012	0.00213901258383	-0.00403185727196	-0.00156829229469	0.0032475945515
44220	I823	I82.3 Embolism and thrombosis of renal vein	44180	3	1210	Block I80-I89	Y	Y	0.000418432470766	-0.000722066145705	-2.09029006356e-05	0.00186133439527	-0.00229542196814	-0.00654900831122	0.00220898979886	-0.00388473566225	-0.00173067010411	0.003293088541
44230	I828	I82.8 Embolism and thrombosis of other specified veins	44180	3	1210	Block I80-I89	Y	Y	0.000415095468159	-0.000705819399692	3.28123768307e-05	0.00187415506258	-0.00224812070005	-0.00653278123166	0.0021637593995	-0.00391489809606	-0.00167607829264	0.00325705249197
44240	I829	I82.9 Embolism and thrombosis of unspecified vein	44180	3	1210	Block I80-I89	Y	Y	0.000440420670309	-0.000700041229649	8.56421409889e-05	0.00192550765358	-0.0022258524053	-0.00656617665332	0.00212987605084	-0.00406149910844	-0.00156350021234	0.00324409469885
44250	I83	I83 Varicose veins of lower extremities	1210	2	1210	Block I80-I89	Y	Y	0.00150586741252	-0.0011574856702	-0.0020638601308	0.00420860091607	-0.00115462109378	-0.00561859281482	0.000871055560578	-0.00199474093933	-0.00351846897623	0.00266417390169
44260	I830	I83.0 Varicose veins of lower extremities with ulcer	44250	3	1210	Block I80-I89	Y	Y	0.00143920313414	-0.00106715406279	-0.00198781655765	0.00423303271447	-0.00114331796167	-0.00554216471644	0.000847497146492	-0.00202522725262	-0.00348198574753	0.00264461747685
44270	I831	I83.1 Varicose veins of lower extremities with inflammation	44250	3	1210	Block I80-I89	Y	Y	0.00153727232751	-0.0011009128701	-0.00206227924233	0.0043290985747	-0.00115612604635	-0.00561817190126	0.000739644041738	-0.00195326093331	-0.00348022212353	0.00255865952683
44280	I832	I83.2 Varicose veins of lower extremities with both ulcer and inflammation	44250	3	1210	Block I80-I89	Y	Y	0.00141503207707	-0.00107881158811	-0.00200122676091	0.00424881237663	-0.00115339635053	-0.00554131253669	0.000854649812272	-0.00202685630266	-0.00348717447963	0.00264388726163
44290	I839	I83.9 Varicose veins of lower extremities without ulcer or inflammation	44250	3	1210	Block I80-I89	Y	Y	0.00155978045582	-0.00108733681457	-0.00206675745078	0.00448565831885	-0.00110868716189	-0.00564328146409	0.000595621217583	-0.00188491080674	-0.00342966566839	0.00245906413757
44300	I84	I84 Haemorrhoids	1210	2	1210	Block I80-I89	Y	Y	0.000455421335117	-0.00275477455393	-0.00183769608262	-0.00248667051093	-0.00342008820039	-0.0057375652534	0.00172304836462	0.00243042305621	-0.00134710162512	0.00269377673749
44310	I840	I84.0 Internal thrombosed haemorrhoids	44300	3	1210	Block I80-I89	Y	Y	0.000536800760142	-0.00293501640421	-0.00184487481408	-0.00256626138508	-0.00349414858822	-0.00603067080454	0.00167059321184	0.00254989377413	-0.00133901593194	0.0028330208114
44320	I841	I84.1 Internal haemorrhoids with other complications	44300	3	1210	Block I80-I89	Y	Y	0.000506990570058	-0.00272823660141	-0.00182233947131	-0.00248167676183	-0.00340352488602	-0.00582094641852	0.001698379082	0.00239406151745	-0.00136852057587	0.00269758139016
44330	I842	I84.2 Internal haemorrhoids without complication	44300	3	1210	Block I80-I89	Y	Y	0.000546666373717	-0.00285756308179	-0.00181167228393	-0.0025261932014	-0.00334610011614	-0.00585136693391	0.00168829491865	0.0024171158656	-0.00130167796428	0.00269266653563
44340	I843	I84.3 External thrombosed haemorrhoids	44300	3	1210	Block I80-I89	Y	Y	0.00054087401453	-0.0029621407226	-0.00185407732133	-0.00263978354664	-0.00346643490795	-0.0060234411531	0.00176910594179	0.00257529357337	-0.00134493971724	0.00276885730944
44350	I844	I84.4 External haemorrhoids with other complications	44300	3	1210	Block I80-I89	Y	Y	0.000612881568839	-0.00297907789382	-0.00188120573504	-0.00238401359822	-0.0033545388539	-0.00604399957983	0.00156459044187	0.00233116517253	-0.00131966413231	0.00279238474626
44360	I845	I84.5 External haemorrhoids without complication	44300	3	1210	Block I80-I89	Y	Y	0.000567796562457	-0.00282113350223	-0.00183940407232	-0.00243322129227	-0.0033822970287	-0.00586748902424	0.00168765701656	0.00235017671109	-0.00134573879207	0.00272542987575
44370	I846	I84.6 Residual haemorrhoidal skin tags	44300	3	1210	Block I80-I89	Y	Y	0.000541137747177	-0.00299226111807	-0.00181696750367	-0.00263280899377	-0.00344694560603	-0.0060665502961	0.00163389828554	0.002571696501	-0.00130660047234	0.00281999336676
44380	I847	I84.7 Unspecified thrombosed haemorrhoids	44300	3	1210	Block I80-I89	Y	Y	0.000530286156195	-0.00282663837934	-0.00180060974433	-0.00251569521896	-0.00332679380961	-0.00578164326211	0.0016887289728	0.00245208261113	-0.00129676061278	0.00266975646243
44390	I848	I84.8 Unspecified haemorrhoids with other complications	44300	3	1210	Block I80-I89	Y	Y	0.000569123971584	-0.0029392362536	-0.00188835105905	-0.00242602857194	-0.00339713521603	-0.00599053063842	0.00161477871615	0.00239504999497	-0.00134626464974	0.00278912483393
44400	I849	I84.9 Unspecified haemorrhoids without complication	44300	3	1210	Block I80-I89	Y	Y	0.00052028016081	-0.00286639861614	-0.00184031528507	-0.00249398544626	-0.00345867518843	-0.00600347774255	0.00160411240659	0.00242753595044	-0.00136190279936	0.00282745383221
44410	I85	I85 Oesophageal varices	1210	2	1210	Block I80-I89	Y	Y	0.00130840791204	-0.00101411331021	-0.0034840614062	0.00139648226302	-0.00155926710018	-0.00584825797489	0.00210014787139	-0.00271542944182	-0.00301245053068	0.00292695426668
44420	I850	I85.0 Oesophageal varices with bleeding	44410	3	1210	Block I80-I89	Y	Y	0.00131536823515	-0.00102525236999	-0.00365314546002	0.00135682941213	-0.00152925858463	-0.00599785683939	0.00220108428274	-0.00283320163617	-0.00302876856032	0.00297071113657
44430	I859	I85.9 Oesophageal varices without bleeding	44410	3	1210	Block I80-I89	Y	Y	0.00132220686315	-0.00101383631335	-0.0035766403394	0.00142240950081	-0.00160202563237	-0.00597886524798	0.00213466719519	-0.00277241774226	-0.00305243954644	0.00298557755883
44440	I86	I86 Varicose veins of other sites	1210	2	1210	Block I80-I89	Y	Y	0.000573049109269	-0.00202801533254	-0.00224168788328	-9.53222150412e-05	-0.00470324127514	-0.00498948737167	0.000922748020699	-0.00277266694902	-0.00277137131815	0.00335523465228
44450	I860	I86.0 Sublingual varices	44440	3	1210	Block I80-I89	Y	Y	0.000366335210389	-0.00214789240139	-0.00213580405623	-0.000101653966229	-0.00474602905785	-0.0049633923874	0.000850738853543	-0.00281582376168	-0.00273268618386	0.00329169611395
44460	I861	I86.1 Scrotal varices	44440	3	1210	Block I80-I89	Y	Y	0.00038558638918	-0.00212103071257	-0.00220483069357	-0.000259190309886	-0.00490982404776	-0.00502887463997	0.000834042763185	-0.00295391708055	-0.00272283295562	0.00329797686175
44470	I862	I86.2 Pelvic varices	44440	3	1210	Block I80-I89	Y	Y	0.00034110354677	-0.00215951206711	-0.00213944446335	-0.000172540626373	-0.00480019023746	-0.00500874731797	0.000799111902082	-0.00286077768899	-0.00274479902767	0.00327090773256
44480	I863	I86.3 Vulval varices	44440	3	1210	Block I80-I89	Y	Y	0.000428426888981	-0.00211156852371	-0.00218974967796	-0.000207461435748	-0.00485206253085	-0.00498777338725	0.000837157098536	-0.00286634013879	-0.00271950144788	0.00327904437583
44490	I864	I86.4 Gastric varices	44440	3	1210	Block I80-I89	Y	Y	0.000360738917943	-0.00217896535292	-0.00216336450288	-8.13073536984e-05	-0.00479365785625	-0.00499472889675	0.00085579736304	-0.00282787027053	-0.00273585136097	0.00332739987868
44500	I868	I86.8 Varicose veins of other specified sites	44440	3	1210	Block I80-I89	Y	Y	0.000411325006982	-0.00215042793641	-0.00219502880565	-9.39346727821e-05	-0.00481347916528	-0.00507616788883	0.000838364840229	-0.00285817169696	-0.00280860458676	0.00335389559673
44510	I87	I87 Other disorders of veins	1210	2	1210	Block I80-I89	Y	Y	0.0043914183662	0.00113654899596	-0.00184964142405	0.000401396892996	-0.00212654514942	-0.0043972619604	0.00169209836661	-0.00217137786847	-0.00407046918309	0.00355337820867
44520	I870	I87.0 Postphlebitic syndrome	44510	3	1210	Block I80-I89	Y	Y	0.00433267356551	0.00108999220694	-0.00189033923391	0.000402441585257	-0.00210972855897	-0.00434552631247	0.00163603215206	-0.00211213737991	-0.00412241352703	0.00358920709299
44530	I871	I87.1 Compression of vein	44510	3	1210	Block I80-I89	Y	Y	0.00447582885597	0.00115242655532	-0.00188292204006	0.000410235155677	-0.00217568446852	-0.0045131747188	0.0017391646353	-0.0022099398161	-0.00414818341544	0.00362354520149
44540	I872	I87.2 Venous insufficiency (chronic) (peripheral)	44510	3	1210	Block I80-I89	Y	Y	0.00427124202464	0.00105907857221	-0.00191098525816	0.000407147961209	-0.00211550034718	-0.00430676875638	0.00159081785971	-0.00207198770352	-0.00412429373584	0.00361381508539
44550	I878	I87.8 Other specified disorders of veins	44510	3	1210	Block I80-I89	Y	Y	0.00434785139186	0.00104525860176	-0.00186248481684	0.000510317083398	-0.00213379313587	-0.0044427814595	0.00166208707531	-0.00216644417295	-0.00406140044855	0.0035259359647
44560	I879	I87.9 Disorder of vein, unspecified	44510	3	1210	Block I80-I89	Y	Y	0.00428546904567	0.00101676177698	-0.00179727593685	0.000524627143964	-0.00207861063214	-0.00442434534152	0.00165625692065	-0.00216902880589	-0.00396207393161	0.00342485021838
44570	I88	I88 Nonspecific lymphadenitis	1210	2	1210	Block I80-I89	Y	Y	0.00324286945038	-0.00129383712081	-0.00105955179372	0.00232676113224	-0.000922053904009	-0.00406043686299	0.00337601378023	7.69141177103e-05	-0.00444357609241	0.00319530568889
44580	I880	I88.0 Nonspecific mesenteric lymphadenitis	44570	3	1210	Block I80-I89	Y	Y	0.00343132306265	-0.00137232914866	-0.00107168712074	0.00243476171711	-0.000806485223862	-0.00411426796222	0.00356613618438	0.000221167797617	-0.00465145525674	0.00329027899846
44590	I881	I88.1 Chronic lymphadenitis, except mesenteric	44570	3	1210	Block I80-I89	Y	Y	0.00336380126635	-0.00137883368379	-0.0011018970232	0.00242255953282	-0.000940197348568	-0.00426117095228	0.00350575067876	0.000114024491858	-0.00463567994772	0.00330900044533
44600	I888	I88.8 Other nonspecific lymphadenitis	44570	3	1210	Block I80-I89	Y	Y	0.00335467399698	-0.00137275412042	-0.00106123606066	0.00242151830063	-0.00087953714442	-0.00412364339804	0.0034921421673	0.000165853713254	-0.00458959188208	0.00329271277365
44610	I889	I88.9 Nonspecific lymphadenitis, unspecified	44570	3	1210	Block I80-I89	Y	Y	0.00337786638949	-0.00132648746244	-0.00101543380337	0.00239485329119	-0.000879093034334	-0.00410898848383	0.00351926572765	0.000182942878497	-0.00457675881095	0.00325499214082
44620	I89	I89 Other non-infective disorders of lymphatic vessels and lymph nodes	1210	2	1210	Block I80-I89	Y	Y	0.00150543295687	-0.00206118644847	-0.0025407530061	0.00227202738235	-0.00365752485529	-0.00574214212692	0.000988124475941	0.000272136734204	-0.0032661535035	0.00179651508429
44630	I890	I89.0 Lymphoedema, not elsewhere classified	44620	3	1210	Block I80-I89	Y	Y	0.00160236910515	-0.00220129350426	-0.00260297666628	0.00238715047102	-0.00386687963455	-0.00604870093401	0.00107101435303	0.000273206044235	-0.00340974587388	0.00188671649634
44640	I891	I89.1 Lymphangitis	44620	3	1210	Block I80-I89	Y	Y	0.00155171535772	-0.00200146077474	-0.00265897464562	0.002222303387	-0.00359171582353	-0.0057991373908	0.0010282646252	0.000249167768064	-0.00340937207427	0.00196693203022
44650	I898	I89.8 Other specified non-infective disorders of lymphatic vessels and lymph nodes	44620	3	1210	Block I80-I89	Y	Y	0.00159976745123	-0.00221136485295	-0.00263285227438	0.00243363724338	-0.00389046029505	-0.00604431062846	0.00104215400608	0.000342558869885	-0.00341710781684	0.00181609435089
44660	I899	I89.9 Non-infective disorder of lymphatic vessels and lymph nodes, unspecified	44620	3	1210	Block I80-I89	Y	Y	0.00156958886716	-0.00214002631541	-0.00262943482483	0.00236811227115	-0.00381070528487	-0.00592197319885	0.00099055024594	0.000416248139685	-0.00336113027016	0.00176195428039
44670	I95	I95 Hypotension	1220	2	1220	Block I95-I99	Y	Y	0.0020072416954	0.00138254905172	-0.00653013769952	0.00240526595762	0.0016895379566	-0.00131459462073	0.00483314220887	0.00308880686055	-0.00216556659215	-0.00346942797707
44680	I950	I95.0 Idiopathic hypotension	44670	3	1220	Block I95-I99	Y	Y	0.00204891912435	0.00140666417975	-0.00662564602562	0.00242324298671	0.00169804381047	-0.00135498102482	0.00491094710428	0.00310185850462	-0.00221996538067	-0.00353323967437
44690	I951	I95.1 Orthostatic hypotension	44670	3	1220	Block I95-I99	Y	Y	0.00194959980955	0.00126784154628	-0.00642850838696	0.00229187484423	0.00140128950512	-0.00134793197515	0.00470619485573	0.00283237506891	-0.0022909806332	-0.00348511177676
44700	I952	I95.2 Hypotension due to drugs	44670	3	1220	Block I95-I99	Y	Y	0.00197697268556	0.00128114540344	-0.00651202154731	0.00229850183407	0.00150395460872	-0.00130945781809	0.00476913956429	0.00288503932529	-0.00231053972829	-0.00359700404368
44710	I958	I95.8 Other hypotension	44670	3	1220	Block I95-I99	Y	Y	0.00199212662564	0.00137148944958	-0.00645557497166	0.00238195879332	0.00152972469066	-0.00136944087297	0.00478999240415	0.003058636834	-0.00221114875688	-0.003400956687
44720	I959	I95.9 Hypotension, unspecified	44670	3	1220	Block I95-I99	Y	Y	0.00193134426457	0.00123049304603	-0.00644362853796	0.00228459098819	0.00133686010952	-0.00134810424713	0.0046827477892	0.00279628297537	-0.00231128796493	-0.00351840130677
44730	I97	I97 Postprocedural disorders of circulatory system, not elsewhere classified	1220	2	1220	Block I95-I99	Y	Y	0.00041312345072	0.00481161357948	-0.000114116311584	0.00166160435147	-0.00460747098578	-0.00503451778221	0.00121136791971	0.00326413155167	0.00291925361367	0.00213273527317
44740	I970	I97.0 Postcardiotomy syndrome	44730	3	1220	Block I95-I99	Y	Y	0.000393837160884	0.00498624027838	-0.000112950503591	0.00163329325535	-0.00466378960846	-0.00514196648304	0.0011944138737	0.00335960096891	0.00307882436621	0.00208354357167
44750	I971	I97.1 Other functional disturbances following cardiac surgery	44730	3	1220	Block I95-I99	Y	Y	0.000211096421811	0.00495129603935	-0.000112875774753	0.0015542441639	-0.00444180158077	-0.00495103276252	0.00113833691384	0.00335477912452	0.0031848412463	0.00186326244236
44760	I972	I97.2 Postmastectomy lymphoedema syndrome	44730	3	1220	Block I95-I99	Y	Y	0.000433730769817	0.00494613279924	-0.00011229605179	0.00167173345499	-0.00469378813524	-0.00518749872363	0.0012131669911	0.00337486676117	0.00303121871657	0.0021336695765
44770	I978	I97.8 Other postprocedural disorders of circulatory system, not elsewhere classified	44730	3	1220	Block I95-I99	Y	Y	0.000398855154686	0.00493839255559	-9.87435393072e-05	0.00165731809635	-0.00462206325965	-0.00512259079188	0.00120217443101	0.00335827660736	0.00304380952215	0.00208106585393
44780	I979	I97.9 Postprocedural disorder of circulatory system, unspecified	44730	3	1220	Block I95-I99	Y	Y	0.000254865989061	0.00493259723274	-0.000133577983076	0.00156908344347	-0.00451454249435	-0.00502824849926	0.00113632689744	0.00335342576799	0.00312627493882	0.00195761018673
44790	I98	I98 Other disorders of circulatory system in diseases classified elsewhere	1220	2	1220	Block I95-I99	Y	Y	0.00348050695048	-0.000190248794653	0.000687161169161	0.00375816717886	-0.00226041362951	0.00275829167966	0.00120205149391	-0.003416161079	0.00104722305098	0.00683275912027
44800	I980	I98.0 Cardiovascular syphilis	44790	3	1220	Block I95-I99	Y	Y	0.00349745488773	-9.16355066576e-05	0.000684818326016	0.0039304052464	-0.00234934430023	0.00292050743968	0.00122260028766	-0.00346463572458	0.0010230272616	0.00699694438147
44810	I981	I98.1 Cardiovascular disorders in other infectious and parasitic diseases classified elsewhere	44790	3	1220	Block I95-I99	Y	Y	0.00340629021072	-0.000271606126055	0.000689763455953	0.00376905665767	-0.00220387126476	0.00294530590766	0.0011744752584	-0.00341513541088	0.000954881087832	0.00682478679125
44820	I982	I98.2 Oesophageal varices in diseases classified elsewhere	44790	3	1220	Block I95-I99	Y	Y	0.00348009445583	8.10688860378e-06	0.00064106104727	0.00391913944942	-0.00238814023102	0.00280383337693	0.00129355204023	-0.00334258713001	0.000994256692665	0.00696457797136
44830	I983	I98.3 Oesophageal varices with bleeding in diseases classified elsewhere	44790	3	1220	Block I95-I99	Y	Y	0.00349077286063	-0.000191412226377	0.000679730754518	0.00383726910669	-0.00228071294021	0.00280424706185	0.00122924304729	-0.00343186407444	0.00102804855539	0.00692250317773
44840	I988	I98.8 Other specified disorders of circulatory system in diseases classified elsewhere	44790	3	1220	Block I95-I99	Y	Y	0.0033964901066	-0.00028426236767	0.000719203017429	0.00374541428451	-0.00220414319326	0.00286258590819	0.00117424249191	-0.00338009846057	0.00096850990522	0.00674627980518
44850	I99	I99 Other and unspecified disorders of circulatory system	1220	2	1220	Block I95-I99	Y	Y	0.00162024723531	0.00255793755563	-0.000436442815921	0.0024300089867	-0.0036024523659	-0.00304911332403	0.00205684068017	0.00155115416496	0.000714175896795	0.00221785374083
