{
  "ancestor_ranking": {
    "mean_average_precision": 0.5415209740732951,
    "mean_positive_rank": 10.119587628865979
  },
  "branch_separation": {
    "across_branch": {
      "count": 4000,
      "max": 0.0031581024283492166,
      "mean": 0.0031575060812036185,
      "median": 0.003157485027178964,
      "min": 0.0031573160391155713
    },
    "within_branch": {
      "count": 4000,
      "max": 0.003158023079135133,
      "mean": 0.0031574691986668057,
      "median": 0.003157456035674154,
      "min": 0.0031572928784230465
    }
  },
  "checkpoint_epoch": 4,
  "depth_radius": {
    "pearson": -0.37399050550506097,
    "spearman": -0.29883255601126474
  },
  "parent_ranking": {
    "depth_stratified_mean_rank": {
      "1": 1.0,
      "2": 2.7142857142857144,
      "3": 9.47938144329897,
      "4": 101.1
    },
    "mean_rank": 10.119587628865979,
    "median_rank": 2.0
  },
  "radius_structure": {
    "adjacent_depth_gaps": {
      "0_to_1": 7.983582135843683e-05,
      "1_to_2": 4.026120012853732e-06,
      "2_to_3": -6.165970721312805e-05,
      "3_to_4": 2.6378328833357378e-05
    },
    "internal_mean_radius": 0.00025667895809644066,
    "leaf_internal_radius_ratio": 0.8448447459373932,
    "leaf_mean_radius": 0.00021685386914046222,
    "mean_radius_by_depth": {
      "0": 0.00018410093867967986,
      "1": 0.0002639367600381167,
      "2": 0.0002679628800509704,
      "3": 0.00020630317283784237,
      "4": 0.00023268150167119974
    },
    "minimum_adjacent_gap": -6.165970721312805e-05,
    "monotonic_depth_means": false,
    "parent_child_radial_violation_rate": 0.7195876288659794
  },
  "radius_summary": {
    "internal": {
      "count": 11,
      "max": 0.0003799637777183186,
      "mean": 0.00025667895809644066,
      "median": 0.0002784636703003401,
      "min": 0.00012315897201589505
    },
    "leaf": {
      "count": 475,
      "max": 0.00042024537139381715,
      "mean": 0.00021685386914046222,
      "median": 0.00020764418228954917,
      "min": 0.00011937115831209453
    }
  },
  "ratios": {
    "sibling_to_non_sibling_mean": 0.9999937348428684,
    "within_branch_to_across_branch_mean": 0.9999883190923899
  },
  "reconstruction": {
    "map_rank": 0.07576931336796831,
    "mean_rank": 102.14020618556701
  },
  "sibling_cohesion": {
    "same_depth_non_siblings": {
      "count": 4000,
      "max": 0.0031582500770442985,
      "mean": 0.003157467503200837,
      "median": 0.003157454511924657,
      "min": 0.003157311740437423
    },
    "siblings": {
      "count": 1517,
      "max": 0.003158283709809273,
      "mean": 0.0031574477211707913,
      "median": 0.0031574165792789778,
      "min": 0.0031572974835903504
    }
  }
}