node_id	coding	meaning	parent_id	depth	top_branch_id	top_branch_code	selectable	is_target_code	dim_1	dim_2	dim_3	dim_4	dim_5	dim_6	dim_7	dim_8	dim_9	dim_10
12070	C00	C00 Malignant neoplasm of lip	440	2	440	Block C00-C14	Y	Y	0.000270109709527	0.00133552672339	0.000805322937295	-0.00335534438267	6.94047300443e-05	0.00184991414565	-0.00237923967535	1.83115191209e-05	-0.000636403507214	0.00143012573176
12080	C000	C00.0 External upper lip	12070	3	440	Block C00-C14	Y	Y	0.000242184167587	0.00226731247968	0.00153561037444	-0.0036467641868	0.000359227992406	0.0023275148081	-0.00240727937296	-0.000156522074693	0.00043213555295	0.000513443221748
12090	C001	C00.1 External lower lip	12070	3	440	Block C00-C14	Y	Y	9.06414760719e-05	0.00116037772176	0.000693166766729	-0.00291896799935	-1.94359547248e-05	0.00159799351918	-0.00215248783539	3.38311754502e-05	-0.000790881178144	0.00119941110945
12100	C002	C00.2 External lip, unspecified	12070	3	440	Block C00-C14	Y	Y	0.000182926030522	0.001275458605	0.000473846598397	-0.00318000291676	-0.000370524932914	0.00170137487806	-0.00222694237018	0.000275522656364	-0.000989433802959	0.00161208039383
12110	C003	C00.3 Upper lip, inner aspect	12070	3	440	Block C00-C14	Y	Y	0.000212358501007	0.00111572471308	0.000638550698459	-0.00315865544958	0.000150755806017	0.00170018598881	-0.00212726293	8.94999246266e-05	-0.00067410976819	0.00142828623247
12120	C004	C00.4 Lower lip, inner aspect	12070	3	440	Block C00-C14	Y	Y	0.000187806560376	0.00115533289459	0.000754004985302	-0.00326393683786	0.000305809359877	0.00200341397305	-0.00235520412311	0.000116296985617	-0.000853643623548	0.00146475999134
12130	C005	C00.5 Lip, unspecified, inner aspect	12070	3	440	Block C00-C14	Y	Y	0.00028925138082	0.00222888532737	0.0015529645575	-0.00380353615905	0.00044299138026	0.00234472558268	-0.00250433426671	-0.000194869151759	0.000451150535691	0.000641184663482
12140	C006	C00.6 Commissure of lip	12070	3	440	Block C00-C14	Y	Y	0.00033200936616	0.00140538167964	0.000724699525951	-0.00324448581909	-1.6465534896e-05	0.00200024939294	-0.00216877598094	2.01016800076e-06	-0.00050872989124	0.00138283427033
12150	C008	C00.8 Overlapping lesion of lip	12070	3	440	Block C00-C14	Y	Y	0.000451257789236	0.00112234555053	0.000812231111538	-0.00348211645212	0.00011625490583	0.00173102396256	-0.00245619095034	0.000172553338332	-0.000735381772554	0.00159079590975
12160	C009	C00.9 Lip, unspecified	12070	3	440	Block C00-C14	Y	Y	0.000308947801423	0.00118638783114	0.000683852244757	-0.00314426607165	9.92457209886e-05	0.00172722557737	-0.00224572181811	6.32705305793e-05	-0.000660492754731	0.00144751526592
12170	C01	C01 Malignant neoplasm of base of tongue	440	2	440	Block C00-C14	Y	Y	0.000918807203191	-8.40991298103e-05	0.000884821009862	-0.000230076588175	0.000784474332602	0.000541319667023	-0.000237155971651	-0.000405155884272	-0.000512005532614	-0.000379959217531
12180	C02	C02 Malignant neoplasm of other and unspecified parts of tongue	440	2	440	Block C00-C14	Y	Y	0.000699404420148	-0.000394271442606	-0.00263252147855	0.001251825746	0.000859710903631	0.00315195297376	0.000414447449243	0.00177435747783	-0.00120063901261	6.78608143861e-05
12190	C020	C02.0 Dorsal surface of tongue	12180	3	440	Block C00-C14	Y	Y	0.000626000199847	-0.000383158481882	-0.00259773957475	0.00116488055716	0.000662862199283	0.00319631627926	0.000449806750091	0.00178372320366	-0.00118434955611	-0.00010256924823
12200	C021	C02.1 Border of tongue	12180	3	440	Block C00-C14	Y	Y	0.000453273589672	-0.000304900901249	-0.00182545321068	0.000622162970602	-1.47180365968e-05	0.0023096246433	0.00108361574239	0.00145072254977	-0.00182451546646	-0.000183673057917
12210	C022	C02.2 Ventral surface of tongue	12180	3	440	Block C00-C14	Y	Y	0.000560448525049	-0.000352634631896	-0.00233552386201	0.00094834264207	0.000504995944027	0.00291581242979	0.000470738991059	0.00152283869177	-0.00122539999355	0.000110397575021
12220	C023	C02.3 Anterior two-thirds of tongue, part unspecified	12180	3	440	Block C00-C14	Y	Y	0.000667440315527	-0.000455193532864	-0.00277255695152	0.0012259177185	0.000896769017204	0.00323369993334	0.000487058144362	0.00186773130164	-0.00126521430837	5.99357074024e-05
12230	C024	C02.4 Lingual tonsil	12180	3	440	Block C00-C14	Y	Y	0.00064738020486	-0.000440130641909	-0.00255628914366	0.00100356987339	0.000821790526748	0.00314125156076	0.000535944945216	0.00200571058192	-0.00119049077335	-0.000237135383491
12240	C028	C02.8 Overlapping lesion of tongue	12180	3	440	Block C00-C14	Y	Y	0.000630524820323	-0.000214629773131	-0.00248166233897	0.00102479844076	0.000142018196996	0.00305791498266	0.000251678329786	0.00144285776488	-0.00115087017053	0.000309840556836
12250	C029	C02.9 Tongue, unspecified	12180	3	440	Block C00-C14	Y	Y	0.000800513647473	-0.00023548235654	-0.00270656267169	0.00153755270586	0.000632086737757	0.00333800543324	8.93502377753e-05	0.00106844000462	-0.000940261780856	0.000551570605427
12260	C03	C03 Malignant neoplasm of gum	440	2	440	Block C00-C14	Y	Y	-0.000325671716673	-0.00267097730989	0.00308063582401	0.000760236233565	0.000105240919231	-0.00102402380977	0.00116166671177	-0.000824576142279	0.000834508177206	0.000907986371857
12270	C030	C03.0 Upper gum	12260	3	440	Block C00-C14	Y	Y	-0.000644630203338	-0.00292215683304	0.00342575479116	0.000915674439203	0.000231913040427	-0.00124339434412	0.00132703392728	-0.000921183815284	0.000806335732241	0.000886478538969
12280	C031	C03.1 Lower gum	12260	3	440	Block C00-C14	Y	Y	-8.5691440948e-05	-0.00339516744703	0.00333592261139	0.00098866670778	-0.000196114832941	-0.00126366881201	0.00139012149723	-0.000828714042941	0.000837432541749	0.00123174898398
12290	C039	C03.9 Gum, unspecified	12260	3	440	Block C00-C14	Y	Y	-9.69207211687e-05	-0.00323663779783	0.00333743128284	0.000897249062769	7.30243065767e-05	-0.00107944437031	0.00118338156729	-0.000947913879804	0.000459286501364	0.000811985651235
12300	C04	C04 Malignant neoplasm of floor of mouth	440	2	440	Block C00-C14	Y	Y	0.000556171414933	-0.00143065060142	0.00151595403344	-0.00149376823266	0.000957113563639	0.000641992915083	0.000575919157559	0.000116672452588	-9.06296181113e-05	-0.00293858308186
12310	C040	C04.0 Anterior floor of mouth	12300	3	440	Block C00-C14	Y	Y	0.000667217297667	-0.00129058391469	0.00174746422492	-0.00172880827333	0.0014562633623	0.00064844980135	0.000591531038936	0.000206318894126	-0.000473845329361	-0.0027076391567
12320	C041	C04.1 Lateral floor of mouth	12300	3	440	Block C00-C14	Y	Y	0.000526191535374	-0.00126441924539	0.00157433699882	-0.00157107806549	0.000980289702079	0.000668490406309	0.000439838688158	2.85910504439e-05	-8.69119100553e-05	-0.00274177287843
12330	C048	C04.8 Overlapping lesion of floor of mouth	12300	3	440	Block C00-C14	Y	Y	0.000600327065059	-0.00165635923289	0.00169770498749	-0.0013226387103	0.00161657358516	0.000624027652557	0.00110631027988	0.00020892627795	-9.69561697637e-05	-0.00333022089121
12340	C049	C04.9 Floor of mouth, unspecified	12300	3	440	Block C00-C14	Y	Y	0.000631769503562	-0.00134214342295	0.00175207503969	-0.00160640701005	0.00152782740101	0.000585411207126	0.000806268047785	0.000252346655242	-0.000509474562845	-0.00285828101165
12350	C05	C05 Malignant neoplasm of palate	440	2	440	Block C00-C14	Y	Y	0.00011233002161	-0.00204195286733	0.000730425733384	0.00107718457105	0.00114547940265	0.00125451809508	0.00283151415653	-0.000899328083004	-0.000942666655173	-0.00187337406578
12360	C050	C05.0 Hard palate	12350	3	440	Block C00-C14	Y	Y	-2.15487721095e-05	-0.00243329389263	0.00104188640771	0.000639964565681	0.000911559364624	0.001122197895	0.00238087022565	-0.00106058345267	-0.000719969256331	-0.0017843424366
12370	C051	C05.1 Soft palate	12350	3	440	Block C00-C14	Y	Y	-0.000124951010301	-0.00257212840045	0.00118105554943	0.00096646903889	0.00088713990017	0.00100640810528	0.00255156502208	-0.000996797730768	-0.000880175672861	-0.00202783249331
12380	C052	C05.2 Uvula	12350	3	440	Block C00-C14	Y	Y	0.000452448141944	-0.00205984977165	0.000735200886413	0.000760464413374	0.00111170859073	0.00167319648285	0.00297010208875	-0.000921886140827	-0.00088161472925	-0.00181792598611
12390	C058	C05.8 Overlapping lesion of palate	12350	3	440	Block C00-C14	Y	Y	-0.000166268878313	-0.00259843949438	0.00106192577135	0.000896550103829	0.0010556636079	0.00115824285731	0.00273846744443	-0.00133820902951	-0.00104910273709	-0.00215371717168
12400	C059	C05.9 Palate, unspecified	12350	3	440	Block C00-C14	Y	Y	-8.59546537461e-05	-0.00249944520195	0.00102254227994	0.00130648996648	0.00164802815206	0.000853080442492	0.00272463840494	-0.00120801097094	-0.00127381527258	-0.00182412718159
12410	C06	C06 Malignant neoplasm of other and unspecified parts of mouth	440	2	440	Block C00-C14	Y	Y	0.000162813182895	-0.00103987245994	0.00102939969755	-0.00207422060231	-0.00113874282669	0.00202076545613	-0.00223762271936	0.00165285326872	-9.36623431834e-05	-0.00174049585861
12420	C060	C06.0 Cheek mucosa	12410	3	440	Block C00-C14	Y	Y	0.00014296826612	-0.00118420670989	0.00101813206078	-0.00210722335775	-0.00112268443093	0.00221481150465	-0.00225368172812	0.00181081340832	-5.87829659571e-07	-0.0017933193364
12430	C061	C06.1 Vestibule of mouth	12410	3	440	Block C00-C14	Y	Y	0.000166149365043	-0.00106795510893	0.00119904968682	-0.00229184157692	-0.00124058154079	0.00233141637421	-0.00227217909131	0.00186435807572	-2.31405606863e-05	-0.00187330041965
12440	C062	C06.2 Retromolar area	12410	3	440	Block C00-C14	Y	Y	0.000195353279609	-0.00108692488362	0.00106122183245	-0.00224123791214	-0.00106309742234	0.00233389359989	-0.0021438624609	0.00166673969175	3.03709534844e-05	-0.00170544067614
12450	C068	C06.8 Overlapping lesion of other and unspecified parts of mouth	12410	3	440	Block C00-C14	Y	Y	1.36296850796e-05	-0.00094661554089	0.00125654529502	-0.00243937886109	-0.00121135306612	0.00234458209816	-0.00242327358421	0.00189499283163	-5.64849843704e-05	-0.00198684441432
12460	C069	C06.9 Mouth, unspecified	12410	3	440	Block C00-C14	Y	Y	0.000149860699893	-0.00171629030157	0.000886950136821	-0.00190037608239	-0.00104802724303	0.00213349580967	-0.00240143166782	0.00185231754721	0.000110829579806	-0.00192349363207
12470	C07	C07 Malignant neoplasm of parotid gland	440	2	440	Block C00-C14	Y	Y	-0.000174017900692	0.000602190368242	0.00149302419314	-0.0010413120441	0.000603116179753	0.000779970751101	-0.000851020423103	0.000174180778904	-0.00135890295192	-0.000323082586318
12480	C08	C08 Malignant neoplasm of other and unspecified major salivary glands	440	2	440	Block C00-C14	Y	Y	0.000990532263261	0.00133867195383	0.00255525378486	-0.00136910336502	0.000542237925306	-0.00013775271271	-0.00149185838886	0.000397531161199	-0.00159634393321	-0.000614646091514
12490	C080	C08.0 Submandibular gland	12480	3	440	Block C00-C14	Y	Y	0.00101848730773	0.00119621116533	0.00306618160572	-0.00153462735945	0.000575113863327	-0.000115238982551	-0.00162407526724	0.000542808835605	-0.00165426332594	-0.000352487322491
12500	C081	C08.1 Sublingual gland	12480	3	440	Block C00-C14	Y	Y	0.000958523263876	0.00125439687259	0.00345417307745	-0.00177113662834	0.000599876297961	-0.00028478982871	-0.00168196757518	0.000763086406538	-0.00193527882469	-0.000446795276767
12510	C088	C08.8 Overlapping lesion of major salivary glands	12480	3	440	Block C00-C14	Y	Y	0.000356170455384	0.0011581462479	0.00308809628736	-0.00240634447518	0.00043115011988	-3.60629591489e-05	-0.000578189306537	0.000370657075271	-0.00151057636399	-0.000142081595785
12520	C089	C08.9 Major salivary gland, unspecified	12480	3	440	Block C00-C14	Y	Y	0.000989841590779	0.00144076880927	0.00283991221223	-0.00155716074065	0.000553870068872	-0.00013082894871	-0.0015347379111	0.000398168076246	-0.00173720386864	-0.000628654085284
12530	C09	C09 Malignant neoplasm of tonsil	440	2	440	Block C00-C14	Y	Y	0.00169920420648	0.000792086262894	0.000534080566496	-0.0007865728324	0.00283589246656	-0.000562317508666	0.000378830597768	-0.00158788932462	-0.00110127765452	0.00165209137627
12540	C090	C09.0 Tonsillar fossa	12530	3	440	Block C00-C14	Y	Y	0.00188845526017	0.000133793660657	0.000640853500739	-0.000578198379176	0.00262315884176	-0.00126171219789	0.000533803178784	-0.0016090710131	-0.000950767809115	0.00188858063208
12550	C091	C09.1 Tonsillar pillar (anterior) (posterior)	12530	3	440	Block C00-C14	Y	Y	0.00164819492799	0.00047968645298	0.000518008278386	-0.000605616009755	0.00295385984848	-0.001044698107	0.000436757943919	-0.00186700094813	-0.000770777803395	0.00162106996667
12560	C098	C09.8 Overlapping lesion of tonsil	12530	3	440	Block C00-C14	Y	Y	0.00208831564643	9.3512841964e-05	0.000783087406454	-0.000471849783985	0.00310628915013	-0.0014493708151	0.000365537362815	-0.00191133918405	-0.000678169300901	0.00162314649891
12570	C099	C09.9 Tonsil, unspecified	12530	3	440	Block C00-C14	Y	Y	0.0016495845517	0.000143051854132	0.000653162658299	-0.000621031547261	0.00316302868277	-0.00134649835616	0.000396375116498	-0.00196626443037	-0.000727540555547	0.00149517010715
12580	C10	C10 Malignant neoplasm of oropharynx	440	2	440	Block C00-C14	Y	Y	-0.00210893036175	-0.00058735966229	9.39950347947e-05	-0.000745389144331	0.00190611091682	0.000627405089885	-0.00146406128356	-2.80663738827e-05	0.00146956816074	0.00144163376376
12590	C100	C10.0 Vallecula	12580	3	440	Block C00-C14	Y	Y	-0.00213943746397	-0.0013281955161	0.00130299746691	-0.000213195286068	0.00147807875335	0.000514894826185	-0.00139894416119	-0.000393587370397	0.00142201939901	0.00173583701386
12600	C101	C10.1 Anterior surface of epiglottis	12580	3	440	Block C00-C14	Y	Y	-0.00258593304966	-0.00128184219035	-0.000714306196955	-0.00105018151558	0.00203138741888	0.00071193716004	-0.00162535512852	0.000764462970815	0.00240129060374	0.00166820452317
12610	C102	C10.2 Lateral wall of oropharynx	12580	3	440	Block C00-C14	Y	Y	-0.00227700164819	-0.000895491684701	-0.000155522761955	-0.00102118643362	0.00194885259822	0.000790723598871	-0.00166387914589	0.000487222051151	0.00173971531371	0.00128436747729
12620	C103	C10.3 Posterior wall of oropharynx	12580	3	440	Block C00-C14	Y	Y	-0.00253917852626	-0.000712749406685	-8.67045384925e-05	-0.00116708079934	0.00210103392207	0.000812370932662	-0.00178994602049	0.000398620064902	0.00185522800654	0.0014458768192
12630	C104	C10.4 Branchial cleft	12580	3	440	Block C00-C14	Y	Y	-0.00241846313364	-0.000803885345233	0.000153052654376	-0.00100349508969	0.00202003121613	0.000773269332504	-0.00173445629183	0.000243308061531	0.00180928887107	0.00153091503235
12640	C108	C10.8 Overlapping lesion of oropharynx	12580	3	440	Block C00-C14	Y	Y	-0.00205223364147	-0.00106752687007	-2.97560276999e-05	-0.00087970903976	0.00173305682446	0.000717333454962	-0.00138067803053	0.000362655717051	0.00164131399474	0.0012592197069
12650	C109	C10.9 Oropharynx, unspecified	12580	3	440	Block C00-C14	Y	Y	-0.00235688844386	-0.000586811916185	-0.000192491979965	-0.00130660190363	0.00222349591788	0.000815502408484	-0.00183404550203	0.00035242511373	0.00192304837741	0.0016787650954
12660	C11	C11 Malignant neoplasm of nasopharynx	440	2	440	Block C00-C14	Y	Y	0.000293396252936	0.00121350293603	0.000217714624156	-0.00112308375549	0.00154348609866	0.00133949821391	0.000623885611851	-0.00208245085984	6.12771227814e-05	0.000138116693949
12670	C110	C11.0 Superior wall of nasopharynx	12660	3	440	Block C00-C14	Y	Y	0.000918686820381	0.00107127388124	6.117721531e-05	-0.000881435229231	0.00220432953959	0.00227427601721	0.00069986327582	-0.00302186568396	-0.000134878922199	0.000168915123605
12680	C111	C11.1 Posterior wall of nasopharynx	12660	3	440	Block C00-C14	Y	Y	0.000699789774444	0.00101397294245	-3.38349253206e-05	-0.00113261797928	0.00195923285721	0.0014741935393	0.000660894706893	-0.00215739191677	4.45197039202e-05	0.000488679031481
12690	C112	C11.2 Lateral wall of nasopharynx	12660	3	440	Block C00-C14	Y	Y	0.000527526600028	0.00124517634878	5.04744232744e-05	-0.00138163913566	0.00129822282146	0.00138501745906	0.00092156133628	-0.00222780006241	0.000204282516786	0.000422259939499
12700	C113	C11.3 Anterior wall of nasopharynx	12660	3	440	Block C00-C14	Y	Y	0.000709683636754	0.000985617049689	9.36929807407e-05	-0.0011201354282	0.00212424219875	0.00170902968428	0.000674185634756	-0.00250830035733	0.000132145973541	0.000260285791741
12710	C118	C11.8 Overlapping lesion of nasopharynx	12660	3	440	Block C00-C14	Y	Y	0.000712816812418	0.00105661347591	9.70301075105e-06	-0.00118417328549	0.00220865867351	0.00190987445052	0.000658465649419	-0.00273586368293	9.57320405455e-05	0.000194764660834
12720	C119	C11.9 Nasopharynx, unspecified	12660	3	440	Block C00-C14	Y	Y	0.000831859410942	0.000829290551511	0.000109371158288	-0.000955165731959	0.0021978317785	0.00226114409583	0.000712076972701	-0.0032816616633	-0.000185424739506	9.17440488537e-05
12730	C12	C12 Malignant neoplasm of pyriform sinus	440	2	440	Block C00-C14	Y	Y	0.000736381549442	-0.000161233817136	0.00132341389903	-0.00115962511871	0.000831909076836	-0.000769806531704	-0.000372871580292	-0.000505461454376	-0.00130652346005	0.000242064886942
12740	C13	C13 Malignant neoplasm of hypopharynx	440	2	440	Block C00-C14	Y	Y	-0.00227632264549	0.00187784216803	-0.00153588480615	0.00155024517444	-0.000820808814885	-0.000587200418639	-0.00194040813508	0.00251168970605	8.52486915041e-05	-0.000592805620344
12750	C130	C13.0 Postcricoid region	12740	3	440	Block C00-C14	Y	Y	-0.00273877107676	0.00197538806255	-0.00168468845431	0.00204201165447	-0.00129004152768	0.000255044242792	-0.00201819634872	0.00246733071552	-0.000427852942373	-0.000851473241095
12760	C131	C13.1 Aryepiglottic fold, hypopharyngeal aspect	12740	3	440	Block C00-C14	Y	Y	-0.00221897921256	0.00172096975605	-0.00142059233045	0.00155313277179	-0.00101274237943	4.52326465107e-05	-0.00176232178909	0.00238450188994	-0.000429960672257	-0.000729690194737
12770	C132	C13.2 Posterior wall of hypopharynx	12740	3	440	Block C00-C14	Y	Y	-0.00211965963805	0.00180074690186	-0.00162548999061	0.00131938962438	-0.000769684119869	-0.000711322805857	-0.00199410553384	0.0026500430483	0.000108995651953	-0.000631927864593
12780	C138	C13.8 Overlapping lesion of hypopharynx	12740	3	440	Block C00-C14	Y	Y	-0.00243465864237	0.00201013910325	-0.00194431911661	0.0016378792066	-0.000951343519531	-0.000439793310537	-0.00200678330163	0.00263804475735	4.05826135594e-05	-0.000558470134107
12790	C139	C13.9 Hypopharynx, unspecified	12740	3	440	Block C00-C14	Y	Y	-0.00217430804629	0.00183182110291	-0.00139475519161	0.00158606835269	-0.000670742481399	-0.00033710445316	-0.00179526247712	0.00254903721014	-0.000209568845763	-0.000681923224155
12800	C14	C14 Malignant neoplasm of other and ill-defined sites in the lip, oral cavity and pharynx	440	2	440	Block C00-C14	Y	Y	0.00249390512404	-0.00199927939479	-0.0011380038617	-0.00158850602159	-0.00176426853168	0.000567003167944	-0.0005980682124	-0.000151691705687	-0.00152257134774	0.000835196783393
12810	C140	C14.0 Pharynx, unspecified	12800	3	440	Block C00-C14	Y	Y	0.00268555149738	-0.00210173034633	-0.001259681004	-0.00136117931503	-0.00152087271612	0.000543773038008	-0.000408541850892	-0.000241804094474	-0.00132868045445	0.000742844830222
12820	C142	C14.2 Waldeyer's ring	12800	3	440	Block C00-C14	Y	Y	0.00278659578872	-0.00223416132132	-0.00144372331996	-0.0016052350174	-0.00168926583479	0.000146604983549	-0.000117945218844	-0.000196072749955	-0.00119272077232	0.00102760728571
12830	C148	C14.8 Overlapping lesion of lip, oral cavity and pharynx	12800	3	440	Block C00-C14	Y	Y	0.00258661175752	-0.00206194437931	-0.00118646559325	-0.00180087676446	-0.00192334146409	0.000587771788625	-0.000672590998338	-0.000195766111089	-0.00156741685217	0.000856255990317
12840	C15	C15 Malignant neoplasm of oesophagus	450	2	450	Block C15-C26	Y	Y	-0.0019059026033	-0.00107576894952	0.00128755569057	-0.00194800598563	0.00165372773495	-0.000882576543493	0.00126541504853	0.00143988664377	-0.000397872502606	0.000306328075347
12850	C150	C15.0 Cervical part of oesophagus	12840	3	450	Block C15-C26	Y	Y	-0.00132944976865	-0.00115536834747	0.000956823562779	-0.00150236435415	0.000944840067885	-0.0011287757527	0.00152975103928	0.0011552715991	-0.000897196584585	-0.000365023924615
12860	C151	C15.1 Thoracic part of oesophagus	12840	3	450	Block C15-C26	Y	Y	-0.0015019116196	-0.00171382364956	0.00082185322425	-0.00108762361276	0.00136853800647	-0.00110010421028	0.00159175087054	0.00181011675706	-0.000847517508651	-0.000196820904814
12870	C152	C15.2 Abdominal part of oesophagus	12840	3	450	Block C15-C26	Y	Y	-0.00133628418254	-0.00128236314634	0.000817676434653	-0.00127504857931	0.000879690707652	-0.00095062329387	0.0015393537965	0.00149052925415	-0.000972045123791	-0.000347515315748
12880	C153	C15.3 Upper third of oesophagus	12840	3	450	Block C15-C26	Y	Y	-0.00170298307623	-0.00170661699902	0.00114685879663	-0.00119115619191	0.00134236002487	-0.0015470442759	0.00170472174114	0.0015405820926	-0.00138039174348	-0.00024189871972
12890	C154	C15.4 Middle third of oesophagus	12840	3	450	Block C15-C26	Y	Y	-0.00131571404159	-0.00135315008033	0.000883081823678	-0.00128485564083	0.0013591508276	-0.0010103326924	0.00144470614191	0.00153051766546	-0.0011128582988	-2.26765917302e-05
12900	C155	C15.5 Lower third of oesophagus	12840	3	450	Block C15-C26	Y	Y	-0.0013690595424	-0.00197234983642	0.000807205437829	-0.000855585147677	0.00146190571739	-0.00186750901715	0.0016346495994	0.00153762655565	-0.000729385124598	-0.000412732588506
12910	C158	C15.8 Overlapping lesion of oesophagus	12840	3	450	Block C15-C26	Y	Y	-0.00159477786687	-0.00177637928203	0.00105736831153	-0.0011348869965	0.000887975240858	-0.00165271993994	0.0018201371832	0.00149879912449	-0.000499522704331	-0.000649164105655
12920	C159	C15.9 Oesophagus, unspecified	12840	3	450	Block C15-C26	Y	Y	-0.0014609680065	-0.00128277688808	0.0011624648298	-0.00164601573961	0.000832309911562	-0.00122782715265	0.00167271107123	0.00137083684106	-0.000602131680321	-0.000465956221602
12930	C16	C16 Malignant neoplasm of stomach	450	2	450	Block C15-C26	Y	Y	0.00163162456476	-0.000290225898663	-0.0022941277755	0.000345220219198	0.00087165495968	0.00103182147012	0.000334515554758	-0.000608466314068	2.63071791496e-05	0.00118387512067
12940	C160	C16.0 Cardia	12930	3	450	Block C15-C26	Y	Y	0.00191423359735	-0.000147707705189	-0.00256985221084	0.000550696205938	0.000968869830013	0.00110108888687	0.000286454429001	-0.000933610704454	0.000201306455011	0.00125917938656
12950	C161	C16.1 Fundus of stomach	12930	3	450	Block C15-C26	Y	Y	0.0018033210557	-0.00017135760814	-0.00283201712738	0.000898001284865	0.000849487376954	0.00107814415358	0.000419372987052	-0.00058660742153	0.000347599447037	0.00131409220503
12960	C162	C16.2 Body of stomach	12930	3	450	Block C15-C26	Y	Y	0.00122230612597	-7.6762938994e-05	-0.00224094339999	0.000442537467645	0.000836835984797	0.000915852819641	0.000623484324386	-0.000816818171927	-9.30123836953e-05	0.00101109805623
12970	C163	C16.3 Pyloric antrum	12930	3	450	Block C15-C26	Y	Y	0.00115144246866	-0.000137340574306	-0.00198739448979	-0.000102365662587	0.00110825981381	0.000849157590798	0.00077902141869	-0.000661852871207	-7.9854821383e-05	0.000787079553552
12980	C164	C16.4 Pylorus	12930	3	450	Block C15-C26	Y	Y	0.00203988589049	-0.000115648564285	-0.00275011970165	0.000594804848945	0.000972768034226	0.00110553236877	0.000570336155378	-0.000693670743463	6.63938831173e-05	0.00127141617444
12990	C165	C16.5 Lesser curvature of stomach, unspecified	12930	3	450	Block C15-C26	Y	Y	0.0018199888689	-0.000122915474623	-0.00290897923362	0.000860697578937	0.000916714802108	0.00110477787706	0.000858489426831	-0.000963151541737	-3.82801699659e-05	0.00145681001068
13000	C166	C16.6 Greater curvature of stomach, unspecified	12930	3	450	Block C15-C26	Y	Y	0.00156659443809	-0.000532148557623	-0.00274651041878	0.00101092260317	0.000789658009012	0.000949143585638	0.000224246072964	-0.000342385739918	0.000672222867449	0.00157239798818
13010	C168	C16.8 Overlapping lesion of stomach	12930	3	450	Block C15-C26	Y	Y	0.00213407976184	0.000136688153841	-0.00287355389706	0.000284891587859	0.00135010643699	0.00117139025597	0.0010099669163	-0.00121221688655	-0.000286450904057	0.00111474308464
13020	C169	C16.9 Stomach, unspecified	12930	3	450	Block C15-C26	Y	Y	0.0013229940587	-0.000344653216586	-0.00234746831835	0.000980365495016	0.000656655734921	0.00101422061597	0.00093684362518	-0.000891431353799	-8.42005739223e-05	0.00137182805746
13030	C17	C17 Malignant neoplasm of small intestine	450	2	450	Block C15-C26	Y	Y	0.00215760547526	0.000954963154074	-0.000721296569261	-0.00079667519441	-0.000773809707844	0.000912485129041	-0.00201073078428	-0.00247279401289	-0.000479947581436	0.00127448432917
13040	C170	C17.0 Duodenum	13030	3	450	Block C15-C26	Y	Y	0.00265617742848	0.000809798552206	-0.000140374504516	-0.000440712605327	-0.00109679698465	0.00043691824934	-0.00269515028881	-0.0025021655814	-0.000189024937683	0.00163882442201
13050	C171	C17.1 Jejunum	13030	3	450	Block C15-C26	Y	Y	0.00255743928152	0.000916154454627	-0.00051398223023	-0.000795349978628	-0.00107568387592	0.000701478259044	-0.00237209720604	-0.00269620114516	-0.000253374465966	0.00148035406831
13060	C172	C17.2 Ileum	13030	3	450	Block C15-C26	Y	Y	0.0023315719792	0.00123246896059	-0.000997158421617	-0.00138475693448	-0.000831735777029	0.00126813690391	-0.00192646415051	-0.00300636317059	-0.000516304215013	0.00132116173598
13070	C173	C17.3 Meckel's diverticulum	13030	3	450	Block C15-C26	Y	Y	0.00223851762104	0.000533304513904	0.000428672131735	5.77055580032e-05	-0.00130713967195	-0.00012010364437	-0.00258733534162	-0.00177128204732	9.95302383566e-05	0.00120761279699
13080	C178	C17.8 Overlapping lesion of small intestine	13030	3	450	Block C15-C26	Y	Y	0.00237534670908	0.000939180614264	-0.000549515355944	-0.000405008364216	-0.000675178767843	0.00077521271783	-0.00243225785419	-0.0023563643621	-0.000776869772844	0.00114998341826
13090	C179	C17.9 Small intestine, unspecified	13030	3	450	Block C15-C26	Y	Y	0.00221838146955	0.00114833538708	-0.00108353408606	-0.00102681844459	-0.000584611319903	0.00129295409014	-0.00187768838284	-0.00280093837165	-0.000942175811996	0.0010553797287
13100	C18	C18 Malignant neoplasm of colon	450	2	450	Block C15-C26	Y	Y	-0.000212756528681	0.00096040814737	0.000509268745491	0.00171041855619	-0.000955985554673	0.00210645100984	-2.75274044921e-05	0.000440889865839	0.00169096643153	-0.0019886097587
13110	C180	C18.0 Caecum	13100	3	450	Block C15-C26	Y	Y	0.000438851964752	0.000881169070761	0.00089665243994	0.00191189822465	-0.00140016987198	0.00237779823555	0.000430857183733	0.000336213805154	0.0019049896506	-0.00233895207535
13120	C181	C18.1 Appendix	13100	3	450	Block C15-C26	Y	Y	0.000314256452682	0.000800990528661	0.000901942098063	0.00181871634776	-0.00137393777414	0.00199430717842	0.000249799269417	0.000457855080954	0.00178946130502	-0.0021078121958
13130	C182	C18.2 Ascending colon	13100	3	450	Block C15-C26	Y	Y	-0.000519583505485	0.00112082923632	0.000766492262383	0.0019590339185	-0.00115766959849	0.00240807984763	-0.000130796143888	0.000508981151898	0.00197706371988	-0.00224356389327
13140	C183	C18.3 Hepatic flexure	13100	3	450	Block C15-C26	Y	Y	-0.000808722140115	0.001102458612	0.00108805898429	0.00202033520526	-0.00135315958472	0.00281528348444	-0.00010393121184	0.000131764695009	0.00191780556759	-0.00221260396536
13150	C184	C18.4 Transverse colon	13100	3	450	Block C15-C26	Y	Y	0.000316356279232	5.32105025155e-05	0.000759182319463	0.00203163594078	-0.00175400380095	0.00217195382659	0.000585880026414	0.000425439260681	0.00206641409038	-0.00224488493966
13160	C185	C18.5 Splenic flexure	13100	3	450	Block C15-C26	Y	Y	0.000760164418695	0.00101864950556	0.000870973958776	0.00171304548249	-0.000973124040912	0.00166523219412	0.000488073805285	0.000446574895504	0.00167249877637	-0.00223110713754
13170	C186	C18.6 Descending colon	13100	3	450	Block C15-C26	Y	Y	-0.000565790290994	0.00101682487495	0.000895816157071	0.00178654578752	-0.00143165139353	0.00225494667152	0.00011778224359	0.0001731292003	0.00179237660536	-0.00215772634183
13180	C187	C18.7 Sigmoid colon	13100	3	450	Block C15-C26	Y	Y	0.000214405238392	0.000808926114586	0.000880789306614	0.00193838767884	-0.00135740381617	0.0019517437024	0.000120694186757	0.000453843574336	0.00188274762236	-0.00203451129468
13190	C188	C18.8 Overlapping lesion of colon	13100	3	450	Block C15-C26	Y	Y	5.55937298465e-05	0.000708502023454	0.00100801436316	0.00200608394753	-0.00151220019345	0.00226946103796	0.000360060516467	0.000218051542685	0.00187584974042	-0.00199426568242
13200	C189	C18.9 Colon, unspecified	13100	3	450	Block C15-C26	Y	Y	0.0016995967939	0.000449972137887	0.000631426463468	0.00144061237055	-0.00107432018051	0.00158890915904	0.000734210075012	0.000933305842988	0.00155140942427	-0.00278126591638
13210	C19	C19 Malignant neoplasm of rectosigmoid junction	450	2	450	Block C15-C26	Y	Y	0.000103310844741	0.000391044051216	-0.00157941183597	0.000103493665084	0.00192450421737	0.00138794579772	0.000227319696404	-0.00118544667412	-0.00132484142833	-6.97673454047e-05
13220	C20	C20 Malignant neoplasm of rectum	450	2	450	Block C15-C26	Y	Y	0.000143038307602	0.000257078552054	-0.000657430424134	-0.000397842229005	0.000734272260645	0.000473639090387	1.47466903354e-05	-0.000610060896258	-0.000461844988211	0.000144310259881
13230	C21	C21 Malignant neoplasm of anus and anal canal	450	2	450	Block C15-C26	Y	Y	-0.00104031115869	-0.00143762872659	-0.000777412267436	-0.000962882948338	-0.000595429796871	0.0013050953415	0.000718698514811	0.000863596543725	-0.0023032775664	0.00236514515303
13240	C210	C21.0 Anus, unspecified	13230	3	450	Block C15-C26	Y	Y	-0.000959929371204	-0.00180042148437	-0.000541461673347	-0.000878136975977	-0.000990508211626	0.00114953386589	0.000529610375031	0.000825528641046	-0.0024645331335	0.00279268495876
13250	C211	C21.1 Anal canal	13230	3	450	Block C15-C26	Y	Y	-0.000792167837085	-0.00158173372281	-0.000273517150425	-0.00069260900165	-0.0011532267648	0.000846103736297	5.14790430872e-05	0.000523388026766	-0.00234900646877	0.00235990537895
13260	C212	C21.2 Cloacogenic zone	13230	3	450	Block C15-C26	Y	Y	-0.00113703427791	-0.00147490531502	-0.000823717790421	-0.00107225060502	-0.000618686025007	0.0014620189245	0.000727377702168	0.00103049685248	-0.00247268635699	0.00249844391224
13270	C218	C21.8 Overlapping lesion of rectum, anus and anal canal	13230	3	450	Block C15-C26	Y	Y	-0.000991416955739	-0.00197012394086	-0.000714566198594	-0.000911761558225	-0.000952594301718	0.00115121431676	0.000712762662527	0.000886422646526	-0.00244148451405	0.00292738528937
13280	C22	C22 Malignant neoplasm of liver and intrahepatic bile ducts	450	2	450	Block C15-C26	Y	Y	-0.00181542364096	0.00195930700641	-0.00134642023156	0.000111599632818	0.00170589567165	0.000805024587843	-0.00027261723651	-0.000212739074256	-0.00120217475402	-0.000305928134232
13290	C220	C22.0 Liver cell carcinoma	13280	3	450	Block C15-C26	Y	Y	-0.00221362901912	0.00227565353876	-0.00178144530377	-9.26566946826e-07	0.0018835942826	0.00085042593491	-0.000530652593887	-0.000360793349829	-0.00148468452196	-0.000459134265227
13300	C221	C22.1 Intrahepatic bile duct carcinoma	13280	3	450	Block C15-C26	Y	Y	-0.00253677740018	0.0024842142074	-0.0014585302623	-0.000166900708933	0.0018407979173	0.00100747138744	-0.000971262626785	-0.000497538129088	-0.00155341960952	-0.000455768904361
13310	C222	C22.2 Hepatoblastoma	13280	3	450	Block C15-C26	Y	Y	-0.00241929134553	0.00295450698406	-0.00178165930822	-0.000476814226264	0.00235798391101	0.000811338508487	-0.000878873167247	-0.000897931400356	-0.00200851530812	8.82111272594e-05
13320	C223	C22.3 Angiosarcoma of liver	13280	3	450	Block C15-C26	Y	Y	-0.00243330774527	0.00262955463619	-0.00160385895656	0.000102539149097	0.00143122658647	0.00111105841868	-0.000771287069787	0.000328037371543	-0.00181734894557	-0.000833011595264
13330	C224	C22.4 Other sarcomas of liver	13280	3	450	Block C15-C26	Y	Y	-0.00245640448166	0.00284474713833	-0.00173448742818	-0.000409400570272	0.00225803050633	0.000807726676816	-0.000922664443266	-0.000784907346908	-0.00192770870319	-4.2566855545e-05
13340	C227	C22.7 Other specified carcinomas of liver	13280	3	450	Block C15-C26	Y	Y	-0.00237358873841	0.00246808318432	-0.00159902079447	0.000129538017779	0.00167529041177	0.000949321392829	-0.000487911034805	1.08326295447e-05	-0.00152685156713	-0.000648905016454
13350	C229	C22.9 Liver, unspecified	13280	3	450	Block C15-C26	Y	Y	-0.00250105199499	0.00265126530837	-0.00169976393176	-0.000149839711974	0.00184317842486	0.000944397602478	-0.000868456135137	-0.000419050492298	-0.00186977512946	-0.000311419926696
13360	C23	C23 Malignant neoplasm of gallbladder	450	2	450	Block C15-C26	Y	Y	0.00111046443491	0.000571162171008	-0.000983726756116	-0.00143371468502	0.00049253255236	0.000395096105381	-0.000275254786981	-0.000999673699237	-0.000643930451782	-0.000127360891876
13370	C24	C24 Malignant neoplasm of other and unspecified parts of biliary tract	450	2	450	Block C15-C26	Y	Y	-0.00176504716633	0.00168553549788	-0.000750881819452	-7.83584741558e-05	-0.00076608707278	0.00205527950423	0.00124514191731	-0.00188068684222	3.52820056328e-05	-0.00137065289463
13380	C240	C24.0 Extrahepatic bile duct	13370	3	450	Block C15-C26	Y	Y	-0.00204246240481	0.0018984023628	-0.00076361605592	-0.000245821604812	-0.000596632698224	0.00226101749074	0.00141020983778	-0.00212515235085	-0.000282196891491	-0.0014009981755
13390	C241	C24.1 Ampulla of Vater	13370	3	450	Block C15-C26	Y	Y	-0.00203578500806	0.00196938417344	-0.000685766018253	-0.000368483465452	-0.000471378479152	0.00217978131789	0.0013297200724	-0.0020761575849	-0.000250773282603	-0.00143931126558
13400	C248	C24.8 Overlapping lesion of biliary tract	13370	3	450	Block C15-C26	Y	Y	-0.00198481005463	0.00193792478803	-0.000878069320396	-0.000260094518649	-0.000375973828185	0.00218516432089	0.0013597308855	-0.00201864222991	-0.000313988933762	-0.00130444758091
13410	C249	C24.9 Biliary tract, unspecified	13370	3	450	Block C15-C26	Y	Y	-0.0019879550407	0.00185114494819	-0.000636561172	-0.000173350861148	-0.000567163162783	0.00215263494674	0.00148736085093	-0.00213918519262	-0.000216632820949	-0.00122862203785
13420	C25	C25 Malignant neoplasm of pancreas	450	2	450	Block C15-C26	Y	Y	0.00115794678879	0.000574820277568	-0.000177798030108	-0.00110468621306	0.0032020774167	0.000132997896017	0.00139016950668	-0.00206929219169	0.000530355633304	0.00157136330396
13430	C250	C25.0 Head of pancreas	13420	3	450	Block C15-C26	Y	Y	0.00103484621782	0.00123588286099	-0.000785448567667	-0.00148395689544	0.0030798936345	0.000305641491384	0.00102920267904	-0.00178413672186	0.00151173445178	0.00158773087325
13440	C251	C25.1 Body of pancreas	13420	3	450	Block C15-C26	Y	Y	0.000861982656553	0.00112380751798	-0.00142749977183	-0.00129246359603	0.00310153188698	0.000906891864235	0.00150567690586	-0.00219643465682	-0.000362504015213	0.00120361870502
13450	C252	C25.2 Tail of pancreas	13420	3	450	Block C15-C26	Y	Y	0.00122536070625	0.000970660812373	-0.000630818000849	-0.00134374203334	0.00330393767944	0.000212401298257	0.00129890082666	-0.00195520269066	0.000985848413297	0.00159240187018
13460	C253	C25.3 Pancreatic duct	13420	3	450	Block C15-C26	Y	Y	0.00111529381199	0.00139118752543	-0.000916297248255	-0.00159884271121	0.0030482932439	0.000293668643403	0.00100510537719	-0.00178135954949	0.0016820388188	0.00165942754756
13470	C254	C25.4 Endocrine pancreas	13420	3	450	Block C15-C26	Y	Y	0.00122226896108	0.000548746526055	-7.48490152337e-05	-0.00114971258724	0.00359418369365	1.88536218392e-05	0.00161652276822	-0.00216627152729	0.000669268291772	0.00178795562354
13480	C257	C25.7 Other parts of pancreas	13420	3	450	Block C15-C26	Y	Y	0.00104444842777	0.00142665821304	-0.00086750048286	-0.0016417559638	0.00308343437149	0.000206398268945	0.000914219987717	-0.00176106105504	0.00199737265337	0.00173481896182
13490	C258	C25.8 Overlapping lesion of pancreas	13420	3	450	Block C15-C26	Y	Y	0.00113415378289	0.000727966274124	-0.000305741170754	-0.00127715182384	0.00336670606653	-4.66725145493e-05	0.00113750716135	-0.00189004560311	0.00157376896864	0.00169358447807
13500	C259	C25.9 Pancreas, unspecified	13420	3	450	Block C15-C26	Y	Y	0.00101566972848	0.000523185490275	6.93672608512e-05	-0.0010857016826	0.00366501667438	-0.000110303730019	0.00159253725904	-0.00188169276651	0.000893167649999	0.00172823008301
13510	C26	C26 Malignant neoplasm of other and ill-defined digestive organs	450	2	450	Block C15-C26	Y	Y	0.000345374880166	0.000856638565622	-0.000503481008032	-0.00170914236266	0.000348777335914	-0.000738776171649	-0.0020357874976	0.0013702873351	-0.000610783735687	-0.00118391057585
13520	C260	C26.0 Intestinal tract, part unspecified	13510	3	450	Block C15-C26	Y	Y	0.000495370583493	0.00073330201668	-0.000920706749015	-0.00178017059561	0.000351607896999	-0.00093017586889	-0.00200064564269	0.00160083755365	-0.000722709570401	-0.00146626576821
13530	C261	C26.1 Spleen	13510	3	450	Block C15-C26	Y	Y	0.000512749427032	0.00127047999412	-0.000755346216779	-0.00177843140749	0.000426829523302	-0.000839051378918	-0.0022404857146	0.00151488079327	-0.000601103204975	-0.00137446883821
13540	C268	C26.8 Overlapping lesion of digestive system	13510	3	450	Block C15-C26	Y	Y	0.000678071043108	0.000356307616889	-0.000843462397964	-0.00216705289021	-7.4436941854e-06	-0.00132167768796	-0.00202803645062	0.00189278313729	-0.000899243516296	-0.00152195266661
13550	C269	C26.9 Ill-defined sites within the digestive system	13510	3	450	Block C15-C26	Y	Y	0.000598648162816	0.000392785009768	-0.00104608573577	-0.00165177149605	0.00018251100743	-0.00127053134714	-0.00164375277262	0.00197297250633	-0.00058337476271	-0.00144329356601
13560	C30	C30 Malignant neoplasm of nasal cavity and middle ear	460	2	460	Block C30-C39	Y	Y	0.00178822810437	0.000525255359442	-0.000987181049815	-0.000683665437609	-0.00283933087937	0.000493460948082	-0.000526319073444	0.000425527342472	0.000449863185966	-0.00143254159743
13570	C300	C30.0 Nasal cavity	13560	3	460	Block C30-C39	Y	Y	0.00220521885813	0.000749346902732	-0.00109750959292	-0.0004710364888	-0.00303713018263	0.000619350472376	-0.00076411273316	6.56658327804e-05	0.000244484261247	-0.00164984131502
13580	C301	C30.1 Middle ear	13560	3	460	Block C30-C39	Y	Y	0.00236244156064	0.000731130649065	-0.00112326124706	-0.000445170085069	-0.00276221627569	0.000702675863492	-0.000803985924667	-0.000191162580986	0.000232165014316	-0.00162005907382
13590	C31	C31 Malignant neoplasm of accessory sinuses	460	2	460	Block C30-C39	Y	Y	0.000724504358206	-0.000152413689645	0.000873365458281	0.000109829121479	0.00268179123212	0.00229504979345	0.000685976970082	-0.000541801405343	0.00109045120683	-0.000229789597568
13600	C310	C31.0 Maxillary sinus	13590	3	460	Block C30-C39	Y	Y	0.000833459982656	0.000125721897834	0.00101233267569	0.000249206588894	0.00306230160504	0.00244024600631	0.000846092388741	-0.000122147456327	0.000945497172156	-0.000309568039247
13610	C311	C31.1 Ethmoidal sinus	13590	3	460	Block C30-C39	Y	Y	0.000832979179302	1.68167473997e-05	0.000890640061873	0.000122462684157	0.00271948879078	0.00251805971254	0.000786189361964	-0.000466084475358	0.00104021583126	-0.000307738163367
13620	C312	C31.2 Frontal sinus	13590	3	460	Block C30-C39	Y	Y	0.00166210477562	0.000137959611293	0.00110321258056	0.000555801534602	0.00255001448885	0.00214788785186	0.00028694937429	-0.000930105867575	0.00131097602175	-7.66748231632e-05
13630	C313	C31.3 Sphenoidal sinus	13590	3	460	Block C30-C39	Y	Y	0.00138748283503	0.000255538261192	0.00132068702282	0.000288267804938	0.00296020266436	0.00198848369221	0.000577162762651	0.000120739169653	0.00110038275233	-0.000247505010911
13640	C318	C31.8 Overlapping lesion of accessory sinuses	13590	3	460	Block C30-C39	Y	Y	0.00122295260855	9.26769425508e-05	0.00100083084572	0.000336961503638	0.0028543119172	0.00248414368314	0.000467509445895	-0.00072053946127	0.00119111096334	-0.000100252153117
13650	C319	C31.9 Accessory sinus, unspecified	13590	3	460	Block C30-C39	Y	Y	0.000517505523613	-8.08884305065e-05	0.000574635327918	0.000154759742309	0.00301914434839	0.003003092	0.000897748134319	-0.000504553516537	0.00098270345276	-0.000370352280971
13660	C32	C32 Malignant neoplasm of larynx	460	2	460	Block C30-C39	Y	Y	-0.00140464486772	-3.84022319887e-05	0.0017108059983	0.00231404961189	0.000524193230559	3.33294730332e-05	-0.000819360454752	0.000771490052757	0.00150784789567	-0.000912378119295
13670	C320	C32.0 Glottis	13660	3	460	Block C30-C39	Y	Y	-0.00184122970768	-0.000346948841857	0.00207498739569	0.00208178196546	0.00120041764369	-0.000629299393606	-0.000343801097149	0.000762157306273	0.0019959855565	-0.0016361267279
13680	C321	C32.1 Supraglottis	13660	3	460	Block C30-C39	Y	Y	-0.00183316196695	-0.000226596379744	0.00182790367286	0.00227677607531	0.00127083009933	-0.000410018963126	-0.000492236249809	0.00100845552457	0.00189922068743	-0.00129681929097
13690	C322	C32.2 Subglottis	13660	3	460	Block C30-C39	Y	Y	-0.00205418162446	-9.31120372972e-05	0.00156978043186	0.00280405564188	0.000784232844876	3.34983133158e-05	-0.000913724152725	0.00129871891586	0.00181276702038	-0.000834254722933
13700	C323	C32.3 Laryngeal cartilage	13660	3	460	Block C30-C39	Y	Y	-0.0021160120661	-5.02552440428e-05	0.00212176676048	0.00287622800502	0.000933561212985	-0.000158482529331	-0.000662299274521	0.00132488907766	0.00209102275708	-0.00118813877041
13710	C328	C32.8 Overlapping lesion of larynx	13660	3	460	Block C30-C39	Y	Y	-0.00147692462076	0.000220899712032	0.00181822596976	0.00334089762451	0.00058495701551	0.000373868581156	-0.000755139404161	0.00117717737686	0.0018437447212	-0.00053164481219
13720	C329	C32.9 Larynx, unspecified	13660	3	460	Block C30-C39	Y	Y	-0.00189227328714	-3.70269322148e-05	0.00234865064294	0.00250658538659	0.000822540453456	-0.000510789844115	-0.000615140838427	0.000751216349794	0.00195191149056	-0.00135652551252
13730	C33	C33 Malignant neoplasm of trachea	460	2	460	Block C30-C39	Y	Y	0.00164257334892	0.000758877082662	-0.00067475220254	-0.000995814390061	0.000679436768593	0.00107230230665	-0.000993439560416	-0.00134216188699	-6.30289895082e-05	-0.000754892797692
13740	C34	C34 Malignant neoplasm of bronchus and lung	460	2	460	Block C30-C39	Y	Y	0.00248570842775	0.00163431479453	0.00222056721569	0.000546048105626	-0.00135331039394	0.000644101190526	-0.00119253774072	-0.0024707375017	-0.000257545470498	-0.00065948548845
13750	C340	C34.0 Main bronchus	13740	3	460	Block C30-C39	Y	Y	0.00232481029837	0.000846580224922	0.0023738963873	0.000522735271753	-0.0013147953766	-0.000246821958922	-0.000630161446951	-0.0019168664505	-0.00015854934577	-0.000677240055861
13760	C341	C34.1 Upper lobe, bronchus or lung	13740	3	460	Block C30-C39	Y	Y	0.0024371662582	0.00135191024677	0.0018633664025	0.000360670604448	-0.00105669740554	0.000597790324891	-0.000953553878832	-0.00229722519707	-0.000182527076035	-0.000698780022753
13770	C342	C34.2 Middle lobe, bronchus or lung	13740	3	460	Block C30-C39	Y	Y	0.00262247513334	0.00133971023737	0.00203905423023	0.000475844773144	-0.00117255514357	0.000633306966006	-0.00119841528999	-0.00251379553406	-0.000102480194851	-0.000462458672468
13780	C343	C34.3 Lower lobe, bronchus or lung	13740	3	460	Block C30-C39	Y	Y	0.00240307491289	0.00150230174592	0.00205412285253	0.000349814224589	-0.00116404172539	0.000515718645225	-0.000985501020888	-0.00221247080826	-0.000234668263041	-0.000773412503755
13790	C348	C34.8 Overlapping lesion of bronchus and lung	13740	3	460	Block C30-C39	Y	Y	0.00186798085894	0.0018806713048	0.00230058990434	0.00017474749765	-0.00117605283227	0.000723796231729	-0.000550491041455	-0.00212260876494	-0.00043796262553	-0.00115842837874
13800	C349	C34.9 Bronchus or lung, unspecified	13740	3	460	Block C30-C39	Y	Y	0.00250175740331	0.00177775471046	0.00213500531886	0.000300059533104	-0.00129173279362	0.00064364619906	-0.000896115675497	-0.00240867875033	-0.000414968841223	-0.00112792375014
13810	C37	C37 Malignant neoplasm of thymus	460	2	460	Block C30-C39	Y	Y	0.002246500489	0.000719568791342	-0.000999663483065	-0.000951162604499	0.000448990049276	0.00152296803112	-0.00114793200717	-0.00135951146484	0.000110952195623	-0.000547004328649
13820	C38	C38 Malignant neoplasm of heart, mediastinum and pleura	460	2	460	Block C30-C39	Y	Y	0.00232973976393	-0.00176890180219	-0.00160999150836	0.00035475747462	0.000756676470911	0.000617890524549	-0.00122471710185	-0.00216568241814	0.000365565096851	0.000818428929911
13830	C380	C38.0 Heart	13820	3	460	Block C30-C39	Y	Y	0.00212549687723	-0.00240758270868	-0.00178120284436	0.000880564367332	3.49280070133e-05	-5.50613186323e-06	-0.000851108144179	-0.0024963009481	7.58543201652e-05	0.000835388670699
13840	C381	C38.1 Anterior mediastinum	13820	3	460	Block C30-C39	Y	Y	0.0021083343433	-0.00214151166573	-0.00159063336404	0.000575074346065	0.000692227865997	0.000283372447709	-0.000930341693307	-0.00233523625013	0.000358496499961	0.00100154632605
13850	C382	C38.2 Posterior mediastinum	13820	3	460	Block C30-C39	Y	Y	0.00230823003299	-0.00186889749924	-0.00145662558105	0.000288403058643	0.000825778262594	0.00064836125987	-0.00113155478843	-0.00267339168408	5.65752123361e-05	0.000644867262919
13860	C383	C38.3 Mediastinum, part unspecified	13820	3	460	Block C30-C39	Y	Y	0.0023857480451	-0.00230684950003	-0.00188554626338	0.00056562274564	0.000726134944224	0.000323654008135	-0.00102570824351	-0.00250891770601	-1.55547951923e-05	0.000754821724955
13870	C384	C38.4 Pleura	13820	3	460	Block C30-C39	Y	Y	0.00216270080103	-0.00206604736553	-0.00167142922424	0.000601029554819	0.000342666456972	0.00024044918853	-0.00100048106264	-0.00233563721948	0.000324350950904	0.000914937845566
13880	C388	C38.8 Overlapping lesion of heart, mediastinum and pleura	13820	3	460	Block C30-C39	Y	Y	0.00297211130123	-0.00217204872113	-0.00212110456778	0.000485357725774	0.000916840835192	0.000768462308605	-0.00122369302956	-0.0029908237808	9.14313356243e-06	0.00051041106585
13890	C39	C39 Malignant neoplasm of other and ill-defined sites in the respiratory system and intrathoracic organs	460	2	460	Block C30-C39	Y	Y	0.00192205606276	0.000560737030423	-0.00162200549649	-0.00101080355473	0.00107963458716	0.00187530443616	-0.00233449608855	9.90445833617e-05	0.000971020597708	0.000490893425312
13900	C390	C39.0 Upper respiratory tract, part unspecified	13890	3	460	Block C30-C39	Y	Y	0.00183725100022	0.00103814342411	-0.00175420607632	-0.00143855594628	0.000869171824822	0.00142663325254	-0.00268772768685	-0.00010548124845	0.00113223898983	0.000529205784088
13910	C398	C39.8 Overlapping lesion of respiratory and intrathoracic organs	13890	3	460	Block C30-C39	Y	Y	0.00201294993695	0.000806129084623	-0.00173469774962	-0.00138713565422	0.00124367784952	0.00167794250453	-0.00215449560441	-0.000309568010058	0.00104005680799	0.000362806811272
13920	C399	C39.9 Ill-defined sites within the respiratory system	13890	3	460	Block C30-C39	Y	Y	0.0020630687505	0.000864511182477	-0.0015473340974	-0.00113480019071	0.000626469040889	0.00198630949841	-0.0025847559362	-9.85507135145e-05	0.000991176215474	0.000171791894037
13930	C40	C40 Malignant neoplasm of bone and articular cartilage of limbs	470	2	470	Block C40-C41	Y	Y	-0.000482303111276	0.00129566850567	-5.73590846166e-05	0.000932317266207	-0.00130710532982	-0.000571948117264	-0.00145870332202	-0.00057696989261	-0.00112458299235	-0.00257978024595
13940	C400	C40.0 Scapula and long bones of upper limb	13930	3	470	Block C40-C41	Y	Y	-0.000355016823005	0.00141954671741	-7.46499538858e-05	0.000801761375298	-0.00130568390659	-0.000999367607929	-0.0014613968981	-0.000584546106468	-0.00163859345482	-0.00274154978694
13950	C401	C40.1 Short bones of upper limb	13930	3	470	Block C40-C41	Y	Y	-0.000223936559718	0.00153379471545	-0.000144010301547	0.00104675213848	-0.0017937557013	-0.000926230027245	-0.00142379184237	-0.00109904397851	-0.00121902967642	-0.00318274632021
13960	C402	C40.2 Long bones of lower limb	13930	3	470	Block C40-C41	Y	Y	-3.2643903893e-05	0.0012913195813	-0.000424621487067	0.000926718015527	-0.00182662006199	-0.000630439802371	-0.00138786902002	-0.00117445992428	-0.000856842957037	-0.00303174949099
13970	C403	C40.3 Short bones of lower limb	13930	3	470	Block C40-C41	Y	Y	-0.000442844671531	0.00124832502796	-5.81150911425e-05	0.000897113380927	-0.00141619800897	-0.000716593267944	-0.00144297807217	-0.000730117348177	-0.001279712743	-0.00284157582739
13980	C408	C40.8 Overlapping lesion of bone and articular cartilage of limbs	13930	3	470	Block C40-C41	Y	Y	-0.000618167403078	0.00170323567443	2.491766989e-05	0.000523342250971	-0.00119441262999	-0.000758068946035	-0.00156969066703	-0.000519286099846	-0.00189441688395	-0.00283936692314
13990	C409	C40.9 Bone and articular cartilage of limb, unspecified	13930	3	470	Block C40-C41	Y	Y	-0.000547031909057	0.00141260550448	9.81781248587e-05	0.000855001664161	-0.00114186025938	-0.00111990877286	-0.00134335821032	-0.000275396276557	-0.0016945658666	-0.00245334790193
14000	C41	C41 Malignant neoplasm of bone and articular cartilage of other and unspecified sites	470	2	470	Block C40-C41	Y	Y	-0.00120760401665	0.00038558639554	0.00110530853668	-0.000348917693746	0.00050377362894	-0.000546696500545	-0.000874045245194	0.00243292573731	-0.00237005204043	6.46554288333e-05
14010	C410	C41.0 Bones of skull and face	14000	3	470	Block C40-C41	Y	Y	-0.001064688838	0.000703998276496	0.00134544200331	-0.000762246496708	0.000214610847295	-0.000900970626703	-0.000711130090345	0.00285858037438	-0.00284798538007	0.000644811881163
14020	C411	C41.1 Mandible	14000	3	470	Block C40-C41	Y	Y	-0.000877997039073	0.000909590756499	0.00131430205593	-0.000927989536882	6.00807035581e-05	-0.00113345969928	-0.000649694292584	0.00278162994076	-0.00277349397891	0.000601030818561
14030	C412	C41.2 Vertebral column	14000	3	470	Block C40-C41	Y	Y	-0.000614327494236	0.000600262919877	0.00133063479104	-0.00102532571694	0.000296573951415	-0.00113683976538	-0.000610757970704	0.00234416144277	-0.00237227878773	0.000716090225393
14040	C413	C41.3 Ribs, sternum and clavicle	14000	3	470	Block C40-C41	Y	Y	-0.00102781379463	0.000524510052384	0.00107323711646	-0.000584169003695	0.000287129412085	-0.000795663952026	-0.000821016193956	0.00271558146019	-0.00253875657735	0.000237862841647
14050	C414	C41.4 Pelvic bones, sacrum and coccyx	14000	3	470	Block C40-C41	Y	Y	-0.00133566735138	0.0004441214519	0.00132809835504	-0.000942166489436	0.000584170580394	-0.000524287753614	-0.000998822630713	0.00334131774084	-0.00283457163308	0.000569735093969
14060	C418	C41.8 Overlapping lesion of bone and articular cartilage	14000	3	470	Block C40-C41	Y	Y	-0.00136621209156	0.000476833999087	0.00122863311527	-0.000606333289884	0.000483654981958	-0.000622793638223	-0.000905133101951	0.00278356568525	-0.00270497566477	0.000353785606304
14070	C419	C41.9 Bone and articular cartilage, unspecified	14000	3	470	Block C40-C41	Y	Y	-0.00121641234776	0.000748361276623	0.00113402070379	-0.000652129626082	0.00022454294896	-0.000446377701251	-0.00091145938775	0.00276807133011	-0.00268731431814	0.000239147997956
14080	C42	C42 hematopoietic and reticuloendothelial systems (ICD-O-3 specific)	470	2	470	Block C40-C41	Y	Y	-0.00102403121522	-0.00115565386718	-0.000460712441774	0.00291923949546	0.0025078153888	0.000226996888345	-0.000137120800334	0.000361196942939	0.00112104027146	-0.0019731858033
14090	C420	C42.0 hematopoietic and reticuloendothelial systems: blood (ICD-O-3 specific)	14080	3	470	Block C40-C41	Y	Y	-0.00110605934849	-0.00136144363722	-0.000489731933036	0.00284643742212	0.00282954971705	0.000307717220148	-0.000198940113136	0.000170147984108	0.0011059085653	-0.00173409537307
14100	C421	C42.1 hematopoietic and reticuloendothelial systems: bone marrow (ICD-O-3 specific)	14080	3	470	Block C40-C41	Y	Y	-0.00112117214693	-0.0011200775462	-0.000479101743927	0.00305986574714	0.00276014570079	0.000397479029494	-0.000171487525191	0.000282198491536	0.00139089552503	-0.0019514085832
14110	C422	C42.2 hematopoietic and reticuloendothelial systems: spleen (ICD-O-3 specific)	14080	3	470	Block C40-C41	Y	Y	-0.00124761733629	-0.00171847530303	-0.000793567031493	0.00347903445024	0.00293432797633	0.00031915892945	-2.40603267362e-05	0.000152509215879	0.000941310228892	-0.00208406288474
14120	C423	C42.3 hematopoietic and reticuloendothelial systems: Reticuloendothelial system, NOS (ICD-O-3 specific)	14080	3	470	Block C40-C41	Y	Y	-0.00105480003126	-0.00142962201156	-0.000845336135643	0.00315720312501	0.00255575834862	0.000406959878668	-2.35119883184e-05	-5.71924629848e-05	0.00090020224281	-0.00196203185617
14130	C424	C42.4 hematopoietic and reticuloendothelial systems: Hematopoietic system, NOS  (ICD-O-3 specific)	14080	3	470	Block C40-C41	Y	Y	-0.000964704971886	-0.00140902066904	-0.000859949740149	0.00311946341872	0.00246354142151	0.000400387448541	2.99274884872e-05	-0.000163985592429	0.000884138028731	-0.00200112294169
14140	C43	C43 Malignant melanoma of skin	480	2	480	Block C43-C44	Y	Y	0.0032454780647	-0.00164552243774	0.00166625987032	-0.000983756880677	0.000649749120977	0.000816913184945	-0.000711623906605	0.000823869305287	-0.00139339026688	0.00113532737772
14150	C430	C43.0 Malignant melanoma of lip	14140	3	480	Block C43-C44	Y	Y	0.0021177719989	-0.00161818394785	0.00152130300341	-0.00105158592755	0.000239724950067	0.00033663863721	-0.000573963646531	0.00172069509147	-0.00166015286779	0.00139159622083
14160	C431	C43.1 Malignant melanoma of eyelid, including canthus	14140	3	480	Block C43-C44	Y	Y	0.00292665088397	-0.00173067158368	0.00162178861096	-0.00101317972582	0.000432505380491	0.000808605382953	-0.000274218165104	0.00138702242335	-0.0013206163253	0.00103268005421
14170	C432	C43.2 Malignant melanoma of ear and external auricular canal	14140	3	480	Block C43-C44	Y	Y	0.00293719946074	-0.00164648806259	0.00151992051938	-0.00108399643621	0.000345058387026	0.000855333942796	-0.000166386768836	0.00159888775749	-0.00119182772479	0.000941292484783
14180	C433	C43.3 Malignant melanoma of other and unspecified parts of face	14140	3	480	Block C43-C44	Y	Y	0.00292055840897	-0.00169032648532	0.00159922674607	-0.00104598411695	0.000391530619867	0.000832098835053	-0.000226573192719	0.00144901672191	-0.00128003735327	0.000980080547828
14190	C434	C43.4 Malignant melanoma of scalp and neck	14140	3	480	Block C43-C44	Y	Y	0.00315695383846	-0.00150777530161	0.00100873538842	-0.00132720371209	-0.000344515057107	0.000943384049955	0.000401581659664	0.00194392110507	-0.000651811338979	0.000837583760156
14200	C435	C43.5 Malignant melanoma of trunk	14140	3	480	Block C43-C44	Y	Y	0.00281648059565	-0.00163408412999	0.0014503936218	-0.00125261404099	0.000150747158994	0.000918239556139	-0.000259711407744	0.000784365911138	-0.00138007218429	0.00112285825698
14210	C436	C43.6 Malignant melanoma of upper limb, including shoulder	14140	3	480	Block C43-C44	Y	Y	0.00337552775428	-0.00161368990768	0.00182442597434	-0.000434372974751	0.000772099114782	0.000783137402577	-0.000590181068852	0.00102147388558	-0.00132391734329	0.00150914357409
14220	C437	C43.7 Malignant melanoma of lower limb, including hip	14140	3	480	Block C43-C44	Y	Y	0.00282293684994	-0.00176014148156	0.00164721850345	-0.00107133065014	0.000564614363832	0.000752051061889	-0.000490358853958	0.000891505626918	-0.00156065209305	0.00113320846722
14230	C438	C43.8 Overlapping malignant melanoma of skin	14140	3	480	Block C43-C44	Y	Y	0.00224441806057	-0.00169206670363	0.00151040060648	-0.00102246070636	0.000282510151989	0.0007627744497	-0.000565883145078	0.000438072578726	-0.00166195626219	0.0013672470379
14240	C439	C43.9 Malignant melanoma of skin, unspecified	14140	3	480	Block C43-C44	Y	Y	0.00311491577693	-0.00174636851966	0.00161589450725	-0.000930624473445	0.00055929817844	0.000754645297824	-0.000347324302852	0.00117236027049	-0.00137642208501	0.00100579603443
14250	C44	C44 Other malignant neoplasms of skin	480	2	480	Block C43-C44	Y	Y	-0.00297552897135	-0.00205473090319	-0.000783385344975	0.00146306449328	-0.000591610034264	0.000716127394488	0.000682104246026	-0.000944430803556	-0.000223121949065	0.00108318662394
14260	C440	C44.0 Skin of lip	14250	3	480	Block C43-C44	Y	Y	-0.00281147181368	-0.00220153430966	-0.000922658188119	0.00207924544158	-0.000995653870601	0.00121940287319	0.00146785114831	-0.000557443944769	-3.90255121104e-05	0.00149163215148
14270	C441	C44.1 Skin of eyelid, including canthus	14250	3	480	Block C43-C44	Y	Y	-0.00338064425026	-0.00221697718668	-0.000883945397625	0.00153427635188	-0.000643779148618	0.000781288398308	0.000674311183941	-0.00122655769849	-0.000326327111045	0.00109151444687
14280	C442	C44.2 Skin of ear and external auricular canal	14250	3	480	Block C43-C44	Y	Y	-0.00289048812615	-0.002562113089	-0.00102113669239	0.00248180693799	-0.000664577525232	0.000853177336252	0.00118701323217	-0.00054997872749	-6.21197494837e-05	0.00100146228054
14290	C443	C44.3 Skin of other and unspecified parts of face	14250	3	480	Block C43-C44	Y	Y	-0.00275234471817	-0.00286033328885	-0.000821289799662	0.00245499696136	-0.0010283388746	0.000784318602795	0.00150127045161	-0.00044561794989	8.62651308776e-05	0.0012412460219
14300	C444	C44.4 Skin of scalp and neck	14250	3	480	Block C43-C44	Y	Y	-0.00308171045475	-0.0027063733768	-0.000973015713864	0.00265064816612	-0.000981405453934	0.000717127307701	0.00155521031005	-0.000542994778998	0.000362584298553	0.00101441837956
14310	C445	C44.5 Skin of trunk	14250	3	480	Block C43-C44	Y	Y	-0.00297132460582	-0.00255428991917	-0.00100031140438	0.00237161616775	-0.000664731946365	0.000413040050424	0.00132999083985	-0.0006482860043	0.000403768154493	0.000800773368642
14320	C446	C44.6 Skin of upper limb, including shoulder	14250	3	480	Block C43-C44	Y	Y	-0.00308638156299	-0.00200503923641	-0.000870645821652	0.00149585293278	-0.000460932674838	0.000700985737385	0.000587894732567	-0.00109961480365	-0.000209258127182	0.00100690475931
14330	C447	C44.7 Skin of lower limb, including hip	14250	3	480	Block C43-C44	Y	Y	-0.00231166023929	-0.00187171721114	-0.000363080200491	0.00146998233325	-0.000856602145465	0.00113950685482	0.00130346901092	-0.00037338100441	0.000150153778918	0.00148587551302
14340	C448	C44.8 Overlapping lesion of skin	14250	3	480	Block C43-C44	Y	Y	-0.00251358121187	-0.00257341455149	-0.000655552097001	0.00253058317638	-0.000966296325261	0.000784201587499	0.00181008507851	6.09056979746e-05	0.00011942475256	0.0011829778812
14350	C449	C44.9 Malignant neoplasm of skin, unspecified	14250	3	480	Block C43-C44	Y	Y	-0.00276299062882	-0.00207140007437	-0.000644354842248	0.00187126136489	-0.000514071416709	0.000765449330055	0.000957397625446	-0.000464060668761	0.000153237788853	0.00120575716456
14360	C45	C45 Mesothelioma	490	2	490	Block C45-C49	Y	Y	-0.001401984821	-0.000295074795592	-0.00062606675235	0.00067771352187	-0.00240784286661	-0.00182760924584	-0.00159260095778	-5.53974359648e-05	-0.00118182441705	-0.00125726767907
14370	C450	C45.0 Mesothelioma of pleura	14360	3	490	Block C45-C49	Y	Y	-0.00162956709047	-0.000195156165596	-0.000440733308016	0.000652479631375	-0.00245876552151	-0.00165972429327	-0.00165696692089	-0.00016233498771	-0.00124082003886	-0.00124642085663
14380	C451	C45.1 Mesothelioma of peritoneum	14360	3	490	Block C45-C49	Y	Y	-0.00149735685575	-0.000199943748178	0.000113631660756	0.000424034004288	-0.00229668756652	-0.00120029551117	-0.00153329428869	0.000446208470947	-0.0014920935341	-0.00121511108343
14390	C452	C45.2 Mesothelioma of pericardium	14360	3	490	Block C45-C49	Y	Y	-0.00154646361114	-0.0004574256748	-0.000725191063841	0.000562178908732	-0.00236970803721	-0.00177358679402	-0.00162541825071	-0.000814176348377	-0.00113923315127	-0.00136404591315
14400	C457	C45.7 Mesothelioma of other sites	14360	3	490	Block C45-C49	Y	Y	-0.00148948057804	-0.000335358351541	-0.000619377361162	0.000741467276102	-0.00253389092248	-0.00178342800448	-0.00171666924254	-0.000506670197427	-0.00118770615607	-0.00141315137102
14410	C459	C45.9 Mesothelioma, unspecified	14360	3	490	Block C45-C49	Y	Y	-0.0017601438065	-0.000197160043083	-0.00042003651376	0.000459683656531	-0.00234377223358	-0.00175533090545	-0.00156980133559	-0.000307043143928	-0.00135701301688	-0.0011339282813
14420	C46	C46 Kaposi's sarcoma	490	2	490	Block C45-C49	Y	Y	-0.00228628029478	-0.00144944816209	-2.74339439835e-05	-0.00203206308778	0.000964842647491	-0.000851001516145	-0.000704577684207	-0.00207178687903	-0.00149063121067	0.00022465224245
14430	C460	C46.0 Kaposi's sarcoma of skin	14420	3	490	Block C45-C49	Y	Y	-0.0025137704332	-0.00199643028881	0.000185775459825	-0.00120227365579	0.00132325174076	-0.000958687494354	-0.00137850319264	-0.00172930341045	-0.00105859018169	0.000564250159333
14440	C461	C46.1 Kaposi's sarcoma of soft tissue	14420	3	490	Block C45-C49	Y	Y	-0.00253624861856	-0.00176046885019	-6.44762922877e-05	-0.00107757000907	0.00103904359242	-0.00113117476177	-0.000904098353759	-0.00195789431354	-0.00152434232391	0.000812692700044
14450	C462	C46.2 Kaposi's sarcoma of palate	14420	3	490	Block C45-C49	Y	Y	-0.00260766384816	-0.00187839645774	9.44393428575e-05	-0.000822401354662	0.00148224903769	-0.00123287223952	-0.0014256299981	-0.00192019057401	-0.00130873770066	0.000879565512773
14460	C463	C46.3 Kaposi's sarcoma of lymph nodes	14420	3	490	Block C45-C49	Y	Y	-0.00245924933659	-0.00177292887425	8.05472230202e-05	-0.0021586732895	0.0012299418322	-0.000825380074735	-0.00100406830386	-0.00218042475749	-0.00145718157699	0.000306219357759
14470	C467	C46.7 Kaposi's sarcoma of other sites	14420	3	490	Block C45-C49	Y	Y	-0.00244120870288	-0.00165253628581	-0.000158169105176	-0.00176135264963	0.000622548452691	-0.00102909601901	-0.000839330747316	-0.00236467201323	-0.00163950537616	0.000395947417464
14480	C468	C46.8 Kaposi's sarcoma of multiple organs	14420	3	490	Block C45-C49	Y	Y	-0.00223752282923	-0.00136090109247	0.000170313506154	-0.00111746767451	0.000795503429455	-0.00122593225792	-0.000809319911888	-0.00174204140091	-0.00159145618549	0.000463777855968
14490	C469	C46.9 Kaposi's sarcoma, unspecified	14420	3	490	Block C45-C49	Y	Y	-0.00254340066746	-0.00262964684442	-0.00016566457776	-0.00088542626192	0.00116247972506	-0.000346536536848	-0.000906625866089	-0.00177162291154	-0.000802629768542	0.00115669856207
14500	C47	C47 Malignant neoplasm of peripheral nerves and autonomic nervous system	490	2	490	Block C45-C49	Y	Y	0.000784284716727	-0.00157139199159	0.00128284833854	-0.00124343048363	-0.0023705585994	0.00239292186403	-0.00226813391704	-0.0017803387073	-6.0291871928e-05	-0.00173588291562
14510	C470	C47.0 Peripheral nerves of head, face and neck	14500	3	490	Block C45-C49	Y	Y	0.000602939624332	-0.00112015380675	0.0010048945696	-0.00114670264525	-0.00141568885592	0.00166682773749	-0.00107362971764	-0.00215992089138	0.000199478526275	-0.00133939082796
14520	C471	C47.1 Peripheral nerves of upper limb, including shoulder	14500	3	490	Block C45-C49	Y	Y	0.000434018180881	-0.000983086347425	0.000453055009231	-0.00100322187551	-0.00182205734373	0.00188851086932	-0.00178641716821	-0.00215132477972	0.000365617779177	-0.00138023586297
14530	C472	C47.2 Peripheral nerves of lower limb, including hip	14500	3	490	Block C45-C49	Y	Y	0.000850303176061	-0.000855476503863	0.00044077350376	-0.0013678044687	-0.0013259955708	0.00200875950719	-0.00152241677635	-0.00192309231228	0.000170318733959	-0.00170375622468
14540	C473	C47.3 Peripheral nerves of thorax	14500	3	490	Block C45-C49	Y	Y	0.000694980556042	-0.00107920762143	0.000863472292578	-0.00102033910082	-0.0015996854512	0.00180092205198	-0.00141495033618	-0.00197266803667	4.47870228411e-05	-0.00143347520055
14550	C474	C47.4 Peripheral nerves of abdomen	14500	3	490	Block C45-C49	Y	Y	0.000736231452391	-0.00118302864418	0.000791705649499	-0.00137181163896	-0.00180349379174	0.00217615533515	-0.0017300404888	-0.0019242482715	0.000264659727163	-0.00171233157133
14560	C475	C47.5 Peripheral nerves of pelvis	14500	3	490	Block C45-C49	Y	Y	0.00071321359372	-0.00135996656019	0.00128952286321	-0.00104772024032	-0.00184661926867	0.00195779670076	-0.00144224474262	-0.00196930109053	5.08833345602e-05	-0.00169150945463
14570	C476	C47.6 Peripheral nerves of trunk, unspecified	14500	3	490	Block C45-C49	Y	Y	0.000498037243098	-0.00123366063088	0.00114832945322	-0.00097182782839	-0.00175698615736	0.00179133367439	-0.00145100084768	-0.0020432209673	7.2976357425e-05	-0.00145793267249
14580	C478	C47.8 Overlapping lesion of peripheral nerves and autonomic nervous system	14500	3	490	Block C45-C49	Y	Y	0.000600357041159	-0.00132522370227	0.00207462960121	-0.000981553946633	-0.0017515323117	0.0019866508246	-0.00104559698504	-0.0017618752173	4.9839923629e-05	-0.00137963611309
14590	C479	C47.9 Peripheral nerves and autonomic nervous system, unspecified	14500	3	490	Block C45-C49	Y	Y	0.000323646553366	-0.00103721404111	0.000897561098875	-0.0012128742805	-0.00144582597641	0.00178702806477	-0.00107635019018	-0.00230120782334	0.000356498097982	-0.00144332877236
14600	C48	C48 Malignant neoplasm of retroperitoneum and peritoneum	490	2	490	Block C45-C49	Y	Y	-0.000241297903734	-0.000806186523919	0.00189569336609	0.0010061125352	-0.0024897493757	-0.000155886931018	0.00251418251792	0.00151927310008	-0.00164762723499	0.00156007689478
14610	C480	C48.0 Retroperitoneum	14600	3	490	Block C45-C49	Y	Y	0.000188796066847	-0.000900605212787	0.00239593872491	0.000812923064009	-0.00294640151983	6.94001624214e-05	0.00250340280629	0.00140350009588	-0.0020867462055	0.00163265516379
14620	C481	C48.1 Specified parts of peritoneum	14600	3	490	Block C45-C49	Y	Y	0.00027385783095	-0.000778608886096	0.00214110342688	0.00096137934179	-0.00301931636955	6.23664335004e-06	0.00213210962696	0.00120057100928	-0.00175759539423	0.00126391251432
14630	C482	C48.2 Peritoneum, unspecified	14600	3	490	Block C45-C49	Y	Y	0.000194074456842	-0.000763546806631	0.00224671758106	0.000556176738889	-0.00237721084869	0.000199859445915	0.00264109751013	0.00137845999288	-0.00227101740529	0.00159486910355
14640	C488	C48.8 Overlapping lesion of retroperitoneum and peritoneum	14600	3	490	Block C45-C49	Y	Y	0.000200338519265	-0.000889438165405	0.00236721490515	0.000820915975794	-0.00287434274663	0.000108648559323	0.0024683812502	0.00137816682958	-0.002014000607	0.00162485050807
14650	C49	C49 Malignant neoplasm of other connective and soft tissue	490	2	490	Block C45-C49	Y	Y	-0.0010476471856	-0.000366143965919	0.000345779216585	-0.00182350424671	-0.00114951443097	0.000182650682521	-0.00020376844107	-0.00293391901109	-0.000159436048653	-0.00141631746248
14660	C490	C49.0 Connective and soft tissue of head, face and neck	14650	3	490	Block C45-C49	Y	Y	-0.000857435012627	-0.000434367217546	-0.000137066937029	-0.00105915096997	-0.00143353272297	-2.26148299099e-05	-0.00038168890698	-0.00263152441153	0.000998195452919	-0.00087014566476
14670	C491	C49.1 Connective and soft tissue of upper limb, including shoulder	14650	3	490	Block C45-C49	Y	Y	-0.00158453648566	-0.000418412618628	0.0003452354004	-0.00169152453337	-0.00193516373889	-0.00014636313478	-0.000719923351823	-0.00341014891325	-3.36263708509e-05	-0.0011577464296
14680	C492	C49.2 Connective and soft tissue of lower limb, including hip	14650	3	490	Block C45-C49	Y	Y	-0.00122098973092	-0.000658607258582	-0.000275111493257	-0.00101225647792	-0.00113715328331	0.000178020102113	-0.000252154493943	-0.00302927848742	0.000189261405283	-0.0013246960737
14690	C493	C49.3 Connective and soft tissue of thorax	14650	3	490	Block C45-C49	Y	Y	-0.00130476906278	-2.70362170671e-05	0.000747019052269	-0.00246814151721	-0.00145612941578	-0.00014754809973	0.000457978110568	-0.00342711541843	7.39275861985e-05	-0.00121121022688
14700	C494	C49.4 Connective and soft tissue of abdomen	14650	3	490	Block C45-C49	Y	Y	-0.00090844108326	-0.0010243019953	-0.000356848915948	-0.000506863807389	-0.000821410222009	-1.56549044643e-05	-0.000318622814098	-0.00268277387916	0.00023176271845	-0.00135874387177
14710	C495	C49.5 Connective and soft tissue of pelvis	14650	3	490	Block C45-C49	Y	Y	-0.00129958025544	-0.000672988136825	-0.000156959026313	-0.00180717015719	-0.000781218452074	0.000606228739549	-0.000248355205795	-0.00337298516136	-0.000140773280041	-0.00136321849462
14720	C496	C49.6 Connective and soft tissue of trunk, unspecified	14650	3	490	Block C45-C49	Y	Y	-0.00152900043896	-0.000744128587034	-8.40635900739e-05	-0.00108601497619	-0.00111950533004	-1.18817407984e-06	-0.00066675948925	-0.00302069285945	-0.000279116949893	-0.00117025208149
14730	C498	C49.8 Overlapping lesion of connective and soft tissue	14650	3	490	Block C45-C49	Y	Y	-0.00115654676722	-0.00036060090974	0.000491024974321	-0.0021253680938	-0.00127818417498	0.000209609522136	-0.000119256731988	-0.00331670196067	-0.000218126582897	-0.00162630498915
14740	C499	C49.9 Connective and soft tissue, unspecified	14650	3	490	Block C45-C49	Y	Y	-0.00165883708368	-0.000329723769594	0.000462114657834	-0.00162101302371	-0.00192441749931	-0.000195093539687	-0.00042427503195	-0.00322648477573	-0.000157752406486	-0.00139163552728
14750	C50	C50 Malignant neoplasm of breast	500	2	500	Block C50-C50	Y	Y	0.00116832161733	0.00134864866382	0.000880228390537	-0.00034369519947	0.00105077016802	0.000849673764737	0.000359163982639	-0.00281083330285	0.00124006671888	-0.00124733411583
14760	C500	C50.0 Nipple and areola	14750	3	500	Block C50-C50	Y	Y	0.00130507100761	0.00157113835376	0.000594797163065	-0.000241147268649	0.00142638011346	0.00122635801742	0.000752462212221	-0.002706377005	0.00129167923604	-0.00106314005794
14770	C501	C50.1 Central portion of breast	14750	3	500	Block C50-C50	Y	Y	0.00122127965924	0.00189418473961	0.000894585568117	-0.000316451061862	0.00152450038786	0.00111179347489	0.000510523225036	-0.00270382326215	0.000833586311726	-0.00154506088425
14780	C502	C50.2 Upper-inner quadrant of breast	14750	3	500	Block C50-C50	Y	Y	4.60489719253e-05	0.00051159163779	0.00129644586013	0.000885409641813	0.00107416690942	0.000953395733177	-0.000731452581393	-0.00288629707557	0.00182082730689	-0.000972437554695
14790	C503	C50.3 Lower-inner quadrant of breast	14750	3	500	Block C50-C50	Y	Y	0.00120778380611	0.00168062052108	0.00128390267558	-3.88672622047e-06	0.00149435410561	0.000883518371237	0.000409971381459	-0.00303853663835	0.000805794195219	-0.00184127560246
14800	C504	C50.4 Upper-outer quadrant of breast	14750	3	500	Block C50-C50	Y	Y	0.00139969569426	0.00179923340919	0.000735924546927	-0.000159736567763	0.00146137545116	0.00141463341244	0.000735055688808	-0.00304891037247	0.00117619086131	-0.00150076927203
14810	C505	C50.5 Lower-outer quadrant of breast	14750	3	500	Block C50-C50	Y	Y	0.00115621686029	0.0017151515356	0.00125645893893	8.72666435607e-05	0.00145686016684	0.00128204033093	0.000200106604016	-0.00289071338127	0.00131382429583	-0.00134307925586
14820	C506	C50.6 Axillary tail of breast	14750	3	500	Block C50-C50	Y	Y	0.00133853375828	0.0016398098554	0.000339093825565	-0.000220655814541	0.00138911297534	0.00148025504877	0.000703162443911	-0.00265812560842	0.00140298364848	-0.000878596310833
14830	C508	C50.8 Overlapping lesion of breast	14750	3	500	Block C50-C50	Y	Y	0.00147825070797	0.0017613500133	-0.000216642086094	-0.000409074466048	0.00110616846665	0.00155444625494	0.00141168364351	-0.00231071432232	0.00128074194269	-0.000712701464547
14840	C509	C50.9 Breast, unspecified	14750	3	500	Block C50-C50	Y	Y	0.00123577818398	0.00133276945515	0.000911658471996	-0.000256849351582	0.00115082741197	0.00108297125686	0.000141863137654	-0.00325641785874	0.00136352515061	-0.00135244331445
14850	C51	C51 Malignant neoplasm of vulva	510	2	510	Block C51-C58	Y	Y	-0.000848899551891	0.000669558481969	0.000517536634211	0.00179376957677	0.00197002096142	-0.00149801409259	-0.000332128993532	0.0018640605032	-0.00110798706039	0.00139773190561
14860	C510	C51.0 Labium majus	14850	3	510	Block C51-C58	Y	Y	-0.000915131775196	-0.000178301046526	0.000807503250486	0.00171217604815	0.00126985588744	-0.00113650796023	-0.00115507701838	0.00200452051083	-0.000880658097138	0.00151967529326
14870	C511	C51.1 Labium minus	14850	3	510	Block C51-C58	Y	Y	-0.000964276342874	0.00030653622717	0.000930715331035	0.00194655615355	0.00161913802345	-0.00137222249844	-0.000857853302434	0.00217551132053	-0.00105582024191	0.00169425521698
14880	C512	C51.2 Clitoris	14850	3	510	Block C51-C58	Y	Y	-0.000909280368227	3.63965878233e-05	0.000805670627051	0.00168029249737	0.00119223508639	-0.000933431194781	-0.00120139375606	0.00205990054638	-0.000928079847472	0.00165075197855
14890	C518	C51.8 Overlapping lesion of vulva	14850	3	510	Block C51-C58	Y	Y	-0.000896153421812	-5.17269425898e-05	0.000577168762335	0.0019168558576	0.00174132203327	-0.00175301770103	-0.000701596604979	0.00188808432402	-0.000722283030531	0.0014158377848
14900	C519	C51.9 Vulva, unspecified	14850	3	510	Block C51-C58	Y	Y	-0.000893078342003	0.000368828814624	0.000956396666641	0.00180115142391	0.00169800494152	-0.00130284263531	-0.000717686228153	0.0020526704867	-0.00128720265698	0.00156596604847
14910	C52	C52 Malignant neoplasm of vagina	510	2	510	Block C51-C58	Y	Y	3.32178161105e-05	-0.00192869699237	0.00138883181854	0.00116490268735	0.00153900401274	-0.00160073506887	-0.000727659878464	0.000196957050433	-0.00103130125091	0.000802892163015
14920	C53	C53 Malignant neoplasm of cervix uteri	510	2	510	Block C51-C58	Y	Y	0.000997475650395	-0.00128052737585	0.00134098908865	0.00125153894548	0.000695113013227	0.000483950203477	-0.00148912466985	0.00214037806929	0.000497661320287	-0.00206002074146
14930	C530	C53.0 Endocervix	14920	3	510	Block C51-C58	Y	Y	0.000667256205615	-0.00178919238451	0.00110700969404	0.00117218989319	0.00095443346584	0.000435300530861	-0.00158265986073	0.00246533721056	6.83802544215e-05	-0.00278837072989
14940	C531	C53.1 Exocervix	14920	3	510	Block C51-C58	Y	Y	0.00112864076134	-0.0017486676543	0.00182647005283	0.00153721404783	0.00110253730252	0.000138355393103	-0.00187519302778	0.0021788496997	0.000348799803003	-0.00245313352939
14950	C538	C53.8 Overlapping lesion of cervix uteri	14920	3	510	Block C51-C58	Y	Y	0.000452969724162	-0.00141261454137	0.000958558956808	0.0010507411626	0.000894105487383	0.000112314544673	-0.00146252477572	0.00185633164487	5.66299692522e-05	-0.00243242418052
14960	C539	C53.9 Cervix uteri, unspecified	14920	3	510	Block C51-C58	Y	Y	0.00161867916373	-0.00093583913191	0.0021251945611	0.00165582879797	0.000762126249196	0.000282059074932	-0.00228270647876	0.00155273763012	0.00119209546789	-0.00275827693636
14970	C54	C54 Malignant neoplasm of corpus uteri	510	2	510	Block C51-C58	Y	Y	-0.00241118258018	0.00135582996984	9.86552294817e-05	0.00155425595077	0.00266164648921	-0.000225601723283	-0.000915493513685	-7.51777821203e-05	0.000725094540417	-0.000495887820936
14980	C540	C54.0 Isthmus uteri	14970	3	510	Block C51-C58	Y	Y	-0.00258858661422	0.000937806245684	0.000373595247789	0.00137040885011	0.00209895930042	0.000213456811033	-0.000926243313987	0.000422012018202	0.000183688774478	-0.000203759652533
14990	C541	C54.1 Endometrium	14970	3	510	Block C51-C58	Y	Y	-0.00221204664093	0.000892404301985	0.000191170806811	0.00135037434868	0.00233114999428	-0.000231406642424	-0.00105519939141	9.19247104364e-05	0.000424524735573	-0.000539059944607
15000	C542	C54.2 Myometrium	14970	3	510	Block C51-C58	Y	Y	-0.00230008407833	0.00182194476084	-0.000369592141273	0.00116012924898	0.00281754695515	0.000242734010658	-0.000598543357814	4.17808317487e-05	0.000520685143338	-0.000865603860454
15010	C543	C54.3 Fundus uteri	14970	3	510	Block C51-C58	Y	Y	-0.00166650738022	0.00158300227467	-0.000712858686245	0.000788698844508	0.00244855392643	8.29284238266e-05	-0.000536835629794	-9.98522098786e-05	0.000428189825641	-0.0012927945807
15020	C548	C54.8 Overlapping lesion of corpus uteri	14970	3	510	Block C51-C58	Y	Y	-0.00261057428392	0.00156511610969	7.56511575665e-05	0.00159963605315	0.0029072345245	-0.000125545106739	-0.000916888474567	-0.000116021580835	0.000768083854418	-0.000624505731128
15030	C549	C54.9 Corpus uteri, unspecified	14970	3	510	Block C51-C58	Y	Y	-0.0023194403046	0.00138139362366	-6.8790074273e-05	0.00138505563897	0.00269802770227	-8.84691447902e-05	-0.000908010433943	6.22654896038e-05	0.000508948285142	-0.000641181243136
15040	C55	C55 Malignant neoplasm of uterus, part unspecified	510	2	510	Block C51-C58	Y	Y	-8.07545440592e-06	-0.00202828002709	0.00173683663445	0.00125410871689	0.00163215958351	-0.00186669658695	-0.000542180991888	-0.00032468453115	-0.00143998236929	0.00110813583844
15050	C56	C56 Malignant neoplasm of ovary	510	2	510	Block C51-C58	Y	Y	-0.000126873405958	-0.00271718542955	0.000959371222617	0.000515726639277	0.00136941678963	-0.0023902720361	-0.000991465744335	0.000200551176327	-0.000415745132692	0.00148334698895
15060	C57	C57 Malignant neoplasm of other and unspecified female genital organs	510	2	510	Block C51-C58	Y	Y	-0.000598233520539	-0.000261383200906	-0.000952161341195	0.000643527274058	-0.000243988654203	-0.00277066191897	-0.000473956899435	0.00197593862584	-0.000320489026875	0.000678137033504
15070	C570	C57.0 Fallopian tube	15060	3	510	Block C51-C58	Y	Y	-0.000853219734248	0.00037070234069	-0.000857272601976	0.00113838553524	-0.000246522091842	-0.00326601965327	0.000257651577327	0.00202316026975	-0.000171511852027	0.000318323938543
15080	C571	C57.1 Broad ligament	15060	3	510	Block C51-C58	Y	Y	-0.00110123969922	0.000115732977732	-0.000757382102438	0.00138952968843	-0.000280446696506	-0.00372672194663	-5.56917954323e-05	0.00269179811874	-0.000146737338175	0.000133771677852
15090	C572	C57.2 Round ligament	15060	3	510	Block C51-C58	Y	Y	-0.000861049852057	-3.75633869782e-05	-0.00110967674198	0.00116745782083	-9.80720696089e-05	-0.00380283003745	0.000149411048549	0.00251784482592	-0.000319429649763	0.000498250982254
15100	C573	C57.3 Parametrium	15060	3	510	Block C51-C58	Y	Y	-0.000850874696914	-0.000241416039047	-0.000639167999207	0.00109042419252	-7.88057675258e-05	-0.00316986994825	-0.000105751605721	0.00206966899981	-0.000511519935797	0.000481759423219
15110	C574	C57.4 Uterine adnexa, unspecified	15060	3	510	Block C51-C58	Y	Y	-0.00102731741536	8.00823180367e-05	-0.000631219883452	0.00130580209761	-0.000234788781553	-0.00391538931842	-8.39927642686e-07	0.00281760751056	-0.000109650746931	8.40298512308e-05
15120	C577	C57.7 Other specified female genital organs	15060	3	510	Block C51-C58	Y	Y	-0.000324484791274	0.00039032414892	0.00048851717047	0.00157022548632	-0.000515991790287	-0.000493740321266	-0.00129126578191	0.000266800661022	-0.000843195684434	0.000611411390273
15130	C578	C57.8 Overlapping lesion of female genital organs	15060	3	510	Block C51-C58	Y	Y	-0.000691655257417	-0.000179613698612	-0.00173260552304	0.000591136023764	-0.000438522299604	-0.00264935221025	-0.00102543800639	0.00212219247429	-0.000486169206513	0.00128979869365
15140	C579	C57.9 Female genital organ, unspecified	15060	3	510	Block C51-C58	Y	Y	-0.000865182886992	-6.51904479572e-05	-0.000955711383697	0.00121628371619	-6.40261654782e-05	-0.00375113960656	0.000136550109497	0.00252582040822	-0.00026136287171	0.000376681944845
15150	C58	C58 Malignant neoplasm of placenta	510	2	510	Block C51-C58	Y	Y	-0.000778261403905	-0.00114505120828	0.000689236961932	0.000914862058082	0.00169802304848	-0.00119876903449	-0.000998089963066	0.000741501093391	-0.00023590824633	0.000500424627073
15160	C60	C60 Malignant neoplasm of penis	520	2	520	Block C60-C63	Y	Y	-0.0012845337193	0.00150728079056	-0.00250703359927	0.0015037297795	0.00089755179214	0.00203213649293	0.000596698994068	-0.00193623604535	-0.00110922884545	4.49321540523e-05
15170	C600	C60.0 Prepuce	15160	3	520	Block C60-C63	Y	Y	-0.00120195619789	0.00169407941437	-0.00243615544025	0.00132026993893	0.00129114344006	0.00235520155542	0.000609869037394	-0.00137529394475	-0.000962383558606	0.000344854797283
15180	C601	C60.1 Glans penis	15160	3	520	Block C60-C63	Y	Y	-0.00153467105185	0.00165295967105	-0.00292414067424	0.00176605814324	0.00107998434008	0.00221691209062	0.000512636314153	-0.00219028991302	-0.00111268979714	-2.75773310699e-05
15190	C602	C60.2 Body of penis	15160	3	520	Block C60-C63	Y	Y	-0.0015449258083	0.0013615073692	-0.00305050857441	0.00190330440473	0.000809563513928	0.0018907265952	0.000301179774607	-0.00272022482518	-0.00122657775058	-0.000166955815913
15200	C608	C60.8 Overlapping lesion of penis	15160	3	520	Block C60-C63	Y	Y	-0.00140550738726	0.00167191768847	-0.00268117833687	0.00154963356842	0.00115069330683	0.00215511915307	0.000459875728171	-0.00188990436228	-0.000955231235272	0.000118175854078
15210	C609	C60.9 Penis, unspecified	15160	3	520	Block C60-C63	Y	Y	-0.00124528230289	0.00170382926406	-0.00239759073071	0.00141720579091	0.00128317720443	0.0022623078103	0.000592949830513	-0.00148571752935	-0.000990297319054	0.000274619675654
15220	C61	C61 Malignant neoplasm of prostate	520	2	520	Block C60-C63	Y	Y	0.000397650867167	0.000265565185825	-0.000398292980819	0.00140810656567	-0.000703873643894	0.000445124817157	0.00108241267845	-0.000915027094686	-0.00166000069736	-0.0007324526314
15230	C62	C62 Malignant neoplasm of testis	520	2	520	Block C60-C63	Y	Y	-0.000132697649541	0.00100919953155	0.00287728999151	-3.09447219018e-05	-0.00208244058144	0.00237963802981	0.000166768127921	0.00145905584771	-0.00212844659077	0.000666337386852
15240	C620	C62.0 Undescended testis	15230	3	520	Block C60-C63	Y	Y	-0.000390103644323	0.000991138837344	0.00266296215505	0.00037292936864	-0.00201370451125	0.00240924446626	0.000648640922873	0.001035878381	-0.0022530739045	0.000556572385952
15250	C621	C62.1 Descended testis	15230	3	520	Block C60-C63	Y	Y	-0.000368115705456	0.000788467497364	0.00255468595538	-1.0357801513e-05	-0.00165391288899	0.00243537672787	0.00051141122448	0.00158857265207	-0.00193851997593	0.000601975100355
15260	C629	C62.9 Testis, unspecified	15230	3	520	Block C60-C63	Y	Y	-0.000252841537128	0.000980327892825	0.00266739969273	0.000230592883717	-0.00211815643698	0.00233930903122	0.000422341353672	0.00108243228093	-0.0021399429564	0.000549336558637
15270	C63	C63 Malignant neoplasm of other and unspecified male genital organs	520	2	520	Block C60-C63	Y	Y	-0.000472634038209	0.000505652314817	0.000946912960369	0.000270126456632	-3.98119042999e-05	-0.00178941569862	0.00128093418955	-0.00261404289372	0.000552312623334	-0.000388739140821
15280	C630	C63.0 Epididymis	15270	3	520	Block C60-C63	Y	Y	-0.000591394736345	0.000682731311066	0.00104457315612	0.000132392205879	-0.000212910865725	-0.00226807538979	0.00121165097358	-0.00314922960864	0.000765259527785	-0.000347262248974
15290	C631	C63.1 Spermatic cord	15270	3	520	Block C60-C63	Y	Y	-0.000840050315993	0.000206547919646	0.00140044833013	0.000271570418509	-8.86765958222e-05	-0.0021971671779	0.00131819803967	-0.00328767309821	0.000993020284982	-0.000348405376002
15300	C632	C63.2 Scrotum	15270	3	520	Block C60-C63	Y	Y	-0.000760639200934	0.000150012547026	0.00124810516426	0.000275705629915	-3.94855861501e-05	-0.00206321224404	0.00116243533397	-0.00306132740088	0.000795253027933	-0.000366319350175
15310	C637	C63.7 Other specified male genital organs	15270	3	520	Block C60-C63	Y	Y	-0.000600757395956	0.00108797628111	0.000508792428545	0.000461018256481	-0.000526303391044	-0.00213208755796	0.000661232148002	-0.00243513873369	-0.000203077343733	-0.000554357022104
15320	C638	C63.8 Overlapping lesion of male genital organs	15270	3	520	Block C60-C63	Y	Y	-0.000233116692694	0.000583945950674	0.00134241227254	0.000264240135621	6.88623801848e-05	-0.00181931392789	0.00215095339944	-0.003321338218	0.000823484770982	-0.000473228924869
15330	C639	C63.9 Male genital organ, unspecified	15270	3	520	Block C60-C63	Y	Y	-0.000827864841122	0.000233491564853	0.00136054489596	0.000226942586093	-0.000156803852055	-0.0022324276498	0.00121570561171	-0.00321233166646	0.000943045969885	-0.00035629680765
15340	C64	C64 Malignant neoplasm of kidney, except renal pelvis	530	2	530	Block C64-C68	Y	Y	0.000257282171217	-4.24904891713e-05	0.000119536882523	0.000401963176515	-0.000945431081431	-0.00236842737101	-0.000288806541639	0.000727181408825	-0.00168319386668	0.00183376249885
15350	C65	C65 Malignant neoplasm of renal pelvis	530	2	530	Block C64-C68	Y	Y	0.00045727506744	-0.000172312749818	-0.000104879764704	0.000251113847775	-0.000958199768576	-0.00224527892217	-0.000280506298206	0.000884059360107	-0.00151562271058	0.00187531201257
15360	C66	C66 Malignant neoplasm of ureter	530	2	530	Block C64-C68	Y	Y	-9.8730536875e-05	0.000409649895495	0.000317251478312	0.000563646930966	-0.000866812147321	-0.00240769548894	-0.00045744886522	0.00113946846014	-0.00217494600647	0.00176588458469
15370	C67	C67 Malignant neoplasm of bladder	530	2	530	Block C64-C68	Y	Y	0.00100260957687	-0.000269080895076	0.00039998667487	-0.001093095998	-0.000209853736634	-0.00160268506618	-0.000699697593045	0.00270416298466	-0.000244171984063	0.00024342702706
15380	C670	C67.0 Trigone of bladder	15370	3	530	Block C64-C68	Y	Y	0.000757395609765	0.000228688648583	0.000533948669556	-0.0012654487036	0.000323238178962	-0.00100831903208	-0.000112685924635	0.00227698334966	0.000866335599574	-0.000429742742928
15390	C671	C67.1 Dome of bladder	15370	3	530	Block C64-C68	Y	Y	0.00106565840843	-0.000347155500776	0.000693489591626	-0.000623068775003	-9.85504639546e-05	-0.00222509519401	-0.000805845496217	0.00280317857787	-0.000291707465618	0.000439736751927
15400	C672	C67.2 Lateral wall of bladder	15370	3	530	Block C64-C68	Y	Y	0.000606775789977	6.88775738634e-05	0.000913835073906	-0.00114951885621	-0.000110609569719	-0.00214189960675	-0.000599405944355	0.00270090716272	-0.000157925697576	0.000283727650162
15410	C673	C67.3 Anterior wall of bladder	15370	3	530	Block C64-C68	Y	Y	0.000675668419603	9.13989559406e-05	0.000985144242877	-0.00147241796263	-0.000590467374857	-0.00285455056168	-0.000599867357152	0.00281346991823	-0.000604465421282	0.000787260748921
15420	C674	C67.4 Posterior wall of bladder	15370	3	530	Block C64-C68	Y	Y	0.000726910538966	0.000188982747815	0.000937993534671	-0.00117956250164	3.98770323923e-05	-0.00167344582098	-0.000710688489852	0.00281128881405	8.21080189701e-05	0.00011207152187
15430	C675	C67.5 Bladder neck	15370	3	530	Block C64-C68	Y	Y	0.000806662132158	0.000102319515511	0.000521063705134	-0.00133327168167	9.94842721544e-06	-0.0016642304082	-0.000718409076407	0.00293034660364	0.000472468313278	4.08081177774e-05
15440	C676	C67.6 Ureteric orifice	15370	3	530	Block C64-C68	Y	Y	0.000626128993876	0.000520383338027	0.000568083557625	-0.00169359218367	0.000233870916958	-0.00113287366578	-0.000587243780909	0.0028025746273	0.00102982253596	-0.000253951339616
15450	C677	C67.7 Urachus	15370	3	530	Block C64-C68	Y	Y	0.00126860545105	-0.000545729942618	0.000343650434275	-0.000803483556838	-0.0004046189547	-0.00264949415725	-0.00106043250327	0.0032547565243	-0.000264210964951	0.000730437849506
15460	C678	C67.8 Overlapping lesion of bladder	15370	3	530	Block C64-C68	Y	Y	0.00122036709322	-0.000433583610659	0.000475050452692	-0.000716237174191	-0.000292855716936	-0.00242498972832	-0.0008250949992	0.00298067996705	-0.000215548409375	0.000435248677585
15470	C679	C67.9 Bladder, unspecified	15370	3	530	Block C64-C68	Y	Y	0.000744128849998	0.000304678775795	0.000535812323185	-0.00144785231686	0.000260711839812	-0.00112979894073	-0.000382712900851	0.00246359351268	0.000673413704172	-0.000379101402395
15480	C68	C68 Malignant neoplasm of other and unspecified urinary organs	530	2	530	Block C64-C68	Y	Y	0.0004797671535	1.06877294715e-05	-0.000762851798139	0.00100108540548	-0.00120067652203	-0.00178882603702	-0.000491111508061	-0.000848881077158	-0.00131942352502	0.00299720957462
15490	C680	C68.0 Urethra	15480	3	530	Block C64-C68	Y	Y	0.000553496578252	0.0002549066964	-0.000518854471194	0.00111794071413	-0.00130274612473	-0.00272959177174	0.000166918537477	-0.000189848343542	-0.00127343207087	0.00332336315051
15500	C681	C68.1 Paraurethral glands	15480	3	530	Block C64-C68	Y	Y	0.000454644239733	-0.000121215815517	-0.000993142263486	0.00140640598595	-0.000802715174544	-0.000926717546372	-0.00089508533735	-0.00167433635065	-0.000757751286699	0.00310133278144
15510	C688	C68.8 Overlapping lesion of urinary organs	15480	3	530	Block C64-C68	Y	Y	0.00061041141129	0.000105187320038	-0.00056658264608	0.000938983555058	-0.00133854333859	-0.00274914440465	4.25456786187e-05	-2.32770296384e-05	-0.001438058747	0.00324728914439
15520	C689	C68.9 Urinary organ, unspecified	15480	3	530	Block C64-C68	Y	Y	0.000626119445366	5.81919623758e-05	-0.000793775198075	0.00103784465279	-0.00141376752546	-0.00248756438294	-0.000163331558622	-0.000418410032866	-0.00158686087296	0.00337109666278
15530	C69	C69 Malignant neoplasm of eye and adnexa	540	2	540	Block C69-C72	Y	Y	-0.0011056413136	-0.000494131248411	8.5900397727e-05	-0.00140471128373	-0.00196043025678	-0.00197743341163	0.00117173768208	-0.00115800711673	-0.00180009777177	0.000406622775671
15540	C690	C69.0 Conjunctiva	15530	3	540	Block C69-C72	Y	Y	-9.62476351999e-05	-0.00129411684505	6.71114880773e-05	-0.00153677416779	-0.00181470137228	-0.00240256930086	0.00192206392344	-0.000146897200345	-0.00189443912001	-0.000208318768966
15550	C691	C69.1 Cornea	15530	3	540	Block C69-C72	Y	Y	-0.000966678639973	-0.000787204565972	0.000172918966763	-0.00174345124627	-0.00183728961051	-0.00207609824778	0.00146717604659	-0.000829730615905	-0.00162093779882	0.000229011466239
15560	C692	C69.2 Retina	15530	3	540	Block C69-C72	Y	Y	-0.00129873807769	-0.00109366567985	2.45607407473e-05	-0.00181353479428	-0.00217831188058	-0.00244423963334	0.00227780243475	-0.00135781092133	-0.0017326005845	0.000921585126893
15570	C693	C69.3 Choroid	15530	3	540	Block C69-C72	Y	Y	-0.00059968678378	-0.00136929479886	1.75780219743e-05	-0.00147869043657	-0.00208955421808	-0.00271117047413	0.00178822390187	-0.000764969510526	-0.00198203862389	5.73842694259e-05
15580	C694	C69.4 Ciliary body	15530	3	540	Block C69-C72	Y	Y	-0.000987029778245	-0.00133747218122	-0.000197398054	-0.00200935515436	-0.00239393941796	-0.00288142282239	0.00221986582806	-0.00114413201608	-0.00233871085081	0.000664171517367
15590	C695	C69.5 Lachrymal gland and duct	15530	3	540	Block C69-C72	Y	Y	-0.0006033865383	-0.00115568393111	3.18554749794e-05	-0.00154281938701	-0.00200977061489	-0.00241877488509	0.00195496144028	-0.00070200536887	-0.00185242329023	0.000255662732786
15600	C696	C69.6 Orbit	15530	3	540	Block C69-C72	Y	Y	-0.00126824946999	-0.000324297815828	0.000163180129617	-0.00126560504439	-0.00208119668359	-0.00207172382095	0.000923013787824	-0.000969140641058	-0.00203928839232	-8.10458411902e-05
15610	C698	C69.8 Overlapping lesion of eye and adnexa	15530	3	540	Block C69-C72	Y	Y	-0.000666426333268	-0.00123038987505	-0.000257518463178	-0.00147192358084	-0.00214915943077	-0.00270208073054	0.00229128318904	-0.000818261694608	-0.00204270290958	0.000508596642158
15620	C699	C69.9 Eye, unspecified	15530	3	540	Block C69-C72	Y	Y	-0.00126631407399	-0.000842112582046	-8.45404842415e-05	-0.00147807531722	-0.00210189561061	-0.00233640317079	0.00240623423202	-0.00151934296386	-0.00183188476996	0.00148997544392
15630	C70	C70 Malignant neoplasm of meninges	540	2	540	Block C69-C72	Y	Y	0.00151008160332	0.000159190218063	0.00122964168226	0.0029205839761	-0.000683317007408	0.00159973538076	0.000722414056338	-0.000641626610566	-0.00101575971949	-0.000605731151628
15640	C700	C70.0 Cerebral meninges	15630	3	540	Block C69-C72	Y	Y	0.00183436102012	0.000395727770933	0.00157165883223	0.00283108439949	-0.000610162987454	0.00142472497137	0.000902815949833	-0.000428536063088	-0.00103553985688	-0.000107364021499
15650	C701	C70.1 Spinal meninges	15630	3	540	Block C69-C72	Y	Y	0.00195230500631	0.000370481277106	0.00167319198531	0.00304983918033	-0.000604458826851	0.00168921808741	0.000791353460717	-0.000652153247342	-0.000990613164735	-0.000460913451595
15660	C709	C70.9 Meninges, unspecified	15630	3	540	Block C69-C72	Y	Y	0.00161487314196	0.000310874303443	0.00100981459662	0.00278767397915	-0.000673296733299	0.00123674048952	0.000851159313472	-0.000231601973441	-0.00108279361858	-0.000327622951371
15670	C71	C71 Malignant neoplasm of brain	540	2	540	Block C69-C72	Y	Y	0.000627730643346	0.000830969984883	-0.00208867890237	0.00163991305894	-0.000615527191899	-0.00144686892683	0.00191914353797	0.000780729845298	-0.00107902600137	0.000130514312234
15680	C710	C71.0 Cerebrum, except lobes and ventricles	15670	3	540	Block C69-C72	Y	Y	0.000585413419315	0.00065053878298	-0.00270573176567	0.00173437699437	-5.2567629401e-05	-0.00128761626089	0.00226672505358	0.000701119593213	-0.000756991799429	0.000371706705413
15690	C711	C71.1 Frontal lobe	15670	3	540	Block C69-C72	Y	Y	0.000620107046855	0.0008988368547	-0.0025860884172	0.00172906191846	-0.000432594471821	-0.00175650916729	0.00210565425243	0.000806090609423	-0.000989602117008	0.000446518417741
15700	C712	C71.2 Temporal lobe	15670	3	540	Block C69-C72	Y	Y	0.000173436786496	0.00140791195905	-0.00231605584921	0.00100557756188	-0.000977285304133	-0.00229948010632	0.00157209428825	0.0012161393975	-0.00155413168626	-0.000395372102682
15710	C713	C71.3 Parietal lobe	15670	3	540	Block C69-C72	Y	Y	0.000366911389725	0.000461704282734	-0.00282479621143	0.00241492472707	-0.000175112151757	-0.00128231034733	0.00229148354413	0.000612152209062	-0.000567293103224	0.000258931720962
15720	C714	C71.4 Occipital lobe	15670	3	540	Block C69-C72	Y	Y	0.000541804032183	0.000762081869748	-0.0026387010666	0.00206643034676	-0.000275602581915	-0.00152334330377	0.00225538489174	0.000683460944099	-0.00079115342101	0.000349324843704
15730	C715	C71.5 Cerebral ventricle	15670	3	540	Block C69-C72	Y	Y	0.000508670663461	0.000892532496792	-0.00287058465872	0.00166529687768	-0.000232519159501	-0.00150405908212	0.00219985693956	0.00115795466849	-0.00116806274598	0.000102481909558
15740	C716	C71.6 Cerebellum	15670	3	540	Block C69-C72	Y	Y	0.000433662814005	0.00103887027406	-0.00320889540315	0.00167294104148	-0.0001983684419	-0.00171849536432	0.00234743064927	0.0014158791441	-0.00141293793343	-6.45771582612e-05
15750	C717	C71.7 Brain stem	15670	3	540	Block C69-C72	Y	Y	0.000700417224685	0.000818542174256	-0.00256979106813	0.00222120277567	-0.000366101628234	-0.00157642217429	0.00227209753529	0.000720166047837	-0.000751511004101	0.00029452391136
15760	C718	C71.8 Overlapping lesion of brain	15670	3	540	Block C69-C72	Y	Y	0.000552351338907	0.000779245455837	-0.0026741314677	0.00154105678407	-0.000168351431717	-0.00133730642033	0.00224142105801	0.000838822320787	-0.000962207497588	0.00021459431545
15770	C719	C71.9 Brain, unspecified	15670	3	540	Block C69-C72	Y	Y	0.000580783206541	0.000478299033389	-0.00306670291466	0.00266077133033	0.000290349252899	-0.0010586733321	0.00242337107922	0.000691954963489	-0.000320243666	0.00039320169547
15780	C72	C72 Malignant neoplasm of spinal cord, cranial nerves and other parts of central nervous system	540	2	540	Block C69-C72	Y	Y	0.00119449722075	0.00167436715441	-0.00166828637162	0.00195181074779	-0.00106898861459	-0.00141521318267	-0.00100165717185	0.00203673927934	0.000212496636038	-0.000341273818867
15790	C720	C72.0 Spinal cord	15780	3	540	Block C69-C72	Y	Y	0.00144750841649	0.00162495567226	-0.00159975590404	0.00192144600072	-0.00113396959396	-0.0014969902616	-0.000892043605707	0.00208351299583	-5.20762273523e-05	-0.000744634644373
15800	C721	C72.1 Cauda equina	15780	3	540	Block C69-C72	Y	Y	0.00119558304459	0.00198577251992	-0.00126292963004	0.00208702085657	-0.0013983950629	-0.00158353501067	-0.000802086487253	0.00214477311342	0.000116481785856	-8.82130226481e-05
15810	C722	C72.2 Olfactory nerve	15780	3	540	Block C69-C72	Y	Y	0.00120663389587	0.00215460970818	-0.00116748854519	0.00238169475973	-0.00162183866571	-0.00166746784144	-0.000894648504253	0.00224763907409	2.53829818579e-05	-9.26588056525e-05
15820	C723	C72.3 Optic nerve	15780	3	540	Block C69-C72	Y	Y	0.00179470932065	0.00148094130955	-0.0016263383904	0.00112352843895	-0.000923557104125	-0.00151385614345	-0.00169434304992	0.00246153156958	-0.00015377860037	-0.0014481696885
15830	C724	C72.4 Acoustic nerve	15780	3	540	Block C69-C72	Y	Y	0.000972444892199	0.0019664135197	-0.00127487518316	0.00201629882885	-0.00136180429371	-0.00147322575588	-0.000576110410351	0.00193829011791	0.000346547846983	-1.96910125252e-05
15840	C725	C72.5 Other and unspecified cranial nerves	15780	3	540	Block C69-C72	Y	Y	0.000995843478577	0.00210008431357	-0.00156259045356	0.00262135797337	-0.00128938435261	-0.00171340377637	-0.000592119501368	0.0021205702948	0.000325722965149	-0.000291136115334
15850	C728	C72.8 Overlapping lesion of brain and other parts of central nervous system	15780	3	540	Block C69-C72	Y	Y	0.0012959706209	0.0019587128838	-0.00126010081313	0.00193645097012	-0.00133887980997	-0.00144287325253	-0.00102967740535	0.00223230642378	6.86349938237e-05	-0.000220074730209
15860	C729	C72.9 Central nervous system, unspecified	15780	3	540	Block C69-C72	Y	Y	0.001813354614	0.00146108703428	-0.0016129446	0.00119178181514	-0.000778070382896	-0.00125719314985	-0.00194213150024	0.00253759105506	-0.00024711243291	-0.000883421525605
15870	C73	C73 Malignant neoplasm of thyroid gland	550	2	550	Block C73-C75	Y	Y	0.00183525702162	0.00106175425906	-0.00110687646471	3.42195672204e-05	-5.44339809451e-05	-0.0014568077543	0.00173227390323	0.0010078862398	2.02410678528e-05	0.000753013360239
15880	C74	C74 Malignant neoplasm of adrenal gland	550	2	550	Block C73-C75	Y	Y	0.00273738730485	0.00211880927704	-0.000641850387561	0.000338400022356	0.000202454856045	-0.0015771389604	0.00237067488614	0.000952343748948	-0.000165244055627	0.00136467958066
15890	C740	C74.0 Cortex of adrenal gland	15880	3	550	Block C73-C75	Y	Y	0.00259655805464	0.00250214984299	-0.000367632978638	0.00045714647574	-0.00040425671285	-0.00100030397128	0.00252384808358	0.000694673084354	-0.000465352955688	0.00179608400525
15900	C741	C74.1 Medulla of adrenal gland	15880	3	550	Block C73-C75	Y	Y	0.00238134451373	0.00244128296846	-0.000470678982153	0.000518743838154	-0.000308406015846	-0.00123791942694	0.00227877037235	0.000572848587016	-0.000578162277532	0.00151409854855
15910	C749	C74.9 Adrenal gland, unspecified	15880	3	550	Block C73-C75	Y	Y	0.00267475224913	0.0027036458856	-0.000255391697155	0.000542204932412	-0.000531431688436	-0.000965108467834	0.00252269671017	0.000477551362583	-0.000624846481639	0.00192619791752
15920	C75	C75 Malignant neoplasm of other endocrine glands and related structures	550	2	550	Block C73-C75	Y	Y	0.00223130048824	0.000756967002982	-0.0013486488706	-8.38094905739e-05	0.000386488071535	-0.000838975417066	0.00218270922128	0.00216757237605	0.000912585787271	0.000746241359501
15930	C750	C75.0 Parathyroid gland	15920	3	550	Block C73-C75	Y	Y	0.00204325551353	-0.000262969094967	-0.00122010082673	4.87529208605e-05	0.000854690251126	0.00013000112584	0.00184982655072	0.00323791789393	0.00156104489318	0.000366701373904
15940	C751	C75.1 Pituitary gland	15920	3	550	Block C73-C75	Y	Y	0.0024703201038	0.000589892199811	-0.00142128138262	0.000448101548401	0.000906456282884	-0.00119854363814	0.00219591916544	0.00306868861907	0.00145394387388	0.0014294647946
15950	C752	C75.2 Craniopharyngeal duct	15920	3	550	Block C73-C75	Y	Y	0.00183698366646	-0.000166023764475	-0.00119376657836	0.00017211141341	0.000980247560488	-9.19498957077e-05	0.00183997823765	0.00330826343527	0.00148781873931	0.000439799355899
15960	C753	C75.3 Pineal gland	15920	3	550	Block C73-C75	Y	Y	0.00201689912301	-0.000126996916479	-0.00105321521428	0.000118858860464	0.000957201533196	-0.000552009779544	0.00170260468927	0.00311916113295	0.00141733998349	0.000629452105432
15970	C754	C75.4 Carotid body	15920	3	550	Block C73-C75	Y	Y	0.00180703311646	3.29961734556e-05	-0.001350761925	0.000127381935441	0.000701927752188	0.000511843539323	0.00211740255047	0.00273388018477	0.00134777507593	0.000180307027994
15980	C755	C75.5 Aortic body and other paraganglia	15920	3	550	Block C73-C75	Y	Y	0.002230707163	-2.0039513807e-05	-0.00129509611668	0.000264381401814	0.000921723014006	-0.000322469780949	0.00196824142255	0.00338154003533	0.00157994626637	0.00102414167876
15990	C758	C75.8 Pluriglandular involvement, unspecified	15920	3	550	Block C73-C75	Y	Y	0.00243827077546	0.000864493575391	-0.00149517186889	-0.000124173202552	0.000395210483363	-0.000932911079863	0.00235467816779	0.00233092879403	0.000956524499247	0.000840590129052
16000	C759	C75.9 Endocrine gland, unspecified	15920	3	550	Block C73-C75	Y	Y	0.00269606190184	0.000876400186961	-0.0013553596777	-0.000151375234281	0.000222605957336	-0.000635741684757	0.00243740799696	0.00189856071082	0.00141616072672	0.000544712385355
16010	C76	C76 Malignant neoplasm of other and ill-defined sites	560	2	560	Block C76-C80	Y	Y	0.000425463571906	-0.000981859382325	-0.000352703224014	-0.00143176775897	-0.00157638935316	0.0018893893752	0.00143325573722	0.00175206561899	-0.000526542775174	-0.000716450464784
16020	C760	C76.0 Head, face and neck	16010	3	560	Block C76-C80	Y	Y	0.000257856575339	0.000909493029169	-0.00117563233097	-0.00143458439694	-3.08226018365e-07	0.0023124585939	0.00143574399342	0.00131839619412	-0.00121663035106	9.17716120913e-05
16030	C761	C76.1 Thorax	16010	3	560	Block C76-C80	Y	Y	0.000397407251575	-0.000280010357062	-0.000481698313639	-0.00122600514286	-0.000634821807432	0.0016517676368	0.00193565913066	0.00162504737796	-0.000952971341049	-0.000774164175205
16040	C762	C76.2 Abdomen	16010	3	560	Block C76-C80	Y	Y	0.000355472914819	-0.000971550240275	-0.000545072160208	-0.00113136116085	-0.00118533773724	0.00230284457069	0.00178424451796	0.00210621458739	-0.000620956258033	-0.00035716500279
16050	C763	C76.3 Pelvis	16010	3	560	Block C76-C80	Y	Y	-4.90498250217e-05	-0.000730589402388	-0.000364297524474	-0.00126037085766	-0.000783985075763	0.00185516207878	0.00149906582327	0.00174596109056	-0.000376217162216	-0.000773369554306
16060	C764	C76.4 Upper limb	16010	3	560	Block C76-C80	Y	Y	6.78793197745e-05	-0.000424321718632	-0.0007109355529	-0.00147380947052	-0.00106125052198	0.00224440696301	0.00166297376743	0.00174531858314	-0.000622935013367	-0.000707824178609
16070	C765	C76.5 Lower limb	16010	3	560	Block C76-C80	Y	Y	0.000449188761197	-0.000441734453303	-0.000592591742058	-0.00126983627868	-0.00113879981699	0.00193182611755	0.00161316330707	0.00157664573993	-0.000859201107711	-0.000521261832258
16080	C767	C76.7 Other ill-defined sites	16010	3	560	Block C76-C80	Y	Y	5.87928595628e-05	-0.000614627366583	-0.000698634636741	-0.0013370768443	-0.00113997418764	0.00225853600278	0.00161589713561	0.00176367832697	-0.000455243237916	-0.000698331323285
16090	C768	C76.8 Overlapping lesion of other and ill-defined sites	16010	3	560	Block C76-C80	Y	Y	0.000101317968147	-0.000564601560817	-0.0006724831986	-0.00139563742621	-0.00105273853015	0.0022297505269	0.00164309791772	0.00192088107435	-0.000555822209773	-0.000651635944147
16100	C77	C77 Secondary and unspecified malignant neoplasm of lymph nodes	560	2	560	Block C76-C80	Y	Y	-0.000610545080879	0.00260726345907	0.000756647540939	0.00107432592939	0.00051852836856	-0.000707621504197	0.00363565316236	0.00024996402218	-0.00101183213528	-0.000582327840092
16110	C770	C77.0 Lymph nodes of head, face and neck	16100	3	560	Block C76-C80	Y	Y	-0.000639440605588	0.00272712634455	0.000338258646288	0.00150018366054	0.000498483971338	-0.000614940099791	0.00388946231463	0.000406584103772	-0.000930942733644	-0.000283933116177
16120	C771	C77.1 Intrathoracic lymph nodes	16100	3	560	Block C76-C80	Y	Y	-0.000500193820069	0.00281223772495	0.000746869110383	0.0012786022942	0.000494850627657	-0.000802697384465	0.0037971358507	0.000212339312265	-0.00110517135044	-0.000666479485128
16130	C772	C77.2 Intra-abdominal lymph nodes	16100	3	560	Block C76-C80	Y	Y	-0.000206989981963	0.00252349934424	0.000434753940292	0.00093564745099	0.00081636594763	-0.000299484114533	0.00374457629483	0.000137043969953	-0.000864253612466	0.00013849321372
16140	C773	C77.3 Axillary and upper limb lymph nodes	16100	3	560	Block C76-C80	Y	Y	-0.000918334283548	0.00314436823051	0.000381123336387	0.00171072860776	0.000288013518321	-0.00112520949674	0.00423755139073	0.000537857466735	-0.000913157807219	-0.00044854150964
16150	C774	C77.4 Inguinal and lower limb lymph nodes	16100	3	560	Block C76-C80	Y	Y	-0.000403013849096	0.00212848344191	0.00096706790034	0.00154470487475	0.000671129954215	-0.000772571364074	0.0037539301263	0.000499184238517	-0.000563291743429	-0.00146188297271
16160	C775	C77.5 Intrapelvic lymph nodes	16100	3	560	Block C76-C80	Y	Y	-0.000482652881257	0.00274081420258	9.70202682275e-06	0.00137296132801	0.000317165068465	-0.000477934236815	0.00347464755217	0.00048371825912	-0.000982549069844	0.000383455897792
16170	C778	C77.8 Lymph nodes of multiple regions	16100	3	560	Block C76-C80	Y	Y	-0.000666155030093	0.00295563926997	0.000830777047069	0.00131785664498	0.000441406356001	-0.000908375790825	0.00415709194044	0.000309769441335	-0.00107638069348	-0.000819087617225
16180	C779	C77.9 Lymph node, unspecified	16100	3	560	Block C76-C80	Y	Y	-0.000338686495224	0.00279406023119	0.000449302793793	0.00110740001677	0.000648169691849	-0.000587035015514	0.00373246102584	0.000230821402377	-0.00102683650376	0.000243705750194
16190	C78	C78 Secondary malignant neoplasm of respiratory and digestive organs	560	2	560	Block C76-C80	Y	Y	-0.000901360052081	0.000371610718349	0.000760635583368	0.00163919049606	0.000139236044399	-0.000636796452698	0.00151964022041	0.00099568119288	-0.00138085755672	-0.00275462525191
16200	C780	C78.0 Secondary malignant neoplasm of lung	16190	3	560	Block C76-C80	Y	Y	-0.00136373934828	0.000929824053367	0.00054588728102	0.00153280475157	0.00070782808517	-0.000651169417338	0.00173148307134	0.000501830474242	-0.00214232420866	-0.00287929731484
16210	C781	C78.1 Secondary malignant neoplasm of mediastinum	16190	3	560	Block C76-C80	Y	Y	-0.00206746920361	-0.000207690658538	0.000378623548499	0.00174699274298	-6.8247820698e-05	-0.000862540947904	0.00169159670703	0.000269295717908	-0.00150286660964	-0.0033161817625
16220	C782	C78.2 Secondary malignant neoplasm of pleura	16190	3	560	Block C76-C80	Y	Y	-0.00105145799694	4.73265359517e-05	0.000916924290021	0.00226394203874	-0.00034143885489	-0.00121457051967	0.00113685605222	0.00175150310636	-0.00186053366526	-0.00379952818096
16230	C783	C78.3 Secondary malignant neoplasm of other and unspecified respiratory organs	16190	3	560	Block C76-C80	Y	Y	-0.000890165175387	0.00123636589647	0.000889083853899	0.00192906921218	0.00089704967694	-0.000519790750577	0.00192091627271	0.000837511980592	-0.00221515547613	-0.00277322583196
16240	C784	C78.4 Secondary malignant neoplasm of small intestine	16190	3	560	Block C76-C80	Y	Y	-0.00138486353012	0.000499431705169	0.000668701432331	0.00164980145749	0.000364802295049	-0.000738015585599	0.00164950973945	0.00100013302782	-0.0019927269643	-0.00309583322273
16250	C785	C78.5 Secondary malignant neoplasm of large intestine and rectum	16190	3	560	Block C76-C80	Y	Y	-0.00118296981032	0.000871780865554	0.000692042622812	0.00152793067919	0.000624433794704	-0.000645861025058	0.00163525522566	0.000932148101947	-0.00204157652503	-0.00300911809511
16260	C786	C78.6 Secondary malignant neoplasm of retroperitoneum and peritoneum	16190	3	560	Block C76-C80	Y	Y	-0.00123592610246	-1.22050253768e-05	0.000904898762016	0.00205175814862	0.000139122515673	-0.000896321632905	0.0017161921717	0.00120982328068	-0.00154109045866	-0.00275204065475
16270	C787	C78.7 Secondary malignant neoplasm of liver	16190	3	560	Block C76-C80	Y	Y	-0.00144855696234	0.000124427128809	0.000657822732608	0.00142000106647	0.00022075748946	-0.000812605135338	0.00189865325915	0.000601778829116	-0.0016415081384	-0.00295376761395
16280	C788	C78.8 Secondary malignant neoplasm of other and unspecified digestive organs	16190	3	560	Block C76-C80	Y	Y	-0.00082251747951	0.000543943730524	0.000860703858002	0.0018322252537	0.000212750579251	-0.000655047770391	0.00164437004657	0.00102553266655	-0.00153278152467	-0.00280788055093
16290	C79	C79 Secondary malignant neoplasm of other sites	560	2	560	Block C76-C80	Y	Y	0.00176375318937	-0.000152096476112	-0.000935669350547	0.00104695092564	-0.00219769465398	0.00164569470688	-0.000724657862474	0.000711340347894	0.00149350422346	-0.00177572078492
16300	C790	C79.0 Secondary malignant neoplasm of kidney and renal pelvis	16290	3	560	Block C76-C80	Y	Y	0.0018396450554	-0.000101601100563	-0.000724060179061	0.00151225155488	-0.00229387014878	0.00200059749813	-0.000526254771955	0.000588652631174	0.00113349598792	-0.00167675696169
16310	C791	C79.1 Secondary malignant neoplasm of bladder and other and unspecified urinary organs	16290	3	560	Block C76-C80	Y	Y	0.00174057736918	0.000132763875583	-0.000420876793919	0.00195329059017	-0.00215743061841	0.00199998662073	-0.000279097014409	0.000308199745606	0.000796795515769	-0.00169405928734
16320	C792	C79.2 Secondary malignant neoplasm of skin	16290	3	560	Block C76-C80	Y	Y	0.00218894656521	1.54644590208e-05	-0.000588052291862	0.00167070382974	-0.00193900791217	0.0021030216434	-0.000432299673409	0.000198554788427	0.00127675701048	-0.00151587614948
16330	C793	C79.3 Secondary malignant neoplasm of brain and cerebral meninges	16290	3	560	Block C76-C80	Y	Y	0.00174321199058	-9.02876514839e-05	-0.000846030383096	0.00160330905498	-0.00222878594399	0.00149518862938	-0.000539151192766	0.000819502291535	0.0013502364586	-0.00189974821124
16340	C794	C79.4 Secondary malignant neoplasm of other and unspecified parts of nervous system	16290	3	560	Block C76-C80	Y	Y	0.00201225347276	-0.000155615177987	-0.00163457437587	0.00151889451363	-0.00228055452698	0.000600685156346	-0.00031656005945	0.000786754633343	0.00126322829117	-0.0020265266271
16350	C795	C79.5 Secondary malignant neoplasm of bone and bone marrow	16290	3	560	Block C76-C80	Y	Y	0.00173257301452	0.00012866195234	-0.000655239286074	0.00144817538473	-0.00232134461493	0.00238319672862	-0.000490057956962	0.000617115785249	0.00111684271538	-0.00159300753199
16360	C796	C79.6 Secondary malignant neoplasm of ovary	16290	3	560	Block C76-C80	Y	Y	0.00195486041177	-0.000375224918935	-0.00126718807572	0.00102774563822	-0.0025252854764	0.00169572545993	-0.00125464149038	0.000842705294335	0.00196177216748	-0.00178975164001
16370	C797	C79.7 Secondary malignant neoplasm of adrenal gland	16290	3	560	Block C76-C80	Y	Y	0.00184082701875	-1.88476877493e-05	-0.000232755799015	0.00180880041662	-0.00266180870819	0.00271101223802	-0.000450824540534	0.00027760157938	0.00125926930374	-0.00192670757473
16380	C798	C79.8 Secondary malignant neoplasm of other specified sites	16290	3	560	Block C76-C80	Y	Y	0.00163948795427	5.32879320678e-05	-0.000343374576114	0.00167240525659	-0.00231940145301	0.00236837024284	-0.000427665897798	0.000521671272924	0.00107721424261	-0.00172158544045
16390	C799	C79.9 Secondary malignant neoplasm, unspecified site	16290	3	560	Block C76-C80	Y	Y	0.00165430109312	0.000129628283025	-0.000624912207898	0.00175720027132	-0.00234145591578	0.00252548855399	-0.000493016992393	0.000481685796365	0.00107336274474	-0.0018941631966
16400	C80	C80 Malignant neoplasm without specification of site	560	2	560	Block C76-C80	Y	Y	0.000580791343058	0.000873063117021	0.00153531850945	-3.67336253312e-06	0.00030810663204	-0.000615120427625	0.0015009978467	-0.000104308483464	-0.00143470276802	-0.0037893674141
16410	C800	C80.0 Malignant neoplasm, primary site unknown, so stated	16400	3	560	Block C76-C80	Y	Y	0.000488434233233	0.000773607866101	0.00157961699281	2.00079686854e-06	0.000364464203594	-0.000662918138874	0.00172307257893	-5.73989418816e-05	-0.00148633479443	-0.00389495089456
16420	C809	C80.9 Malignant neoplasm, unspecified	16400	3	560	Block C76-C80	Y	Y	0.0003877839913	0.000313515612271	0.00142163901909	-0.000473614706134	0.000271503171324	-0.000974881613964	0.00122983658474	-0.00050401444351	-0.00127139840096	-0.00364971847865
16430	C81	C81 Hodgkin's disease	570	2	570	Block C81-C96	Y	Y	3.66477650982e-05	0.000325757608989	-0.000921560878314	-9.05198547602e-05	0.000537713574241	0.00140871565382	-0.00156499916069	0.00237590206955	0.000302478953917	0.000589268630505
16440	C810	C81.0 Lymphocytic predominance	16430	3	570	Block C81-C96	Y	Y	-0.000148280547392	0.000242512573904	-0.000870246527873	-0.000147331833527	0.000657386892458	0.00175008821266	-0.00166516318099	0.00263726782104	0.000348548219791	0.000457489906089
16450	C811	C81.1 Nodular sclerosis	16430	3	570	Block C81-C96	Y	Y	-0.000546692715964	-0.000191941488414	-0.00112606852839	0.000548765011529	-0.00019140240467	0.00156977783003	-0.00178124151048	0.00205095677557	0.000612388911383	-0.00011938340501
16460	C812	C81.2 Mixed cellularity	16430	3	570	Block C81-C96	Y	Y	-0.000173379560894	-3.28450352946e-05	-0.00129156346076	9.00593493635e-05	0.00030638328448	0.00130973448396	-0.00164178111175	0.00257504155113	0.000833427882476	0.000593778478285
16470	C813	C81.3 Lymphocytic depletion	16430	3	570	Block C81-C96	Y	Y	-0.00038379589629	0.000144338231422	-0.00104292725403	0.000377963061152	0.000184387414877	0.00151519081889	-0.00161665336085	0.0023155320761	0.000617209164296	0.000218887192289
16480	C814	C81.4 Lymphocyte-rich classical Hodgkin lymphoma	16430	3	570	Block C81-C96	Y	Y	6.77527127665e-05	0.000252785875892	-0.00109174247929	-4.49912413692e-05	0.000590787019394	0.00149568305534	-0.00169400828727	0.0026130692433	0.000434855664918	0.000707526807272
16490	C817	C81.7 Other Hodgkin's disease	16430	3	570	Block C81-C96	Y	Y	0.000142698972234	0.000225789480601	-0.00125546826884	-1.9753900679e-06	0.000587842330778	0.0015806462352	-0.00202761290876	0.00269179532097	0.000270388186319	0.000616316900578
16500	C819	C81.9 Hodgkin's disease, unspecified	16430	3	570	Block C81-C96	Y	Y	-0.00161948883813	-0.000398723436167	-0.000476126636371	0.00146712153052	-0.00166812144687	0.00133709028459	-0.00071358611303	0.000301432770751	0.00121277654244	-0.00143695907213
16510	C82	C82 Follicular [nodular] non-Hodgkin's lymphoma	570	2	570	Block C81-C96	Y	Y	-0.00118605741304	-0.000921435071787	0.000990268569441	-0.000581724353865	0.000758652995987	-0.000608028180401	0.00128564186999	0.00100291719712	0.00280792238388	0.00138041595122
16520	C820	C82.0 Small cleaved cell, follicular	16510	3	570	Block C81-C96	Y	Y	-0.00112023631288	-0.000646332631795	0.000764619839307	-7.15760630484e-05	-0.000256922451771	-0.00100881786441	0.00111425461449	0.000912124464032	0.0029022449721	0.00183674177704
16530	C821	C82.1 Mixed small cleaved and large cell, follicular	16510	3	570	Block C81-C96	Y	Y	-0.00115608034393	-0.000441129433025	0.000871326027288	-0.000379359420022	-0.00036774141685	-0.00125402626491	0.000978896123547	0.000585390442931	0.00275979807385	0.00178520730752
16540	C822	C82.2 Large cell, follicular	16510	3	570	Block C81-C96	Y	Y	-0.00139055599242	-0.000544478488509	0.00111074673966	-0.000533231358743	0.000244323269371	-0.00118082292142	0.0007506845661	0.000788121681471	0.00341830688192	0.00222580867289
16550	C823	C82.3 Follicular lymphoma grade IIIa	16510	3	570	Block C81-C96	Y	Y	-0.000416986900981	-0.000666753409631	0.000534514264943	-0.00108751573758	0.000199215628719	-0.000880041819419	0.000346744501323	0.00139647349074	0.00378306280595	0.00222917986936
16560	C824	C82.4 Follicular lymphoma grade IIIb	16510	3	570	Block C81-C96	Y	Y	-0.00101248142588	-0.000807139095663	0.000944941875977	-0.00059978659625	0.000260510027926	-0.000901117064545	0.000987332152789	0.000932550869386	0.00332808565375	0.0016969623923
16570	C825	C82.5 Diffuse follicle centre lymphoma	16510	3	570	Block C81-C96	Y	Y	-0.00121538642712	-0.000978072353174	0.0010948775029	-0.000660089745692	0.000828675893521	-0.000617570825219	0.00140453024635	0.00114079993751	0.00301467812682	0.0014186179372
16580	C826	C82.6 Cutaneous follicle centre lymphoma	16510	3	570	Block C81-C96	Y	Y	-0.000928417271867	-0.000814740243885	0.000876537939493	-0.00112628497241	0.000238536716104	-0.000919181374777	0.00108591062978	0.00121929428518	0.00334028194311	0.00161397565789
16590	C827	C82.7 Other types of follicular non-Hodgkin's lymphoma	16510	3	570	Block C81-C96	Y	Y	0.000655833337215	-0.000669198555703	0.000221055345703	-0.00147221593012	0.000740666381225	-0.000391600299442	-0.000575535178567	0.00121664697394	0.00328422265406	0.00189841287712
16600	C829	C82.9 Follicular non-Hodgkin's lymphoma, unspecified	16510	3	570	Block C81-C96	Y	Y	-0.00126578801266	-0.00100948951225	0.000811552195815	-0.000641809678799	0.000810189854699	-0.000100868605055	0.00187516352613	0.00109260028233	0.00253816196338	0.000598677833894
16610	C83	C83 Diffuse non-Hodgkin's lymphoma	570	2	570	Block C81-C96	Y	Y	-0.00146380697314	-0.000358433736386	-0.00142494182672	-0.00151320245976	-0.00051285175943	0.00144495488279	-0.000640668272103	-0.000699834138742	0.000498717507353	-0.00127664244948
16620	C830	C83.0 Small cell (diffuse)	16610	3	570	Block C81-C96	Y	Y	-0.00109100151468	-0.000864958022407	-0.00168797484183	-0.00246827306498	-0.000627351915947	0.00189717256524	-0.000771239687376	-0.000628350674293	0.000210764460345	-0.000722773215486
16630	C831	C83.1 Small cleaved cell (diffuse)	16610	3	570	Block C81-C96	Y	Y	-0.00121045880431	-0.000268074843607	-0.00183748911627	-0.00264361257117	-0.000966726187458	0.00061938745245	-0.000879310635286	-0.0011648815199	0.00160324930401	-0.00138626253967
16640	C832	C83.2 Mixed small and large cell (diffuse)	16610	3	570	Block C81-C96	Y	Y	-0.00127943697887	-0.000409318372101	-0.0017183987242	-0.00232193855467	-0.00100449393587	0.000838092162573	-0.00082546918568	-0.00108407532622	0.00122700288288	-0.00125718822128
16650	C833	C83.3 Large cell (diffuse)	16610	3	570	Block C81-C96	Y	Y	-0.000964547805937	-0.000589845679387	-0.00192771219852	-0.00265508669888	-0.00072709529396	0.000843104627223	-0.0009772633261	-0.000843539732269	0.00122799983221	-0.00102646901349
16660	C834	C83.4 Immunoblastic (diffuse)	16610	3	570	Block C81-C96	Y	Y	-0.00114327601423	-0.000291223668423	-0.00158170213795	-0.00211287405166	-0.0010364365165	0.000943649471933	-0.000715066033563	-0.00130208554399	0.00176299194445	-0.00141212436503
16670	C835	C83.5 Lymphoblastic (diffuse)	16610	3	570	Block C81-C96	Y	Y	-0.00122109162538	-0.000895025966457	-0.00171830006674	-0.00252293302282	-0.000861207323789	0.00193523313475	-0.000649675424781	-0.000483684266622	0.00067374913169	-0.000356795651279
16680	C836	C83.6 Undifferentiated (diffuse)	16610	3	570	Block C81-C96	Y	Y	-0.000757135409732	-0.000479744759027	-0.00179275089193	-0.00247550805653	-0.00126047384173	0.000797003928342	-0.000958284481629	-0.00139326854889	0.00143388573168	-0.00134321752561
16690	C837	C83.7 Burkitt's tumour	16610	3	570	Block C81-C96	Y	Y	-0.00163103303365	-0.000883240908036	-0.00190121600226	-0.00228987625141	0.000234752616489	0.00162383272939	-0.000150777566203	-0.000245084638389	0.000253719650277	-0.000847349914144
16700	C838	C83.8 Other types of diffuse non-Hodgkin's lymphoma	16610	3	570	Block C81-C96	Y	Y	-0.00087086012556	-0.000254132039874	-0.0017450230965	-0.00235461861686	-0.00144126339677	0.00072518779975	-0.00100516929565	-0.00148782951419	0.00154411504985	-0.0014401047951
16710	C839	C83.9 Diffuse non-Hodgkin's lymphoma, unspecified	16610	3	570	Block C81-C96	Y	Y	-0.000719638455567	-0.000551727060741	-0.00188586797245	-0.00253663621312	-0.000854629524634	0.000376941858568	-0.00104583289499	-0.00106155282572	0.00157782405034	-0.00126482847009
16720	C84	C84 Peripheral and cutaneous T-cell lymphomas	570	2	570	Block C81-C96	Y	Y	0.00188108055564	0.000317791404832	0.001220067338	0.00141220907131	-0.000184562461276	-0.000485186143915	-0.000812212768532	-0.00184187762603	0.000891993960767	0.000927196007041
16730	C840	C84.0 Mycosis fungoides	16720	3	570	Block C81-C96	Y	Y	0.00207217161062	0.000947935193778	0.00138561633159	0.00135065804262	-0.00037736016713	-0.00103801177991	-0.000591749561422	-0.00254119880312	0.000805255693045	0.00126645101113
16740	C841	C84.1 Sezary's diease	16720	3	570	Block C81-C96	Y	Y	0.00268781258095	-0.000273203579947	0.0014817413638	0.00187676576309	0.000585837662135	0.000272033008645	-0.00127094506312	-0.00159385419306	0.00140238771429	-9.5254631295e-07
16750	C842	C84.2 T-zone lymphoma	16720	3	570	Block C81-C96	Y	Y	0.00277887645815	-5.12599671569e-05	0.00154800307263	0.00179634174116	0.000521140355641	3.49802370378e-05	-0.00128593141689	-0.00167782478143	0.00118589452835	0.000194768584453
16760	C843	C84.3 Lymphoepithelioid lymphoma	16720	3	570	Block C81-C96	Y	Y	0.00271903485372	0.000532861193069	0.00152316957137	0.002062666006	-0.000158843163313	-0.000243031705921	-0.00103546485111	-0.00195686586134	0.00138664518746	0.000695127931926
16770	C844	C84.4 Peripheral T-cell lymphoma	16720	3	570	Block C81-C96	Y	Y	0.00213798099594	-0.000108598240224	0.00119605294479	0.00147742216638	0.000257700781989	-4.49192009737e-05	-0.00107534240145	-0.00151610837445	0.000956523716672	0.000630070633915
16780	C845	C84.5 Other and unspecified T-cell lymphomas	16720	3	570	Block C81-C96	Y	Y	0.00265547442914	-0.000326168781134	0.00131994542025	0.00208692611823	-1.55219852763e-05	0.000302685678719	-0.0014067534165	-0.000937627624833	0.00125219717888	0.000286788809856
16790	C846	C84.6 Anaplastic large cell lymphoma, ALK-positive	16720	3	570	Block C81-C96	Y	Y	0.00216290187372	-2.47050496063e-05	0.00146850920345	0.00203682455671	0.000320032914234	0.000146790946068	-0.00107511645389	-0.00152216902037	0.00145094688649	0.000289639753693
16800	C847	C84.7 Anaplastic large cell lymphoma, ALK-negative	16720	3	570	Block C81-C96	Y	Y	0.00195919535072	0.000538727871658	0.00137444019252	0.00146185525211	-0.000270152987461	-0.000731478716811	-0.000792558347167	-0.00232020881144	0.00101401923615	0.00111657699841
16810	C848	C84.8 Cutaneous T-cell lymphoma, unspecified	16720	3	570	Block C81-C96	Y	Y	0.0026889529488	7.65910543115e-05	0.00135944458831	0.00162349984928	0.000281858608074	-8.78874921108e-05	-0.00130551218216	-0.00159537532571	0.00104683663137	0.000656788169121
16820	C849	C84.9 Mature T/NK-cell lymphoma, unspecified	16720	3	570	Block C81-C96	Y	Y	0.00245467804136	0.000104191805494	0.00135089129775	0.00175614987865	0.000227036451224	-0.000109194090013	-0.00145968112317	-0.00148035756987	0.000785391272275	0.000903451179966
16830	C85	C85 Other and unspecified types of non-Hodgkin's lymphoma	570	2	570	Block C81-C96	Y	Y	0.000981792042413	0.00081603599388	0.00122113815942	-0.00155881149377	-0.000417191619648	-0.0014294310332	-0.000664477485028	-0.000832725776431	0.00144232960937	0.00144620921031
16840	C850	C85.0 Lymphosarcoma	16830	3	570	Block C81-C96	Y	Y	0.000566983995166	0.000881610778853	0.00134564267826	-0.00214366307009	-0.000468362726588	-0.00159847495843	-0.000916043622953	-0.00088458021995	0.00166600891671	0.00189530618108
16850	C851	C85.1 B-cell lymphoma, unspecified	16830	3	570	Block C81-C96	Y	Y	0.00091955057308	0.00107377043996	0.00148837364126	-0.00207623942058	-0.000283612427299	-0.00121763600371	-0.00117314466424	-0.000727254399915	0.00154962871927	0.00221711961811
16860	C852	C85.2 Mediastinal (thymic) large B-cell lymphoma	16830	3	570	Block C81-C96	Y	Y	0.00042708971947	0.000940373222728	0.00133136749297	-0.00196173872051	-0.000236367520145	-0.00137346967961	-0.000861985525849	-0.000823565052733	0.00184088212223	0.00205413007224
16870	C857	C85.7 Other specified types of non-Hodgkin's lymphoma	16830	3	570	Block C81-C96	Y	Y	0.000962576100004	0.00106088388059	0.00144188724458	-0.00199814941852	-0.000223918016783	-0.00122577023083	-0.00109745175898	-0.00070661944013	0.00159987057101	0.00215499458313
16880	C859	C85.9 Non-Hodgkin's lymphoma, unspecified type	16830	3	570	Block C81-C96	Y	Y	0.00126663950492	0.000993245069072	0.00128794518374	-0.00138401504325	-0.000158286432803	-0.00121808941406	-0.000787058096544	-0.000651726708486	0.00190596728405	0.00173643755859
16890	C86	C86 Other specified types of T/NK-cell lymphoma	570	2	570	Block C81-C96	Y	Y	0.000109064915938	-0.00298395201704	0.000229232686248	0.000212382505234	-0.00114570637554	-0.000308311415317	0.00238055261301	0.000549962389667	0.00170128907151	-0.000667307124417
16900	C860	C86.0 Extranodal NK/T-cell lymphoma, nasal type	16890	3	570	Block C81-C96	Y	Y	-0.00050564683982	-0.00242019375143	0.000190372586447	0.000233292518356	-0.00136526663912	-0.000573903483954	0.00232282792336	0.000605971849408	0.00202100384389	-0.000443861557941
16910	C861	C86.1 Hepatosplenic T-cell lymphoma	16890	3	570	Block C81-C96	Y	Y	-0.000365624503993	-0.00300411563934	0.000313574588642	0.000190769041083	-0.00131352640381	-0.000521607424788	0.00245705061304	0.000621249617875	0.00226517730431	-0.000127091147252
16920	C862	C86.2 Enteropathy-type (intestinal) T-cell lymphoma	16890	3	570	Block C81-C96	Y	Y	-0.000368019987261	-0.00258347804143	0.000456960330503	0.000317603570697	-0.00139330113498	-0.000377781453023	0.00270205431232	0.000626706740139	0.00227775712284	-0.000234119744809
16930	C863	C86.3 Subcutaneous panniculitis-like T-cell lymphoma	16890	3	570	Block C81-C96	Y	Y	-0.000200899691232	-0.0032326005969	0.000103996352175	0.000235640758199	-0.000699880633765	-0.000389863967529	0.00214837590692	0.000455533639078	0.00230809259104	-0.000120586530474
16940	C864	C86.4 Blastic NK-cell lymphoma	16890	3	570	Block C81-C96	Y	Y	-0.000165777264101	-0.0029580180426	0.000382329642118	0.000359646902029	-0.00122458428234	-0.000280242835381	0.00261084163454	0.000656605108831	0.00217860817122	-0.000294750794715
16950	C865	C86.5 Angioimmunoblastic T-cell lymphoma	16890	3	570	Block C81-C96	Y	Y	0.000175757733773	-0.00366680664133	8.76784948269e-05	0.000325241182335	-0.00132644291535	-0.000383146816099	0.00273468496361	0.000680033730859	0.0018183954147	-0.000673729729991
16960	C866	C86.6 Primary cutaneous CD30-positive T-cell proliferations	16890	3	570	Block C81-C96	Y	Y	-0.000108119005112	-0.00351298281844	-6.18123131062e-05	0.000271899586519	-0.000876773663102	-0.000543183550375	0.00219918964373	0.000443111733223	0.00225102861488	8.04862945379e-05
16970	C88	C88 Malignant immunoproliferative diseases	570	2	570	Block C81-C96	Y	Y	-0.00201922541439	0.000496820416573	-0.00096838888166	-0.000499479584289	0.00118008376141	-0.0022338926833	-0.000389196062321	-0.00202755819048	0.000578719652284	0.000409949091211
16980	C880	C88.0 Waldenstrom's macroglobulinaemia	16970	3	570	Block C81-C96	Y	Y	-0.0017325107208	0.000384337599891	-0.00186345744566	-0.000300402589954	0.0013586029846	-0.0025087544266	-0.000492733696268	-0.00266007474273	0.000507033402014	0.000157445919034
16990	C881	C88.1 Alpha heavy chain disease	16970	3	570	Block C81-C96	Y	Y	-0.00255472416408	0.000680172697269	-0.00136542661779	-0.000570753945288	0.00111278164711	-0.00273336021171	-0.000287918286156	-0.0027178429552	0.000985870746949	0.000244387751172
17000	C882	C88.2 Gamma heavy chain disease	16970	3	570	Block C81-C96	Y	Y	-0.00214817440821	0.0004496359679	-0.00156976968074	-0.000725028618054	0.0012183553995	-0.00221177795452	-0.000175765578991	-0.00247815210445	0.000695279356681	7.92708876676e-05
17010	C883	C88.3 Immunoproliferative small intestinal disease	16970	3	570	Block C81-C96	Y	Y	-0.001923732026	0.00038544231203	-0.00151028588351	-0.00101938073069	0.00125152444092	-0.00233422067487	-3.96268473136e-05	-0.00232807413757	0.000737072172943	0.000408101782976
17020	C884	C88.4 Extranodal marginal zone B-cell lymphoma of mucosa-associated lymphoid tissue [MALT-lymphoma]	16970	3	570	Block C81-C96	Y	Y	-0.0021146970385	0.000530062605884	-0.00121770019416	-0.00026174732523	0.00100466020963	-0.00257945057188	-0.000499737332174	-0.00232176875104	0.000796496520545	0.000350596262096
17030	C887	C88.7 Other malignant immunoproliferative diseases	16970	3	570	Block C81-C96	Y	Y	-0.00181934446385	0.00039310942834	-0.00167710219419	-0.000372094614877	0.00123856072416	-0.00239147193652	-0.000371905286713	-0.00257940593058	0.000651600415866	0.000104525067324
17040	C889	C88.9 Malignant immunoproliferative disease, unspecified	16970	3	570	Block C81-C96	Y	Y	-0.00187872519246	0.000349962709627	-0.00187856209698	-0.000435375645439	0.00130576505332	-0.00220525082238	-0.000173678762393	-0.00259027562982	0.000590901300915	-3.22416294369e-05
17050	C90	C90 Multiple myeloma and malignant plasma cell neoplasms	570	2	570	Block C81-C96	Y	Y	-0.000191346948863	0.000440314687204	0.00211268092785	-0.000525852930854	-0.00117801630902	0.00014174871046	0.00144450870867	0.00293929411032	0.00169187069157	-0.00134290452564
17060	C900	C90.0 Multiple myeloma	17050	3	570	Block C81-C96	Y	Y	0.000116151683912	0.000470614201868	0.00229753379719	-0.000789642698497	-0.00149240009789	-0.000175688014361	0.00174477344004	0.00324453038589	0.00178077526721	-0.00160674507766
17070	C901	C90.1 Plasma cell leukaemia	17050	3	570	Block C81-C96	Y	Y	0.000414648156808	-0.000218313721154	0.00193498556953	-0.000573031029573	-0.0015507550633	-0.000263770395312	0.00133683068994	0.00309365703358	0.00146849852998	-0.000882140799989
17080	C902	C90.2 Plasmacytoma, extramedullary	17050	3	570	Block C81-C96	Y	Y	0.000371864958788	-8.69892672685e-05	0.00199311400144	-0.00063149835629	-0.00149862290994	-0.000277229329958	0.00135253724347	0.00302078533498	0.00153920698834	-0.00095518848671
17090	C903	C90.3 Solitary plasmacytoma	17050	3	570	Block C81-C96	Y	Y	0.000250482678751	-9.46717598015e-05	0.00205032860204	-0.000434366967793	-0.00142075998147	-0.000113804670034	0.00148465462073	0.00315841256533	0.00155527677063	-0.00108216613775
17100	C91	C91 Lymphoid leukaemia	570	2	570	Block C81-C96	Y	Y	-0.0015640717525	0.00148659766292	0.00194832962672	0.000961605665174	-0.000191978203302	-0.00130563092387	-0.00119959758852	0.00111782083077	0.00136149714225	0.00156164598158
17110	C910	C91.0 Acute lymphoblastic leukaemia	17100	3	570	Block C81-C96	Y	Y	-0.00170874378747	0.00159081352475	0.00212179831745	0.00108976321776	-0.000290161214873	-0.00140132207115	-0.00142043657532	0.00119402704305	0.00158708062604	0.00175279024542
17120	C911	C91.1 Chronic lymphocytic leukaemia	17100	3	570	Block C81-C96	Y	Y	-0.00193324865637	0.00156734201399	0.00218447277526	0.00112365209172	-0.000264457649331	-0.00154368690831	-0.00144329507367	0.0011716314303	0.00156536350171	0.00151697258462
17130	C912	C91.2 Subacute lymphocytic leukaemia	17100	3	570	Block C81-C96	Y	Y	-0.00187837268912	0.00171495330059	0.00206623958506	0.00103225531243	-8.21614398606e-05	-0.00160318860571	-0.00137291656966	0.00115584225735	0.00153209875604	0.00147830363605
17140	C913	C91.3 Prolymphocytic leukaemia	17100	3	570	Block C81-C96	Y	Y	-0.00240153309982	0.00070627933745	0.00284105763716	0.00118977924071	-0.000456923682177	-0.00140647358937	-0.00200870887294	0.0012723930095	0.00139484488673	0.00212008186211
17150	C914	C91.4 Hairy-cell leukaemia	17100	3	570	Block C81-C96	Y	Y	-0.00232269286526	0.000829293404458	0.00247237014654	0.000952230844122	-0.000423126123218	-0.000916185756519	-0.00193313759637	0.00120880583484	0.00112934230305	0.0021172830805
17160	C915	C91.5 Adult T-cell leukaemia	17100	3	570	Block C81-C96	Y	Y	-0.00057325880813	0.00250167052925	0.00163426269214	-0.000114828560295	0.000603219132621	-0.00100859988284	0.000452997988522	0.00160963408353	0.000217082190115	0.00193592136764
17170	C916	C91.6 Prolymphocytic leukaemia of T-cell type	17100	3	570	Block C81-C96	Y	Y	-0.00204411511345	0.00111451128044	0.00218264690979	0.00109353743203	-0.000361424389347	-0.00105616317466	-0.00142099699701	0.00097585730158	0.00128057014334	0.00179328358266
17180	C917	C91.7 Other lymphoid leukaemia	17100	3	570	Block C81-C96	Y	Y	-0.00205225618257	0.00139915480811	0.00230203899102	0.00111600389879	9.07674838367e-05	-0.00173086828016	-0.000916166968394	0.00141292125815	0.00159656362942	0.00134775321263
17190	C918	C91.8 Mature B-cell leukaemia Burkitt-type	17100	3	570	Block C81-C96	Y	Y	-0.000710654628766	0.00216420695781	0.000799975182119	0.000666531340185	0.000648321004527	-0.00140846699559	-0.000765792188694	0.00128278316947	0.00132198551017	0.00172127227346
17200	C919	C91.9 Lymphoid leukaemia, unspecified	17100	3	570	Block C81-C96	Y	Y	-0.00201714113535	0.00145461128326	0.00228928496157	0.0011397970212	-2.02442201852e-05	-0.00160157469695	-0.00108177450192	0.00132688339918	0.00154531144058	0.00143832791197
17210	C92	C92 Myeloid leukaemia	570	2	570	Block C81-C96	Y	Y	5.37249816839e-05	-0.00136395947731	-0.00154130490237	-0.000993987922072	-0.00226993534682	-0.00206436112036	0.000486866926828	-0.0015949542528	0.000880707364197	-0.000465883115903
17220	C920	C92.0 Acute myeloid leukaemia	17210	3	570	Block C81-C96	Y	Y	-0.000745091230425	-0.00156683072242	-0.00224406005496	-0.000743785600104	-0.00229900890477	-0.00300385681924	0.000672887341055	-0.00178549755872	0.000705014111607	-0.00045535451619
17230	C921	C92.1 Chronic myeloid leukaemia	17210	3	570	Block C81-C96	Y	Y	-0.000280069681456	-0.00146058636238	-0.00189852299013	-0.000952445776068	-0.00216509242315	-0.00235173117594	0.00054035858098	-0.00202382141059	0.000690642761319	-0.000140043291308
17240	C922	C92.2 Subacute myeloid leukaemia	17210	3	570	Block C81-C96	Y	Y	-0.000574563454493	-0.00110048923629	-0.00183294850279	-0.000739409932915	-0.0016302603981	-0.00216627718173	0.000541388503924	-0.00187211616777	0.000348541297965	9.88920893812e-05
17250	C923	C92.3 Myeloid sarcoma	17210	3	570	Block C81-C96	Y	Y	0.000175483893784	-0.00110024741855	-0.00172784465754	-0.00120477477039	-0.00186627976173	-0.00197928087172	0.00056959153496	-0.00174585793344	0.00107039008356	-0.000360299928416
17260	C924	C92.4 Acute promyelocytic leukaemia	17210	3	570	Block C81-C96	Y	Y	0.000594635466817	-0.00125249296162	-0.00130288891446	-0.0012714211499	-0.00271123309395	-0.00170607664324	0.000525804875111	-0.00125280077485	0.00130376250778	-0.000762490423368
17270	C925	C92.5 Acute myelomonocytic leukaemia	17210	3	570	Block C81-C96	Y	Y	-0.000205172233512	-0.00152575791815	-0.0015213727244	-0.00107635875333	-0.0025223091018	-0.00239784976666	0.000470904498396	-0.00179475424381	0.000894822379526	-0.000448418830033
17280	C926	C92.6 Acute myeloid leukaemia with 11q23-abnormality	17210	3	570	Block C81-C96	Y	Y	-0.00019299806256	-0.00130147725504	-0.00152001795407	-0.00100819308102	-0.00185634279193	-0.00219833449607	0.000458215548688	-0.00174624789133	0.000620464301237	-0.000328559532254
17290	C927	C92.7 Other myeloid leukaemia	17210	3	570	Block C81-C96	Y	Y	7.80459328036e-05	-0.00150409100151	-0.00131503100368	-0.000936701748134	-0.00251858351435	-0.00200408561937	0.000315219910664	-0.00168311057975	0.000866204558985	-0.00044575163838
17300	C928	C92.8 Acute myeloid leukaemia with multilineage dysplasia	17210	3	570	Block C81-C96	Y	Y	2.22241075714e-06	-0.00134941373428	-0.00152308595042	-0.0011375106937	-0.0018940885568	-0.00214342212832	0.000415930743921	-0.00198907690453	0.000613817480964	-0.000253965454648
17310	C929	C92.9 Myeloid leukaemia, unspecified	17210	3	570	Block C81-C96	Y	Y	-0.000152986115301	-0.00133478348846	-0.00155723286642	-0.00108838872138	-0.00186700846189	-0.0023667384719	0.000370151410206	-0.00190591786675	0.000615976333019	-0.000387994230248
17320	C93	C93 Monocytic leukaemia	570	2	570	Block C81-C96	Y	Y	-0.000850820962867	0.00186627398457	-0.000361937304138	-0.000227235885592	-0.00109762476841	-0.000965467708239	6.59555979697e-05	-0.00140899369925	0.0029071307321	0.000971369487704
17330	C930	C93.0 Acute monocytic leukaemia	17320	3	570	Block C81-C96	Y	Y	-0.000873383847224	0.00204739472921	-0.000680866980221	-6.36436177035e-05	-0.000963814658634	-0.00128624764269	-6.55276251882e-05	-0.00132112938755	0.00320306669986	0.00114716118171
17340	C931	C93.1 Chronic monocytic leukaemia	17320	3	570	Block C81-C96	Y	Y	-0.000930119698342	0.00240556059321	-0.000783871795958	0.000151801942611	-0.000766527189409	-0.00139192442133	0.000161959190111	-0.00174137117157	0.00335380204958	0.001136261201
17350	C932	C93.2 Subacute monocytic leukaemia	17320	3	570	Block C81-C96	Y	Y	-0.000901700373277	0.00204642074663	-0.000644739231073	-1.48830924733e-05	-0.000904478377493	-0.00121060252225	4.48893612625e-05	-0.00136845084292	0.00332197038962	0.00116224018195
17360	C933	C93.3 Juvenile myelomonocytic leukaemia	17320	3	570	Block C81-C96	Y	Y	-0.00097976577857	0.00201975850992	-0.000460819492938	-0.000324032696184	-0.0012418214431	-0.00115050336864	2.16404513938e-05	-0.0015399586176	0.00324010592531	0.00113446146442
17370	C937	C93.7 Other monocytic leukaemia	17320	3	570	Block C81-C96	Y	Y	-0.000769927811154	0.00211846276717	-0.00057523493356	0.000189229228954	-0.000639806580735	-0.0012219708357	0.000294359591015	-0.00171099514918	0.00313467544709	0.000970147317339
17380	C939	C93.9 Monocytic leukaemia, unspecified	17320	3	570	Block C81-C96	Y	Y	-0.000985497669725	0.00192800798688	-0.000397103985527	-0.000368074321647	-0.00100075416728	-0.00102671444931	0.000513480764795	-0.00176946384374	0.00293708622056	0.000646047444461
17390	C94	C94 Other leukaemias of specified cell type	570	2	570	Block C81-C96	Y	Y	0.00074767749342	-0.000779348276046	6.0035511682e-06	-0.00218778229509	-0.000845364875566	-0.00163698610136	-0.00177307428351	0.00205711069784	5.53556945182e-05	0.00158422109237
17400	C940	C94.0 Acute erythraemia and erythroleukaemia	17390	3	570	Block C81-C96	Y	Y	0.000936549428804	-0.000876333818623	-0.000371070137639	-0.00204693214902	-0.000809806339947	-0.00124547416985	-0.00170470789501	0.0016077492106	0.000120023872488	0.00142200731874
17410	C941	C94.1 Chronic erythraemia	17390	3	570	Block C81-C96	Y	Y	0.000785633871218	-0.000747397747923	0.00223576425288	-0.00226182011382	-0.00204755873344	-0.000983666867194	-0.00158542496972	0.00218108778747	-0.000249117556783	0.00238708474995
17420	C942	C94.2 Acute megakaryoblastic leukaemia	17390	3	570	Block C81-C96	Y	Y	0.000672817167953	-0.000692708077868	0.00164996623283	-0.00208188583108	-0.00181388490707	-0.000924656599634	-0.00144311924437	0.00194985011912	-0.000113431061499	0.00224177796853
17430	C943	C94.3 Mast cell leukaemia	17390	3	570	Block C81-C96	Y	Y	0.000569975188086	-0.000749936678179	0.00155490277138	-0.00231314712971	-0.00165921944371	-0.00110253091423	-0.00146505301001	0.00202387557202	5.59429114829e-05	0.00224259212277
17440	C944	C94.4 Acute panmyelosis	17390	3	570	Block C81-C96	Y	Y	0.00051345393593	-0.000672348274703	0.00160612378778	-0.0020819100896	-0.00168252298185	-0.000945189023967	-0.00134807034646	0.00183424534786	-2.68823334274e-05	0.00210109298098
17450	C945	C94.5 Acute myelofibrosis	17390	3	570	Block C81-C96	Y	Y	0.00059012199719	-0.000699905230725	0.00151019038515	-0.0022359561343	-0.00160649431675	-0.00117680708798	-0.00144971133094	0.00202370436679	8.26776877158e-05	0.0021891877606
17460	C946	C94.6 Myelodysplastic and myeloproliferative disease, not elsewhere classified	17390	3	570	Block C81-C96	Y	Y	0.000977626175088	-0.00109007665616	-0.000557723387468	-0.0021250941047	-0.000637864299503	-0.00128733455507	-0.00146568358033	0.00205194936768	0.000192919086251	0.00134982064635
17470	C947	C94.7 Other specified leukaemias	17390	3	570	Block C81-C96	Y	Y	0.000756681365206	-0.00054885795655	0.00120389010789	-0.00196502927624	-0.00197445099521	-0.00127254108132	-0.00171527043052	0.00162931622174	9.90682438212e-05	0.00214402123794
17480	C95	C95 Leukaemia of unspecified cell type	570	2	570	Block C81-C96	Y	Y	-0.00248624422891	0.00105071300757	-0.00113620700796	0.00103812273997	-0.000847361977188	0.000950254435949	0.00212604495761	0.00136483732504	0.00169419332875	0.000578927382267
17490	C950	C95.0 Acute leukaemia of unspecified cell type	17480	3	570	Block C81-C96	Y	Y	-0.00262957460817	0.000997317013315	-0.00113738479235	0.00095758426028	-0.000684098327125	0.000717439803817	0.00209064067615	0.00152634989759	0.00192738848269	0.000262769456417
17500	C951	C95.1 Chronic leukaemia of unspecified cell type	17480	3	570	Block C81-C96	Y	Y	-0.00242397579901	0.000732901378279	-0.00105399409829	0.00124300213249	-0.00108768342808	0.00103811723393	0.00210396392851	0.00118211279808	0.00152776451997	0.00120167149804
17510	C952	C95.2 Subacute leukaemia of unspecified cell type	17480	3	570	Block C81-C96	Y	Y	-0.00244847188421	0.000880192999907	-0.00103564481112	0.000989896408113	-0.000794390093338	0.000793144136563	0.00207558539647	0.00135144288471	0.00173991297345	0.000395262393432
17520	C957	C95.7 Other leukaemia of unspecified cell type	17480	3	570	Block C81-C96	Y	Y	-0.00257444737299	0.000969188675576	-0.000995663067927	0.000837997538441	-0.000533664534413	0.000682357970109	0.00201554207313	0.00151395114942	0.00195344269125	4.58365398399e-05
17530	C959	C95.9 Leukaemia, unspecified	17480	3	570	Block C81-C96	Y	Y	-0.00259679322137	0.00105422594227	-0.00113481959224	0.00111733176138	-0.00088635135002	0.00103433099144	0.00221758194228	0.0013985019932	0.00169952971229	0.000687419054112
17540	C96	C96 Other and unspecified malignant neoplasms of lymphoid, haematopoietic and related tissue	570	2	570	Block C81-C96	Y	Y	0.000141843649345	-0.00119544336043	-0.00109068439447	-0.00127360625564	0.00136923040376	2.42052087004e-05	-0.00209417891521	-0.000377579957446	-0.000345957387405	0.00207621053785
17550	C960	C96.0 Letterer-Siwe disease	17540	3	570	Block C81-C96	Y	Y	-0.000773374268841	-0.00157878489709	-0.0009527523404	-0.000682232487931	0.00215569984894	-0.000309296539549	-0.00242213680263	-0.000614052493191	-0.000570651036761	0.00158248647106
17560	C961	C96.1 Malignant histiocytosis	17540	3	570	Block C81-C96	Y	Y	0.000880112635388	-0.00087602974576	-0.00142761906818	-0.00206588898509	0.00106965629787	-5.72615439923e-05	-0.00159789379693	-0.000617084435639	-6.24489689666e-05	0.00273218511235
17570	C962	C96.2 Malignant mast cell tumour	17540	3	570	Block C81-C96	Y	Y	-0.000335568705991	-0.00198350118972	-0.000891696591551	-0.000940780931653	0.00178330582501	-0.00047492250175	-0.00231279030954	-0.000429697845871	-0.000389671205378	0.00188589544654
17580	C963	C96.3 True histiocytic lymphoma	17540	3	570	Block C81-C96	Y	Y	-0.000651513926121	-0.00161520739561	-0.00106828470072	-0.000728542759678	0.00211569271125	-0.000346024926563	-0.00257568707168	-0.000610748597707	-0.000628730045414	0.00165189337088
17590	C964	C96.4 Sarcoma of dendritic cells (accessory cells)	17540	3	570	Block C81-C96	Y	Y	-0.000386122041441	-0.00204457110977	-0.000728162119738	-0.000655211463855	0.00208892181663	-0.000312886168124	-0.00216633055662	-0.000756156761892	-0.000592766671538	0.00187643235742
17600	C965	C96.5 Multifocal and unisystemic Langerhans-cell histiocytosis	17540	3	570	Block C81-C96	Y	Y	0.000776138862661	-0.00144186569203	-0.000818481509764	-0.00161388520241	0.00109871233044	-0.000252697732251	-0.00164331006484	-0.000760397072203	-0.000295282524563	0.00228382659263
17610	C966	C96.6 Unifocal Langerhans-cell histiocytosis	17540	3	570	Block C81-C96	Y	Y	-0.000125883180162	-0.00163814518135	-0.00129149888842	-0.00108100490287	0.00159371069157	-0.000321271142299	-0.00222950886774	-0.00076157460093	-0.000464019755746	0.00197621812378
17620	C967	C96.7 Other specified malignant neoplasms of lymphoid, haematopoietic and related tissue	17540	3	570	Block C81-C96	Y	Y	-0.000560407656486	-0.00219777110816	-0.000831049714963	-0.000693084639771	0.00212514752921	-0.000560323157776	-0.00246857873211	-0.000502815486825	-0.000517846641941	0.00188499340065
17630	C968	C96.8 Histiocytic sarcoma	17540	3	570	Block C81-C96	Y	Y	4.80156735013e-06	-0.00162524125064	-0.00112998436316	-0.00132492815644	0.0014070135633	-0.000147409355464	-0.00213286940451	-0.000346662355759	-0.000328463633792	0.00223035381124
17640	C969	C96.9 Malignant neoplasms of lymphoid, haematopoietic and related tissue, unspecified	17540	3	570	Block C81-C96	Y	Y	-9.22851969915e-05	-0.00117882310515	-0.00135686431944	-0.00130211901537	0.00169271238378	-0.000391105488344	-0.00227104242878	-0.000703408996511	-0.000454828934325	0.00189372672379
17650	C97	C97 Malignant neoplasms of independent (primary) multiple sites	580	2	580	Block C97-C97	Y	Y	-0.00119434888117	-0.00161815444872	-0.000377820951018	-0.000157042561817	0.000642903093658	0.000742079470443	0.0013394367818	-0.000575350755592	-0.00164212309691	-0.000817769232335
