node_id	coding	meaning	parent_id	depth	top_branch_id	top_branch_code	selectable	is_target_code	dim_1	dim_2	dim_3	dim_4	dim_5	dim_6	dim_7	dim_8	dim_9	dim_10
12070	C00	C00 Malignant neoplasm of lip	440	3	20	Chapter II	Y	Y	0.000538008661977	0.00443251894027	-0.00159103333162	-0.00418328735991	-0.00298463499255	-0.000548606103088	0.00235201117561	-0.00480620306259	-0.00102859143753	0.000939172591171
12080	C000	C00.0 External upper lip	12070	4	20	Chapter II	Y	Y	0.000454163254883	0.00462034824087	-0.00157506013207	-0.00428838443968	-0.00284185376706	-0.000616409814547	0.0023130895629	-0.00479698359172	-0.00105568117643	0.00106296579044
12090	C001	C00.1 External lower lip	12070	4	20	Chapter II	Y	Y	0.000553380793762	0.00467347988926	-0.00178656448078	-0.004298245941	-0.00292450094385	-0.000697446326607	0.00219995639555	-0.00491601285936	-0.00100181498625	0.00103480938888
12100	C002	C00.2 External lip, unspecified	12070	4	20	Chapter II	Y	Y	0.000379932401123	0.00474480153884	-0.00162162517983	-0.00420922291475	-0.00287308456608	-0.000648063310339	0.00227191207744	-0.0047503282129	-0.00106785884284	0.00115884438933
12110	C003	C00.3 Upper lip, inner aspect	12070	4	20	Chapter II	Y	Y	0.000458258730092	0.00473961940426	-0.0016583463442	-0.0044116738533	-0.00287104277431	-0.000670154397252	0.00231183290777	-0.00488922332003	-0.00102620140777	0.00109491185881
12120	C004	C00.4 Lower lip, inner aspect	12070	4	20	Chapter II	Y	Y	0.000434597558716	0.00476279045294	-0.00175332799415	-0.00430949522529	-0.00288410150302	-0.000663013410575	0.00229952305637	-0.00490142394695	-0.00100120817806	0.00110672647568
12130	C005	C00.5 Lip, unspecified, inner aspect	12070	4	20	Chapter II	Y	Y	0.000505244713335	0.00467731185782	-0.0017465862687	-0.00427292652165	-0.00291772788781	-0.000656949192404	0.00221683402778	-0.00489652297561	-0.00100869889715	0.00105649248702
12140	C006	C00.6 Commissure of lip	12070	4	20	Chapter II	Y	Y	0.000627074910174	0.00453020243439	-0.00177411521581	-0.00440744022271	-0.0029107889016	-0.000705770110438	0.00234183736903	-0.00494140806175	-0.00102488553394	0.000938111035111
12150	C008	C00.8 Overlapping lesion of lip	12070	4	20	Chapter II	Y	Y	0.000501859718803	0.00464975955744	-0.00169521524146	-0.00429824352627	-0.00287755644865	-0.00063097857424	0.00230477593995	-0.00485981441743	-0.00101124965404	0.00104742643936
12160	C009	C00.9 Lip, unspecified	12070	4	20	Chapter II	Y	Y	0.000518781982419	0.0047092639611	-0.00180247721361	-0.00432794416239	-0.00293451162051	-0.000697169462757	0.00226205388995	-0.00493400557644	-0.00100124889366	0.00104568999362
12170	C01	C01 Malignant neoplasm of base of tongue	440	3	20	Chapter II	Y	Y	0.000448445773969	-0.0011572398262	-0.000862821386897	-0.00370408086782	-0.00424676799612	0.000424123185706	0.00283897030992	-0.000246614757016	0.00222015442737	-0.00288321921564
12180	C02	C02 Malignant neoplasm of other and unspecified parts of tongue	440	3	20	Chapter II	Y	Y	0.000137063629125	0.000572296677753	-0.000773761332921	-0.00151379283287	-0.00654806833222	0.000440486776922	0.00365290695534	-0.00314178135702	-0.00215709663982	-0.00358786204921
12190	C020	C02.0 Dorsal surface of tongue	12180	4	20	Chapter II	Y	Y	0.000151648011635	0.000568676461261	-0.000737388027538	-0.00149013484408	-0.00649948201292	0.000433239468963	0.00337098253044	-0.00303113636886	-0.00218900342782	-0.00364113489865
12200	C021	C02.1 Border of tongue	12180	4	20	Chapter II	Y	Y	0.00021814430132	0.000549349215432	-0.000637061319975	-0.00157566899128	-0.00662908566183	0.000465889759576	0.00370398563049	-0.00314073412942	-0.00221821921065	-0.00353152277217
12210	C022	C02.2 Ventral surface of tongue	12180	4	20	Chapter II	Y	Y	0.000145118547825	0.000486198387977	-0.000738027547622	-0.00153437402961	-0.00648423665451	0.000517315824807	0.00347844668597	-0.00299937145511	-0.00217820173798	-0.00368433971883
12220	C023	C02.3 Anterior two-thirds of tongue, part unspecified	12180	4	20	Chapter II	Y	Y	0.000171474759559	0.000550732134047	-0.000696886510299	-0.00148913803338	-0.00643455762825	0.000353606452356	0.00351034690179	-0.00305295180997	-0.00216748654856	-0.003505201165
12230	C024	C02.4 Lingual tonsil	12180	4	20	Chapter II	Y	Y	0.000184304590738	0.000524417469911	-0.000717646537327	-0.00156371242045	-0.00658630778666	0.000419052288732	0.00358744266748	-0.00310050027265	-0.00221445466972	-0.003634138147
12240	C028	C02.8 Overlapping lesion of tongue	12180	4	20	Chapter II	Y	Y	0.00019460554977	0.000525669318706	-0.000690822834444	-0.00158091956735	-0.00664206565285	0.000453162243903	0.00365672924768	-0.00312825606924	-0.00222181401691	-0.0036037932806
12250	C029	C02.9 Tongue, unspecified	12180	4	20	Chapter II	Y	Y	0.000184992762167	0.000565069756009	-0.000804055256424	-0.00156823374659	-0.00662456606754	0.000385226891985	0.00340638925448	-0.00308909791694	-0.0022081449753	-0.00366174074664
12260	C03	C03 Malignant neoplasm of gum	440	3	20	Chapter II	Y	Y	-3.43212988704e-06	0.000576822473718	0.000735581816881	-0.00183286575715	-0.00568347114379	0.0015793104156	0.00490568990752	-0.00422129505071	-0.00108995646044	-0.00194341221896
12270	C030	C03.0 Upper gum	12260	4	20	Chapter II	Y	Y	-1.50768495192e-05	0.000424336124025	0.000789354337657	-0.00199423536399	-0.00568215476976	0.00164565217265	0.00506097932077	-0.00432590824358	-0.00118641725053	-0.00215919550154
12280	C031	C03.1 Lower gum	12260	4	20	Chapter II	Y	Y	4.00668607225e-05	0.000491107310497	0.000862818991277	-0.00197879414054	-0.00571390204411	0.0015744744306	0.00506357745637	-0.00435190186126	-0.00130110463977	-0.00210769655855
12290	C039	C03.9 Gum, unspecified	12260	4	20	Chapter II	Y	Y	8.87184534697e-06	0.000474859567444	0.000652887003755	-0.00199082475543	-0.00571298515361	0.00161507903189	0.00499492825257	-0.00424636637834	-0.00102574131044	-0.00212846645899
12300	C04	C04 Malignant neoplasm of floor of mouth	440	3	20	Chapter II	Y	Y	0.000559139812386	0.00194457767429	-0.00102574460873	0.000289591489342	-0.0054411560175	0.00107818393001	0.00502209242277	-0.00383938345118	-0.000684463592842	-0.00317194550697
12310	C040	C04.0 Anterior floor of mouth	12300	4	20	Chapter II	Y	Y	0.000589661822419	0.00204516627177	-0.0010336516636	0.00028098126767	-0.00557196392832	0.0010987873312	0.00518746040066	-0.00386768248021	-0.000748353098354	-0.00324057172535
12320	C041	C04.1 Lateral floor of mouth	12300	4	20	Chapter II	Y	Y	0.000604488405635	0.0020117579715	-0.000996109903137	0.000356227585086	-0.0055196463771	0.00108147976423	0.00509392449662	-0.00387930795292	-0.000747371426208	-0.00318716361913
12330	C048	C04.8 Overlapping lesion of floor of mouth	12300	4	20	Chapter II	Y	Y	0.000625477225264	0.00203330474601	-0.00105273392688	0.000333146773758	-0.00555709227077	0.0010869739333	0.00512618646139	-0.00392414955665	-0.000753520919508	-0.00321409993831
12340	C049	C04.9 Floor of mouth, unspecified	12300	4	20	Chapter II	Y	Y	0.000664581705837	0.00200178158521	-0.00100629921406	0.000217657976261	-0.0055970215016	0.00108354354207	0.00518320815864	-0.00389787988693	-0.000759137917897	-0.00313344686042
12350	C05	C05 Malignant neoplasm of palate	440	3	20	Chapter II	Y	Y	0.00033450824357	0.00333383284415	-6.27136959867e-05	0.00118203266598	-0.00584248386811	-0.00114118640662	0.00204612773807	-0.00325906583703	-0.00146742008513	0.00420557476735
12360	C050	C05.0 Hard palate	12350	4	20	Chapter II	Y	Y	0.000352571850679	0.00344068214636	-0.000155864387501	0.00125813575034	-0.00596961872831	-0.00124069712818	0.00202843624608	-0.00325317882718	-0.00145743313248	0.00451164809691
12370	C051	C05.1 Soft palate	12350	4	20	Chapter II	Y	Y	0.000325249065114	0.00352915194336	-0.000115169681315	0.00127350778392	-0.00591064959803	-0.00124721919125	0.00205610688304	-0.00334704145567	-0.00157430235593	0.00440891201526
12380	C052	C05.2 Uvula	12350	4	20	Chapter II	Y	Y	0.000357809663601	0.00342943553443	-0.000125388192154	0.0012415145762	-0.00600513096317	-0.00122231510947	0.00210000553412	-0.00330105885452	-0.00147554950077	0.00444983789162
12390	C058	C05.8 Overlapping lesion of palate	12350	4	20	Chapter II	Y	Y	0.000401439489345	0.00352123113086	-3.6991970984e-05	0.00128188644081	-0.00608807738235	-0.00117011163264	0.00215700411796	-0.00327692047906	-0.00159268955649	0.00441297159729
12400	C059	C05.9 Palate, unspecified	12350	4	20	Chapter II	Y	Y	0.000359056044633	0.00340140545359	-0.000229361173062	0.00118402917459	-0.00594273490858	-0.00124092425592	0.00201431408394	-0.00329122365913	-0.00142192872776	0.00452686184528
12410	C06	C06 Malignant neoplasm of other and unspecified parts of mouth	440	3	20	Chapter II	Y	Y	0.000636214122769	0.00296551664465	-0.000292203516077	-0.00312792249583	-0.00559134875301	-0.000280246184559	0.0042569013512	-0.00395115751324	-0.00135194215433	6.50772534561e-05
12420	C060	C06.0 Cheek mucosa	12410	4	20	Chapter II	Y	Y	0.000733784860802	0.00291932309933	-0.000386699638272	-0.0032260088707	-0.00564445614718	-0.000213473566654	0.00428523011608	-0.00401964112238	-0.00144337136123	-9.32034024547e-07
12430	C061	C06.1 Vestibule of mouth	12410	4	20	Chapter II	Y	Y	0.000749839580039	0.0029546089577	-0.000384747443213	-0.0032212754611	-0.00570752605362	-0.000226094831596	0.0043779198337	-0.00406217537153	-0.00146469250925	3.68847182374e-05
12440	C062	C06.2 Retromolar area	12410	4	20	Chapter II	Y	Y	0.000756010205451	0.00296196244595	-0.000435791938286	-0.00332010739686	-0.005615056311	-0.000248511791679	0.00433552952739	-0.00402882951832	-0.00149844111969	-4.06707216435e-07
12450	C068	C06.8 Overlapping lesion of other and unspecified parts of mouth	12410	4	20	Chapter II	Y	Y	0.000739221459024	0.00284347568001	-0.000397738904472	-0.00324028745774	-0.00563741316194	-0.000146069533094	0.00431627742419	-0.00404656469433	-0.00146222678697	-7.38938244875e-05
12460	C069	C06.9 Mouth, unspecified	12410	4	20	Chapter II	Y	Y	0.000732555167939	0.00288464556499	-0.00032399457166	-0.00317376246795	-0.0056894896237	-0.000194375638273	0.00430636074929	-0.00398408609348	-0.00143195489392	7.04457312671e-06
12470	C07	C07 Malignant neoplasm of parotid gland	440	3	20	Chapter II	Y	Y	0.000614407106737	-0.000730305930847	2.93410272056e-05	-0.00168904948839	-0.0037079939758	0.000350774544697	0.00286651429792	-0.00309082074233	-7.81070666415e-05	-0.00108954748142
12480	C08	C08 Malignant neoplasm of other and unspecified major salivary glands	440	3	20	Chapter II	Y	Y	0.00229074024992	-0.000107884545885	0.0011018605598	-0.00118096527805	-0.00610908912632	0.00292190315731	0.00431997015123	-0.00372538657502	-0.00107142319248	-0.000439528924203
12490	C080	C08.0 Submandibular gland	12480	4	20	Chapter II	Y	Y	0.0022730575423	-6.56388366647e-05	0.00114680499302	-0.00121749557784	-0.00614962736448	0.00293015149754	0.00435020334477	-0.00369073867047	-0.00108028089685	-0.000484252968815
12500	C081	C08.1 Sublingual gland	12480	4	20	Chapter II	Y	Y	0.00235745938675	-0.000136095431371	0.0011381297665	-0.00115317782406	-0.00609963880945	0.00299191821585	0.00429961526054	-0.00369390477191	-0.00105412917491	-0.000439076799641
12510	C088	C08.8 Overlapping lesion of major salivary glands	12480	4	20	Chapter II	Y	Y	0.00226020014944	-4.03172402301e-05	0.0011231284415	-0.00118434114549	-0.00609181333682	0.00291527064314	0.00429808598579	-0.00368273622195	-0.00108510121622	-0.000459932041187
12520	C089	C08.9 Major salivary gland, unspecified	12480	4	20	Chapter II	Y	Y	0.00223887883858	-4.15624028829e-06	0.00112788469533	-0.00125565366049	-0.00612383302804	0.00298042103524	0.004348117959	-0.00363774832734	-0.00112379522865	-0.000438147434485
12530	C09	C09 Malignant neoplasm of tonsil	440	3	20	Chapter II	Y	Y	0.00238050983301	0.00061195474573	-0.000342054472341	-0.00178480550196	-0.00677901585682	0.0013094939471	0.00444491511489	-0.00280374776907	-0.00139758843646	0.000654275092238
12540	C090	C09.0 Tonsillar fossa	12530	4	20	Chapter II	Y	Y	0.00235689186841	0.000601110037412	-0.000284900315743	-0.00192588157678	-0.00671889370959	0.00136298615421	0.00451139353119	-0.00283770873629	-0.00134461847155	0.00059406677924
12550	C091	C09.1 Tonsillar pillar (anterior) (posterior)	12530	4	20	Chapter II	Y	Y	0.00234133605144	0.000586259068656	-0.000295494147132	-0.00176580610595	-0.00674963650498	0.00135193743588	0.00453253835106	-0.00284897185796	-0.00139086303223	0.000544129126821
12560	C098	C09.8 Overlapping lesion of tonsil	12530	4	20	Chapter II	Y	Y	0.00226007912225	0.000618187631594	-0.000264148861918	-0.00175564579449	-0.00671015269259	0.00132788546913	0.00449757792758	-0.00287775042673	-0.00140582403672	0.000517806339552
12570	C099	C09.9 Tonsil, unspecified	12530	4	20	Chapter II	Y	Y	0.00233530689871	0.000610986477974	-0.000307177147368	-0.00173327982533	-0.00679372526038	0.00135248165545	0.00453206049049	-0.00285486786261	-0.00144061651468	0.000574170704989
12580	C10	C10 Malignant neoplasm of oropharynx	440	3	20	Chapter II	Y	Y	0.000135759626843	0.00313521887119	0.00224761857652	0.00136524420476	-0.00491292735399	0.00349467433037	0.000692426133587	-0.00478554047678	0.00247714864864	-0.00171239016107
12590	C100	C10.0 Vallecula	12580	4	20	Chapter II	Y	Y	0.000167146452239	0.00317971079856	0.00209156368459	0.00145099721827	-0.00494677430568	0.00349407340148	0.000697190922124	-0.0046781435141	0.00277237142255	-0.00168903162559
12600	C101	C10.1 Anterior surface of epiglottis	12580	4	20	Chapter II	Y	Y	0.000128144389057	0.00320879300171	0.00217578878509	0.0015050886621	-0.00487263796814	0.0035427784984	0.000753436383219	-0.0046867837791	0.00287813656314	-0.00173594593889
12610	C102	C10.2 Lateral wall of oropharynx	12580	4	20	Chapter II	Y	Y	0.000107709133716	0.00321042700075	0.00216911933436	0.00151441074343	-0.0048894263214	0.00357468192233	0.000687711295514	-0.00468057855541	0.00287845057458	-0.00171024988009
12620	C103	C10.3 Posterior wall of oropharynx	12580	4	20	Chapter II	Y	Y	0.000102710064552	0.00317459323172	0.00220574607316	0.00147372726937	-0.00492230931093	0.00377070744895	0.000452475746423	-0.00466948894503	0.00268035412993	-0.00158436397001
12630	C104	C10.4 Branchial cleft	12580	4	20	Chapter II	Y	Y	0.000175860681545	0.00320822203123	0.00202864984042	0.00145747684347	-0.00494422072134	0.00348444114129	0.000679779037214	-0.00467891159957	0.00280895969283	-0.00169926059611
12640	C108	C10.8 Overlapping lesion of oropharynx	12580	4	20	Chapter II	Y	Y	0.000128802806657	0.00323648517486	0.00221236424598	0.00147787747107	-0.0049593434097	0.00377143697336	0.00040953683992	-0.00470922976166	0.00260164108454	-0.00161188204642
12650	C109	C10.9 Oropharynx, unspecified	12580	4	20	Chapter II	Y	Y	0.000110117811179	0.00318166717923	0.00213781341549	0.00153129655239	-0.00487320787324	0.00347609203638	0.000799961084552	-0.00466999770026	0.00294400798141	-0.00173778611247
12660	C11	C11 Malignant neoplasm of nasopharynx	440	3	20	Chapter II	Y	Y	-0.00112017514998	-0.00065117250659	9.19016786554e-06	-0.00222641505785	-0.00662593068771	-0.000166726104175	0.00433366741833	-0.00287782359283	-0.00233056640121	5.89089073086e-05
12670	C110	C11.0 Superior wall of nasopharynx	12660	4	20	Chapter II	Y	Y	-0.00119814783225	-0.000826975256496	-3.48521792595e-05	-0.00228569863252	-0.00692700781324	-0.000209831628675	0.004464558826	-0.0029171191024	-0.00253760560651	0.000198221383539
12680	C111	C11.1 Posterior wall of nasopharynx	12660	4	20	Chapter II	Y	Y	-0.00112062318367	-0.000734153100182	-7.16397771428e-05	-0.00218710518153	-0.00681506256872	-0.000180321723252	0.00436578906598	-0.00297557909765	-0.00241075762137	0.000121541254759
12690	C112	C11.2 Lateral wall of nasopharynx	12660	4	20	Chapter II	Y	Y	-0.00122132567609	-0.000749108817749	-3.20278847196e-05	-0.00229705986363	-0.00683849676439	-0.000191658049345	0.00445823011603	-0.00289469690803	-0.00242435596344	0.000159566858411
12700	C113	C11.3 Anterior wall of nasopharynx	12660	4	20	Chapter II	Y	Y	-0.00119698939133	-0.00081150619099	-5.06937913232e-05	-0.00221726207293	-0.00682750528809	-0.000209843999323	0.00438613920877	-0.00285905237354	-0.00248600460361	0.000228031582534
12710	C118	C11.8 Overlapping lesion of nasopharynx	12660	4	20	Chapter II	Y	Y	-0.00121799116708	-0.000774565448163	-2.25679974712e-05	-0.00229431642602	-0.00682141116343	-0.000223275698194	0.00441769245567	-0.00285576012441	-0.00246967667136	0.000139105777769
12720	C119	C11.9 Nasopharynx, unspecified	12660	4	20	Chapter II	Y	Y	-0.0012019627825	-0.000680671387721	2.59630686347e-05	-0.00229517992868	-0.00671105088986	-0.000239756672994	0.00442689078027	-0.00284374598088	-0.00235242821427	9.80067422696e-05
12730	C12	C12 Malignant neoplasm of pyriform sinus	440	3	20	Chapter II	Y	Y	0.00115211394969	-0.00202463128576	0.000150019779297	-0.00343452515872	-0.00346603518012	0.000779091806587	0.0038807470566	-0.00261974808426	0.000655723144439	-0.00193680145585
12740	C13	C13 Malignant neoplasm of hypopharynx	440	3	20	Chapter II	Y	Y	0.000740102842715	0.000815669624211	-6.58159488164e-06	-0.00275054476908	-0.00679077087199	0.00132196135522	0.00413295749838	-0.00325847373483	-0.000261508926159	-0.00134329924716
12750	C130	C13.0 Postcricoid region	12740	4	20	Chapter II	Y	Y	0.000752514699621	0.000777045302077	-3.50435364217e-05	-0.0029344205171	-0.00689390467511	0.00136047655211	0.00421822870856	-0.00323904054982	-0.000220202224365	-0.00150779721672
12760	C131	C13.1 Aryepiglottic fold, hypopharyngeal aspect	12740	4	20	Chapter II	Y	Y	0.000751154473981	0.000781462161622	-5.14524596157e-05	-0.00293566712098	-0.00685992033036	0.00134866442972	0.00422951450972	-0.0032441212886	-0.000231575007173	-0.00152707768697
12770	C132	C13.2 Posterior wall of hypopharynx	12740	4	20	Chapter II	Y	Y	0.00075291214109	0.000823646096841	3.47879297774e-05	-0.00270253757067	-0.00684658669561	0.00131818463041	0.00424385322879	-0.00338580078803	-0.000293611171563	-0.00129253941401
12780	C138	C13.8 Overlapping lesion of hypopharynx	12740	4	20	Chapter II	Y	Y	0.000713049914058	0.000861167113488	-9.00073152119e-05	-0.00289020291678	-0.00694572951965	0.00127769724669	0.00410582976533	-0.00306135361283	-8.03210603866e-05	-0.0014244897055
12790	C139	C13.9 Hypopharynx, unspecified	12740	4	20	Chapter II	Y	Y	0.000704335272048	0.000852522917517	-9.77655262416e-05	-0.00295428741543	-0.00692345910019	0.00131209873924	0.0041389778456	-0.00309158454859	-0.000100260121606	-0.00147166892356
12800	C14	C14 Malignant neoplasm of other and ill-defined sites in the lip, oral cavity and pharynx	440	3	20	Chapter II	Y	Y	0.00115840240215	0.00048995077103	0.00128953403825	-0.00163245472796	-0.00598429802492	0.00188894891429	0.00526105334896	-0.00408739552382	-0.000338442603719	-0.000989833896178
12810	C140	C14.0 Pharynx, unspecified	12800	4	20	Chapter II	Y	Y	0.00122525286134	0.000444759883851	0.00136789230458	-0.00158793865934	-0.00584831182738	0.00194148044017	0.00524127918609	-0.00407527229642	-0.000275536593341	-0.000927911283054
12820	C142	C14.2 Waldeyer's ring	12800	4	20	Chapter II	Y	Y	0.00111992037836	0.000501011599195	0.00129021298831	-0.00165228688823	-0.0058947788526	0.0018570984431	0.00518923093647	-0.00402010376355	-0.000374749212464	-0.00100673510016
12830	C148	C14.8 Overlapping lesion of lip, oral cavity and pharynx	12800	4	20	Chapter II	Y	Y	0.00116437689892	0.000517931137005	0.00133482150001	-0.00164882578131	-0.00593905306003	0.00192085367681	0.00526092967407	-0.00406574736284	-0.000334019097222	-0.000979120596735
12840	C15	C15 Malignant neoplasm of oesophagus	450	3	20	Chapter II	Y	Y	0.00192517708546	0.00081909296202	0.00327365155128	0.00238263529875	-0.00458096860157	-0.000583903545712	0.00133747069645	-0.00390710110634	-0.00366019717647	0.00335704295018
12850	C150	C15.0 Cervical part of oesophagus	12840	4	20	Chapter II	Y	Y	0.00203613771267	0.000850158572761	0.0033650253939	0.00245802940746	-0.00443924647569	-0.000485243548303	0.00132988472097	-0.0037503965185	-0.00374103692311	0.00328598849965
12860	C151	C15.1 Thoracic part of oesophagus	12840	4	20	Chapter II	Y	Y	0.00227829469933	0.000968493177667	0.00357326015048	0.00272407302773	-0.00423514001982	-0.0010739605486	0.00146238525201	-0.00397345464972	-0.00352055672066	0.00327863105094
12870	C152	C15.2 Abdominal part of oesophagus	12840	4	20	Chapter II	Y	Y	0.00191648878709	0.000810522469547	0.00336821477614	0.00238692058551	-0.00456932085204	-0.000311063909697	0.00126569138264	-0.00376121558009	-0.00373894092163	0.00326949236141
12880	C153	C15.3 Upper third of oesophagus	12840	4	20	Chapter II	Y	Y	0.00195928638257	0.00084390938628	0.00338719489668	0.00243788454626	-0.00455703891569	-0.000449037585589	0.00132553663264	-0.00383688821228	-0.0037176329637	0.00330338247699
12890	C154	C15.4 Middle third of oesophagus	12840	4	20	Chapter II	Y	Y	0.00196410229441	0.000833709453433	0.00339421552722	0.00244888876574	-0.00460081764161	-0.000427345365927	0.00133460653723	-0.00384029312433	-0.00374908283673	0.00334110503412
12900	C155	C15.5 Lower third of oesophagus	12840	4	20	Chapter II	Y	Y	0.00198411169437	0.000837063933172	0.00347963772522	0.00251074614715	-0.00465117771896	-0.000418013620895	0.00128509771179	-0.00392209031128	-0.00372050814185	0.00329941756861
12910	C158	C15.8 Overlapping lesion of oesophagus	12840	4	20	Chapter II	Y	Y	0.00198836067418	0.000801536754151	0.00346833772184	0.00245265309595	-0.00464486259046	-0.000351540873449	0.00129125843434	-0.00384867177683	-0.00375998318564	0.00332997703773
12920	C159	C15.9 Oesophagus, unspecified	12840	4	20	Chapter II	Y	Y	0.00198061226957	0.000837847313445	0.00339885871915	0.00243188458761	-0.00455047062195	-0.000441470137744	0.00133574871865	-0.00383019267907	-0.00373107453518	0.0032923430308
12930	C16	C16 Malignant neoplasm of stomach	450	3	20	Chapter II	Y	Y	-0.00142647624433	0.00228320947435	0.00284268675652	0.00324559654148	-0.00390455025937	-0.0024383365738	0.00289047698919	-0.00346944183031	0.00226623326149	0.00322711088759
12940	C160	C16.0 Cardia	12930	4	20	Chapter II	Y	Y	-0.00150471299476	0.00226028782643	0.00289935186751	0.00336980809544	-0.00383609278667	-0.00241533542414	0.00299002043944	-0.0034307849407	0.00244574194604	0.00325483155722
12950	C161	C16.1 Fundus of stomach	12930	4	20	Chapter II	Y	Y	-0.00145869960795	0.00231235368312	0.00291217061875	0.0033484423015	-0.00388138471073	-0.00245439296615	0.00301036408379	-0.00345612639972	0.00240780283669	0.00325607429765
12960	C162	C16.2 Body of stomach	12930	4	20	Chapter II	Y	Y	-0.00157352072607	0.00233682386317	0.00299737686529	0.0033941048943	-0.00382822181761	-0.00243429399405	0.00293273838811	-0.00349317274587	0.00245651713657	0.00321049577768
12970	C163	C16.3 Pyloric antrum	12930	4	20	Chapter II	Y	Y	-0.00154884744737	0.00232002918103	0.00294142703743	0.00333448986303	-0.00385700921175	-0.00244401664335	0.00290767319136	-0.00344002836862	0.00242724511059	0.00324647389848
12980	C164	C16.4 Pylorus	12930	4	20	Chapter II	Y	Y	-0.00141748534788	0.00236800950373	0.00301346791768	0.00336863460058	-0.00383575134855	-0.00256762387795	0.00298614584795	-0.00343470507919	0.00240731708201	0.00330924198092
12990	C165	C16.5 Lesser curvature of stomach, unspecified	12930	4	20	Chapter II	Y	Y	-0.0014322393063	0.00229136170242	0.00285757468084	0.00330599373782	-0.00384413880054	-0.00246545897472	0.0029953194477	-0.00340240312458	0.00239777495181	0.00321182578552
13000	C166	C16.6 Greater curvature of stomach, unspecified	12930	4	20	Chapter II	Y	Y	-0.00133578119782	0.0023675015035	0.00299752456458	0.00338658273229	-0.00380279044551	-0.0026388044172	0.00301484701286	-0.00347618200642	0.00241992185081	0.00329851249403
13010	C168	C16.8 Overlapping lesion of stomach	12930	4	20	Chapter II	Y	Y	-0.00143364803022	0.00226036736013	0.00285820648492	0.00330071049636	-0.00380207577318	-0.0024504309417	0.00297689278696	-0.00336152666385	0.00242209429018	0.00321376370266
13020	C169	C16.9 Stomach, unspecified	12930	4	20	Chapter II	Y	Y	-0.00156728719077	0.00235994264073	0.00301130879776	0.00340816609769	-0.00380412821694	-0.00246703824647	0.00293624702844	-0.00348567259749	0.00245417713986	0.00322234540041
13030	C17	C17 Malignant neoplasm of small intestine	450	3	20	Chapter II	Y	Y	0.00086396123	0.000917808974783	0.000583044543272	0.00300619711763	-0.00594625161853	0.00207355986674	0.00123504519405	-0.00301209511999	-0.00169977817838	0.00440510693675
13040	C170	C17.0 Duodenum	13030	4	20	Chapter II	Y	Y	0.000872108529868	0.000998795754939	0.000472470398126	0.00319192477294	-0.00590867139401	0.00211593377098	0.00127876069797	-0.00294455401549	-0.00164268161906	0.00444349014555
13050	C171	C17.1 Jejunum	13030	4	20	Chapter II	Y	Y	0.000854430668109	0.00100353567239	0.000480612843141	0.00320145702349	-0.00607442835649	0.00213901400477	0.00123149434139	-0.00309259331786	-0.00171020655929	0.00455172856101
13060	C172	C17.2 Ileum	13030	4	20	Chapter II	Y	Y	0.000792767991043	0.000998070410337	0.000275471754224	0.00324012079971	-0.00603821883412	0.00198856222223	0.00122852913924	-0.00300060453692	-0.00174257467121	0.00452483942983
13070	C173	C17.3 Meckel's diverticulum	13030	4	20	Chapter II	Y	Y	0.000945706520299	0.000857533188537	0.000550139079572	0.00311156297145	-0.00603638564442	0.00212670344645	0.00129129089539	-0.00306763214632	-0.00173203953903	0.00461799755465
13080	C178	C17.8 Overlapping lesion of small intestine	13030	4	20	Chapter II	Y	Y	0.000963268680163	0.000853343065323	0.000432622786968	0.00321902465057	-0.00594807863441	0.00214814065531	0.00125768725837	-0.00299144550655	-0.0017185452126	0.00466430289966
13090	C179	C17.9 Small intestine, unspecified	13030	4	20	Chapter II	Y	Y	0.000905306567936	0.000963341950334	0.000457981059374	0.00317958793208	-0.00601330567265	0.0021424291139	0.00123489452003	-0.00304649256607	-0.00169130659348	0.00457496265993
13100	C18	C18 Malignant neoplasm of colon	450	3	20	Chapter II	Y	Y	0.000889372351165	-0.000912172331125	0.00109146913304	0.000560292002161	-0.00516434007885	0.00204154211587	-0.000560389605298	-0.00408059158739	-0.00487164786713	0.00215416301504
13110	C180	C18.0 Caecum	13100	4	20	Chapter II	Y	Y	0.000792988004362	-0.000891641453325	0.00111196373157	0.000531290489685	-0.00525367747877	0.00205749531501	-0.00059326893419	-0.0040919701562	-0.00493836959245	0.00219724028802
13120	C181	C18.1 Appendix	13100	4	20	Chapter II	Y	Y	0.000837623705356	-0.00091206835985	0.00117309920628	0.00048387517149	-0.00534204954215	0.00200323388268	-0.000568334022188	-0.00417780532213	-0.00491745071322	0.00222509523926
13130	C182	C18.2 Ascending colon	13100	4	20	Chapter II	Y	Y	0.000787015667707	-0.000859429182522	0.00112573046201	0.000515261806334	-0.00531325430542	0.00207466900387	-0.000531951047311	-0.0041390958706	-0.00498796880462	0.00223197884406
13140	C183	C18.3 Hepatic flexure	13100	4	20	Chapter II	Y	Y	0.000841171188975	-0.000941777122943	0.00114323619224	0.000479324695045	-0.00523562556843	0.00204464463208	-0.000582571201882	-0.00410697844937	-0.00497065340217	0.00224436825134
13150	C184	C18.4 Transverse colon	13100	4	20	Chapter II	Y	Y	0.00087419627306	-0.000967854094552	0.00121831477134	0.000430438012821	-0.00540054340548	0.0018899674021	-0.000632952480409	-0.00423665706469	-0.00481652919967	0.00226314801166
13160	C185	C18.5 Splenic flexure	13100	4	20	Chapter II	Y	Y	0.000880064853807	-0.000941226041311	0.00114193543687	0.000478413799771	-0.00528205382276	0.00198282494663	-0.000627890696803	-0.0041962883782	-0.00487054538267	0.00220830158571
13170	C186	C18.6 Descending colon	13100	4	20	Chapter II	Y	Y	0.000776018360473	-0.000936125720321	0.00112748735944	0.00049292171037	-0.0053637578864	0.00207560581647	-0.000620802212163	-0.004130412547	-0.005015320423	0.00223093897233
13180	C187	C18.7 Sigmoid colon	13100	4	20	Chapter II	Y	Y	0.000876895947279	-0.00090383060633	0.00110192798086	0.000469919121115	-0.00526298345327	0.00197173520694	-0.000533181515651	-0.00410782934491	-0.00494211033659	0.00220352370592
13190	C188	C18.8 Overlapping lesion of colon	13100	4	20	Chapter II	Y	Y	0.00092619940394	-0.000974652500556	0.00112534034176	0.000467450174547	-0.00531473890706	0.00207290959653	-0.000585203234061	-0.00418806654526	-0.00506325616201	0.00227903305725
13200	C189	C18.9 Colon, unspecified	13100	4	20	Chapter II	Y	Y	0.000928986631364	-0.000985182289665	0.00111451326964	0.00049888253441	-0.00524748788748	0.00209638642776	-0.000732719274657	-0.00418340814391	-0.00492771607307	0.00219730448954
13210	C19	C19 Malignant neoplasm of rectosigmoid junction	450	3	20	Chapter II	Y	Y	-0.00115563698724	9.08834784769e-05	0.0014874055231	0.000999494679498	-0.00582696067721	0.00087680772124	0.00104905669217	-0.00364906193146	-0.000732746446737	0.00157386774492
13220	C20	C20 Malignant neoplasm of rectum	450	3	20	Chapter II	Y	Y	-0.000296382462252	-5.49764622685e-05	0.00112062067511	0.000170922517948	-0.00374415014406	0.000306805411442	-0.000210285534122	-0.00401457223807	-0.000580833626561	0.00121224066347
13230	C21	C21 Malignant neoplasm of anus and anal canal	450	3	20	Chapter II	Y	Y	-0.00469960471451	0.000385302173032	0.00127054119118	-0.000391230371024	-0.00604868571672	0.00020255619384	0.00239332949076	-0.00387873478334	-0.000981544679724	0.00212930352373
13240	C210	C21.0 Anus, unspecified	13230	4	20	Chapter II	Y	Y	-0.00477854866993	0.000426120869172	0.00128433667025	-0.000410582326562	-0.00616728769317	0.000255742285943	0.00248288379593	-0.00387210449489	-0.00102770618774	0.00216958766351
13250	C211	C21.1 Anal canal	13230	4	20	Chapter II	Y	Y	-0.00470253319724	0.000413221055754	0.00126683929771	-0.000372467093432	-0.00614365059588	0.000226609554367	0.00248446078089	-0.00386008246807	-0.00104387319037	0.00214250712332
13260	C212	C21.2 Cloacogenic zone	13230	4	20	Chapter II	Y	Y	-0.00479932605009	0.000412738795675	0.00124844112031	-0.000454409456836	-0.00614139589986	0.000211419224086	0.00244138250139	-0.0039212588161	-0.00101193398125	0.00218738318089
13270	C218	C21.8 Overlapping lesion of rectum, anus and anal canal	13230	4	20	Chapter II	Y	Y	-0.00478476389348	0.000532353312371	0.00132819968293	-0.000346636012929	-0.00630434512937	0.000307191273978	0.00259122487889	-0.00383244268004	-0.00101797754901	0.00219558006545
13280	C22	C22 Malignant neoplasm of liver and intrahepatic bile ducts	450	3	20	Chapter II	Y	Y	-0.00360658786126	-0.0011232878516	0.00326003962493	0.00091097389739	-0.00577638603209	0.00180559221998	0.00206298500266	-0.00456756280358	-0.000475665300408	0.000561651602342
13290	C220	C22.0 Liver cell carcinoma	13280	4	20	Chapter II	Y	Y	-0.00358402854773	-0.0011095280014	0.00331423629236	0.000802562532119	-0.00572647525149	0.00183368652532	0.00212419039379	-0.00450441185642	-0.000433108869591	0.000447161319986
13300	C221	C22.1 Intrahepatic bile duct carcinoma	13280	4	20	Chapter II	Y	Y	-0.00359879414061	-0.00109289479252	0.00331337138742	0.000840501745325	-0.00577819532709	0.00184501599343	0.00207745228519	-0.00458697122953	-0.000521062319451	0.000510558706067
13310	C222	C22.2 Hepatoblastoma	13280	4	20	Chapter II	Y	Y	-0.00364650376478	-0.00114003815265	0.00337697236897	0.000870063607171	-0.00573667033251	0.00187790605983	0.00206409826333	-0.00458288870863	-0.000503812399841	0.00052006511735
13320	C223	C22.3 Angiosarcoma of liver	13280	4	20	Chapter II	Y	Y	-0.00367980638859	-0.00121023996115	0.003452601538	0.000831826098385	-0.00579479780713	0.00195075420121	0.00211334211197	-0.0046632113973	-0.000497836729669	0.000445090820077
13330	C224	C22.4 Other sarcomas of liver	13280	4	20	Chapter II	Y	Y	-0.00355896543208	-0.00110862649467	0.00326023001957	0.000865428321802	-0.00562117698041	0.00182458719311	0.00202009822252	-0.00448242752071	-0.00051942800079	0.000547468012494
13340	C227	C22.7 Other specified carcinomas of liver	13280	4	20	Chapter II	Y	Y	-0.00366704543035	-0.00115280076752	0.00328611023132	0.000824624768592	-0.00570960797589	0.00183524569432	0.0020169821711	-0.00448871149448	-0.000514086052515	0.000478460212423
13350	C229	C22.9 Liver, unspecified	13280	4	20	Chapter II	Y	Y	-0.00356528106479	-0.00105960153508	0.0033872457856	0.000830047533503	-0.00583424563957	0.00188863973213	0.00217873008618	-0.00466254740563	-0.000411256473359	0.000426917892853
13360	C23	C23 Malignant neoplasm of gallbladder	450	3	20	Chapter II	Y	Y	-0.000674939281498	0.000213792884344	0.00111840422188	0.000599121450454	-0.00444479743723	0.000503586529323	0.000576479824908	-0.0040423945248	-0.00108470458806	0.00121454677225
13370	C24	C24 Malignant neoplasm of other and unspecified parts of biliary tract	450	3	20	Chapter II	Y	Y	-0.00330892976343	0.00238980814281	0.00182799812444	-0.00183655835094	-0.00517874175042	9.46451600181e-05	0.00279650795332	-0.00535658050213	-0.00137758055421	0.00118049290173
13380	C240	C24.0 Extrahepatic bile duct	13370	4	20	Chapter II	Y	Y	-0.00335765312315	0.00240172072638	0.00184340560003	-0.00189211829015	-0.00523614212565	2.25849441921e-05	0.00287887244276	-0.00547927270683	-0.00136132099839	0.00117839747583
13390	C241	C24.1 Ampulla of Vater	13370	4	20	Chapter II	Y	Y	-0.00327826631068	0.00236978046124	0.00183735389099	-0.00185500753341	-0.00520157124655	7.90473408374e-05	0.00286785370994	-0.00532243037905	-0.00130000864797	0.00112399923188
13400	C248	C24.8 Overlapping lesion of biliary tract	13370	4	20	Chapter II	Y	Y	-0.00325520911615	0.00233437154362	0.00186279023836	-0.00179253567897	-0.00532977594995	3.58351793882e-05	0.00285432496541	-0.00549838383001	-0.00141016897559	0.00119948383743
13410	C249	C24.9 Biliary tract, unspecified	13370	4	20	Chapter II	Y	Y	-0.00332490267086	0.00237217713132	0.0017662953943	-0.00195985169717	-0.00511691957899	0.000158072722677	0.00276807689774	-0.00531628614522	-0.0013817838075	0.00115276956243
13420	C25	C25 Malignant neoplasm of pancreas	450	3	20	Chapter II	Y	Y	0.000358167579323	-0.000291242909223	0.000958435036346	-0.00222421188634	-0.00674343359938	-0.000498264131429	-0.00127969011065	-0.00261015759799	-0.0039757752655	0.00197176079835
13430	C250	C25.0 Head of pancreas	13420	4	20	Chapter II	Y	Y	0.000448373028047	-0.000243999167829	0.000839377603581	-0.00216126243154	-0.00681354561592	-0.000601991022068	-0.00126889797054	-0.00252107639605	-0.00400297691305	0.001969317366
13440	C251	C25.1 Body of pancreas	13420	4	20	Chapter II	Y	Y	0.000230439501675	-0.000314172534528	0.0011771938757	-0.00236437834134	-0.0067808327864	-0.000328877915891	-0.00127497798871	-0.00271399813955	-0.00406185544936	0.00195869126069
13450	C252	C25.2 Tail of pancreas	13420	4	20	Chapter II	Y	Y	0.000380935597279	-0.000325199597302	0.00106026769898	-0.00231729542156	-0.00693732158592	-0.000469784367334	-0.00131189832471	-0.00274633966519	-0.00407061904588	0.00208968380645
13460	C253	C25.3 Pancreatic duct	13420	4	20	Chapter II	Y	Y	0.000334764480336	-0.00037718053306	0.00106469266859	-0.00238292585985	-0.00680283699624	-0.000471728667218	-0.00142138386052	-0.00260488539377	-0.00405339727469	0.00199353012461
13470	C254	C25.4 Endocrine pancreas	13420	4	20	Chapter II	Y	Y	0.000231833639568	-0.000348622410464	0.00113408250499	-0.00237817589436	-0.00693701591192	-0.000371365436287	-0.00133867132538	-0.00278962957827	-0.00414839713784	0.00212540457143
13480	C257	C25.7 Other parts of pancreas	13420	4	20	Chapter II	Y	Y	0.0002444259895	-0.000322378673824	0.0010268948161	-0.00235551074518	-0.00683849675938	-0.000461134959285	-0.00134144756173	-0.00271483331759	-0.00409712768454	0.00207739908894
13490	C258	C25.8 Overlapping lesion of pancreas	13420	4	20	Chapter II	Y	Y	0.000380289541325	-0.000326718573675	0.00111562920537	-0.00239940817028	-0.00694547681394	-0.000440265821354	-0.00133401316877	-0.0027587945789	-0.00412623145389	0.00212184891238
13500	C259	C25.9 Pancreas, unspecified	13420	4	20	Chapter II	Y	Y	0.000235999126169	-0.00034833119652	0.00115889892853	-0.00236964024583	-0.00677556634733	-0.000347943306978	-0.00132949127981	-0.00276006750772	-0.0040502168048	0.00196514011523
13510	C26	C26 Malignant neoplasm of other and ill-defined digestive organs	450	3	20	Chapter II	Y	Y	-0.00168390312454	-0.000620795086629	0.0028858091879	0.00153767158897	-0.00641758780333	0.00262488467534	0.000849721547268	-0.00380456156418	-0.00142258897443	0.00261229732381
13520	C260	C26.0 Intestinal tract, part unspecified	13510	4	20	Chapter II	Y	Y	-0.0017445262996	-0.000694584014315	0.00297899322042	0.00163251067553	-0.00647734613554	0.00283674731272	0.000841572534216	-0.00386318771945	-0.00141353050184	0.00272721179855
13530	C261	C26.1 Spleen	13510	4	20	Chapter II	Y	Y	-0.00180125702715	-0.00075257661198	0.00296367118098	0.00157965642146	-0.0064103158132	0.00286489541864	0.000827529351594	-0.00379621038557	-0.00135980878135	0.00273676875196
13540	C268	C26.8 Overlapping lesion of digestive system	13510	4	20	Chapter II	Y	Y	-0.00179460848962	-0.000794258885156	0.00292611591879	0.00155757251714	-0.00648782373523	0.00278272579726	0.000844300858759	-0.00377495430568	-0.00133920728069	0.00272062663107
13550	C269	C26.9 Ill-defined sites within the digestive system	13510	4	20	Chapter II	Y	Y	-0.00173273587705	-0.000608285847918	0.00288085614205	0.00166435476225	-0.00637274632245	0.0027499604746	0.000778702864962	-0.00385310024272	-0.00147496693118	0.00265449142548
13560	C30	C30 Malignant neoplasm of nasal cavity and middle ear	460	3	20	Chapter II	Y	Y	0.00182491772318	0.00447558531063	0.00162029874117	-0.00010893913226	-0.0020102054537	0.00132645101998	0.00296788165031	-0.00663215770846	-0.00247558884574	-0.000465394795968
13570	C300	C30.0 Nasal cavity	13560	4	20	Chapter II	Y	Y	0.00174467798607	0.00452254096535	0.00156800241321	-0.00016543740602	-0.00209347893304	0.00137270277952	0.0029450719972	-0.00657667680287	-0.00244170451041	-0.000432629947261
13580	C301	C30.1 Middle ear	13560	4	20	Chapter II	Y	Y	0.00172634716043	0.00450960257773	0.00158743682873	-0.000154624309792	-0.00211618970811	0.00137800871153	0.00294031373511	-0.00656875775134	-0.00245812027349	-0.000431126155906
13590	C31	C31 Malignant neoplasm of accessory sinuses	460	3	20	Chapter II	Y	Y	0.00282204459831	0.00405867944644	0.00210357699268	0.000137984118436	-0.0016045336951	0.00242307150076	0.00216067461803	-0.00660765063044	0.000274017437941	9.91446061217e-05
13600	C310	C31.0 Maxillary sinus	13590	4	20	Chapter II	Y	Y	0.00299177935308	0.00405089005497	0.00211541604528	0.000180556172556	-0.00161448642238	0.00245851536033	0.00213261517046	-0.00664549645015	0.000291644705658	0.000119782247903
13610	C311	C31.1 Ethmoidal sinus	13590	4	20	Chapter II	Y	Y	0.0029520456261	0.00414988565107	0.00213506205103	0.000141329143827	-0.00148679874646	0.00252090491335	0.00219964017407	-0.00671702127185	0.00021978024607	0.000154349150151
13620	C312	C31.2 Frontal sinus	13590	4	20	Chapter II	Y	Y	0.00285062793943	0.00413379490239	0.00215477355104	0.000155945273226	-0.00160750421024	0.00244484961021	0.00219918888515	-0.00671536836983	0.000220433953615	9.40980354221e-05
13630	C313	C31.3 Sphenoidal sinus	13590	4	20	Chapter II	Y	Y	0.00274314625668	0.00410261751369	0.00212427344005	0.00015843104809	-0.00150222803429	0.0024386889512	0.00218383810406	-0.00665467931822	5.06398509233e-05	0.000162249842282
13640	C318	C31.8 Overlapping lesion of accessory sinuses	13590	4	20	Chapter II	Y	Y	0.00299998703562	0.00412313160347	0.00210486266989	0.000134095572852	-0.00156381212763	0.00249101667601	0.00218029043528	-0.00667905339695	0.00025547733789	0.000156650900844
13650	C319	C31.9 Accessory sinus, unspecified	13590	4	20	Chapter II	Y	Y	0.00292328934992	0.00407602876208	0.00208959781984	0.000136942825473	-0.001590597999	0.00243531307487	0.0021487415587	-0.00663760886588	0.000284779534819	0.000113936595726
13660	C32	C32 Malignant neoplasm of larynx	460	3	20	Chapter II	Y	Y	-0.000884400231806	-0.000956714647071	0.00147280386335	-0.00105549423836	-0.00544265227432	0.00231529390833	0.000265794096883	-0.00435991877504	-0.00410646848325	-0.00305518760413
13670	C320	C32.0 Glottis	13660	4	20	Chapter II	Y	Y	-0.000904368115243	-0.001010996228	0.00143819404365	-0.00100154425756	-0.0054877466943	0.00236057158549	0.000266585613422	-0.00446621430584	-0.00399741247106	-0.00313874629684
13680	C321	C32.1 Supraglottis	13660	4	20	Chapter II	Y	Y	-0.000891592266986	-0.000994899585731	0.00141005079379	-0.000989861383444	-0.00544827105346	0.00233552711207	0.000234309164886	-0.00433991374938	-0.00404164973979	-0.00305758617838
13690	C322	C32.2 Subglottis	13660	4	20	Chapter II	Y	Y	-0.000884671196307	-0.000920942590552	0.00137251570853	-0.00102513111597	-0.00538210913438	0.00228814430078	0.000287921244485	-0.00441180864134	-0.00398254413372	-0.00307096616885
13700	C323	C32.3 Laryngeal cartilage	13660	4	20	Chapter II	Y	Y	-0.000966256670051	-0.00115931309919	0.00144666001613	-0.00104265770349	-0.00558835361542	0.00233713818628	0.000138313116805	-0.00449643836744	-0.00410376640675	-0.00325031903929
13710	C328	C32.8 Overlapping lesion of larynx	13660	4	20	Chapter II	Y	Y	-0.000926742062185	-0.00101290966193	0.00146750146653	-0.0010909951512	-0.0054961136947	0.00236174450311	0.000216504465973	-0.00435400382353	-0.00407705636109	-0.00314288914958
13720	C329	C32.9 Larynx, unspecified	13660	4	20	Chapter II	Y	Y	-0.000956591706039	-0.00107037968251	0.00138463092202	-0.00107854394558	-0.00539319774462	0.0022651646145	0.000237390830663	-0.00451410329033	-0.00389219438117	-0.00327097241471
13730	C33	C33 Malignant neoplasm of trachea	460	3	20	Chapter II	Y	Y	0.0017391940881	0.0013041882078	-0.000255073124603	-0.000992377578743	0.00121954878332	0.000218179425924	0.000913828394978	-0.00455923311522	0.000393292410356	-0.000633831859572
13740	C34	C34 Malignant neoplasm of bronchus and lung	460	3	20	Chapter II	Y	Y	-0.00114049072555	-0.000340882627853	-0.000747510674891	-0.000108760489518	-0.0031358690012	0.00252196889365	0.00464616849189	-0.0045518163409	-0.00502448643259	0.000376483414125
13750	C340	C34.0 Main bronchus	13740	4	20	Chapter II	Y	Y	-0.00105221536194	-0.000318842183401	-0.000820033269856	-9.48618172805e-05	-0.00307056853691	0.00254643788099	0.00474382892147	-0.00474740006007	-0.00505497611378	0.000385123914882
13760	C341	C34.1 Upper lobe, bronchus or lung	13740	4	20	Chapter II	Y	Y	-0.00100624018954	-0.000150557188372	-0.000694668313851	-0.000113521365828	-0.00310753791001	0.00256794715524	0.00458950858131	-0.00471385464007	-0.00498551179528	0.000335332989832
13770	C342	C34.2 Middle lobe, bronchus or lung	13740	4	20	Chapter II	Y	Y	-0.000998387506403	-0.000189045497074	-0.0006997025712	-6.83528849279e-05	-0.00302343229874	0.00252498015033	0.00458163439148	-0.00479865008601	-0.00491087718131	0.000373465828934
13780	C343	C34.3 Lower lobe, bronchus or lung	13740	4	20	Chapter II	Y	Y	-0.000996072989653	-0.000130087453888	-0.000713418288982	-0.000120114172541	-0.00302838129794	0.00253991782281	0.00456969992056	-0.00462165767299	-0.00494104118493	0.000279869547195
13790	C348	C34.8 Overlapping lesion of bronchus and lung	13740	4	20	Chapter II	Y	Y	-0.000981412519071	-8.9183260734e-05	-0.000611499280008	-0.000148374288974	-0.00317487980894	0.00255374226256	0.00457494206597	-0.00467228513703	-0.00500214382358	0.000275756149748
13800	C349	C34.9 Bronchus or lung, unspecified	13740	4	20	Chapter II	Y	Y	-0.00104529722654	-0.000240511685362	-0.000795831557208	-0.000129324660496	-0.00305604203776	0.00259671786791	0.00478294299942	-0.00475581507253	-0.00513834841326	0.000337436755511
13810	C37	C37 Malignant neoplasm of thymus	460	3	20	Chapter II	Y	Y	0.00142633560341	0.0020412701214	-0.00026901285318	-0.00067311673048	0.00240815551643	-0.000574956623202	0.00116384264443	-0.0043690964785	0.000352039850589	2.75876476304e-05
13820	C38	C38 Malignant neoplasm of heart, mediastinum and pleura	460	3	20	Chapter II	Y	Y	-0.00162594996143	0.00438356573696	4.8659794109e-05	0.00506507569299	-0.00274144053064	-0.00254239231195	0.00123417574652	-0.00449869104959	-0.0012897625699	0.000315451775687
13830	C380	C38.0 Heart	13820	4	20	Chapter II	Y	Y	-0.00159409035939	0.00448690875089	5.71201382792e-06	0.0053558668007	-0.00279870981869	-0.0025488508883	0.00116185277048	-0.00454030165924	-0.00132409947119	0.000356002425973
13840	C381	C38.1 Anterior mediastinum	13820	4	20	Chapter II	Y	Y	-0.00165593113786	0.00445093704554	9.2839005917e-05	0.00504552210565	-0.00280806725563	-0.00265723280634	0.00132412683098	-0.0046275500759	-0.00132392394349	0.000242215634679
13850	C382	C38.2 Posterior mediastinum	13820	4	20	Chapter II	Y	Y	-0.00165463721053	0.0043988381883	3.2224000913e-05	0.0052037777699	-0.00280545222257	-0.00265187861623	0.00120566972543	-0.00454022970324	-0.00129476560604	0.000282502913885
13860	C383	C38.3 Mediastinum, part unspecified	13820	4	20	Chapter II	Y	Y	-0.00159521843441	0.00436503132249	8.33746515375e-05	0.00505870316103	-0.00282040540985	-0.00256933338071	0.00122296007843	-0.0045832213418	-0.00135682597771	0.000241205326941
13870	C384	C38.4 Pleura	13820	4	20	Chapter II	Y	Y	-0.00163963917147	0.00448563958432	4.31063785727e-05	0.00519632664095	-0.00273940544833	-0.00263180475055	0.0011754657303	-0.00454347652326	-0.00134499547792	0.000223065454637
13880	C388	C38.8 Overlapping lesion of heart, mediastinum and pleura	13820	4	20	Chapter II	Y	Y	-0.00166990997496	0.00445225162728	1.0579603608e-05	0.00518319126496	-0.00271048100508	-0.00263983876052	0.00118524883716	-0.00448750838542	-0.0012709088892	0.000285440588667
13890	C39	C39 Malignant neoplasm of other and ill-defined sites in the respiratory system and intrathoracic organs	460	3	20	Chapter II	Y	Y	0.00125466826391	0.00426964038142	0.00158067924808	-0.00038017383957	-0.00158272979984	0.000766411881778	0.00351815430904	-0.00680057093766	-0.00235931437082	-0.000496470584598
13900	C390	C39.0 Upper respiratory tract, part unspecified	13890	4	20	Chapter II	Y	Y	0.00121659356906	0.00414646771807	0.00144442276507	-0.000337609013147	-0.00174123994904	0.000791835287052	0.00349496169338	-0.00674290102912	-0.00234390722493	-0.000567171554144
13910	C398	C39.8 Overlapping lesion of respiratory and intrathoracic organs	13890	4	20	Chapter II	Y	Y	0.00117862171908	0.00424496147942	0.00157293866443	-0.000277060946318	-0.00167517857089	0.000814939501694	0.00341502172096	-0.00674106104659	-0.00244451198777	-0.000517984999206
13920	C399	C39.9 Ill-defined sites within the respiratory system	13890	4	20	Chapter II	Y	Y	0.00119497087816	0.00432264577274	0.00167823635311	-0.000293766270879	-0.00183191481205	0.000816504269697	0.00353382418479	-0.00682473075837	-0.00243595978233	-0.000506622999616
13930	C40	C40 Malignant neoplasm of bone and articular cartilage of limbs	470	3	20	Chapter II	Y	Y	-0.00242618335638	-0.000437211100979	0.000276360200117	0.00359720709662	-0.00712091268103	-0.000749518291351	0.00291664567012	-0.00130737316314	-7.95867312159e-05	-0.000174723519575
13940	C400	C40.0 Scapula and long bones of upper limb	13930	4	20	Chapter II	Y	Y	-0.00249827375131	-0.000515053715841	0.000287240578839	0.00366946519021	-0.00727403009084	-0.000836432489703	0.00297654215723	-0.00116123065445	-2.94352501716e-05	-0.000154767153683
13950	C401	C40.1 Short bones of upper limb	13930	4	20	Chapter II	Y	Y	-0.00251251889871	-0.00048617542056	0.000272193932747	0.00372630610008	-0.00735949396361	-0.000680529048974	0.00296408261869	-0.00129031970945	-0.000137908376122	-0.000253179296509
13960	C402	C40.2 Long bones of lower limb	13930	4	20	Chapter II	Y	Y	-0.00243406570713	-0.000553369911874	0.000264150202609	0.00367669763821	-0.00735551127004	-0.000742726093103	0.00291401621828	-0.00119027655732	-0.000101944605504	-0.000209338409943
13970	C403	C40.3 Short bones of lower limb	13930	4	20	Chapter II	Y	Y	-0.00249196912201	-0.000476585607777	0.000277371740188	0.00369410686391	-0.00730091860868	-0.000773361660091	0.00297224766279	-0.00128102373802	-6.9976539117e-05	-0.000193104754855
13980	C408	C40.8 Overlapping lesion of bone and articular cartilage of limbs	13930	4	20	Chapter II	Y	Y	-0.0024732571824	-0.000452451024918	0.000268616545947	0.00373327086979	-0.0073017378717	-0.000688921627502	0.00295446208443	-0.00131773487581	-0.000167682303713	-0.000243474321166
13990	C409	C40.9 Bone and articular cartilage of limb, unspecified	13930	4	20	Chapter II	Y	Y	-0.0025424199306	-0.000519976321392	0.000290861897258	0.00374396841891	-0.00724273312655	-0.000739889557174	0.00289579179789	-0.00118269814559	-8.78128539949e-05	-0.000263319460357
14000	C41	C41 Malignant neoplasm of bone and articular cartilage of other and unspecified sites	470	3	20	Chapter II	Y	Y	-0.000493941988096	0.00184755442742	0.000567457378609	0.00409698873783	-0.00209813554065	-0.00164257000758	0.0051526738125	-0.00454699306192	-0.00127020082148	0.00234566422215
14010	C410	C41.0 Bones of skull and face	14000	4	20	Chapter II	Y	Y	-0.000462744376354	0.00181660295967	0.000560138043751	0.00409224331482	-0.00209137004308	-0.00167776524093	0.00513766333339	-0.00460814444872	-0.00128399462757	0.00252106619361
14020	C411	C41.1 Mandible	14000	4	20	Chapter II	Y	Y	-0.000510229658577	0.00180627465092	0.000440505925041	0.00406121947114	-0.00206575364529	-0.00162430008429	0.00500432532361	-0.00449831883518	-0.00141256182595	0.00249403011801
14030	C412	C41.2 Vertebral column	14000	4	20	Chapter II	Y	Y	-0.000504982118447	0.00183650228098	0.000426701913928	0.00409737912084	-0.00209985450081	-0.00164688785832	0.00505078780336	-0.00454740168855	-0.00141006820041	0.00247755180411
14040	C413	C41.3 Ribs, sternum and clavicle	14000	4	20	Chapter II	Y	Y	-0.00050193087497	0.00180638030256	0.000436664078219	0.00409401794156	-0.00209579166484	-0.00163240293625	0.00503429599485	-0.00453214827097	-0.00140493952948	0.00250778987487
14050	C414	C41.4 Pelvic bones, sacrum and coccyx	14000	4	20	Chapter II	Y	Y	-0.000451092741013	0.0018949956509	0.000664676863199	0.00396854365492	-0.00219533702271	-0.00162605610544	0.00505084635367	-0.00461098092055	-0.00122018679916	0.00245333742886
14060	C418	C41.8 Overlapping lesion of bone and articular cartilage	14000	4	20	Chapter II	Y	Y	-0.000482512682704	0.00185601217147	0.000556758974507	0.00407392261946	-0.00214029261882	-0.00163558266946	0.00511257441541	-0.00462360640337	-0.00127892907605	0.00242760295397
14070	C419	C41.9 Bone and articular cartilage, unspecified	14000	4	20	Chapter II	Y	Y	-0.000415109235673	0.00189142662587	0.000649388219299	0.00398858721724	-0.00218028720133	-0.00162250399423	0.00508875474284	-0.00461507706096	-0.00126632380621	0.00245560016801
14080	C42	C42 hematopoietic and reticuloendothelial systems (ICD-O-3 specific)	470	3	20	Chapter II	Y	Y	0.00202854822701	0.00459631926419	-0.00175761473013	0.000735977609232	-0.00501376596773	0.0042375805646	0.000742591263425	-0.00328165320596	-0.000802621634796	-0.000213451384055
14090	C420	C42.0 hematopoietic and reticuloendothelial systems: blood (ICD-O-3 specific)	14080	4	20	Chapter II	Y	Y	0.00206241635344	0.00470733169698	-0.00183143438624	0.000728372572303	-0.00509398389291	0.00428761611397	0.00069860447069	-0.00317092437274	-0.000731315760392	-0.000195048675157
14100	C421	C42.1 hematopoietic and reticuloendothelial systems: bone marrow (ICD-O-3 specific)	14080	4	20	Chapter II	Y	Y	0.00271377313518	0.00462038321152	-0.0016753410012	-9.66227464401e-06	-0.00484297733621	0.00502972420437	0.000118160101243	-0.003647823522	-0.000487953784854	-0.000746816258074
14110	C422	C42.2 hematopoietic and reticuloendothelial systems: spleen (ICD-O-3 specific)	14080	4	20	Chapter II	Y	Y	0.00191587394624	0.0046999689239	-0.00176904091385	0.0007532280094	-0.00509023916773	0.00415607543697	0.000790853629759	-0.00309367878857	-0.000753668422732	-0.000218940707141
14120	C423	C42.3 hematopoietic and reticuloendothelial systems: Reticuloendothelial system, NOS (ICD-O-3 specific)	14080	4	20	Chapter II	Y	Y	0.00201796680156	0.00472311020842	-0.00192528752819	0.000785146533992	-0.00508937621064	0.00427288797513	0.000740056415399	-0.00317277823492	-0.000782860162708	-0.000179981146728
14130	C424	C42.4 hematopoietic and reticuloendothelial systems: Hematopoietic system, NOS  (ICD-O-3 specific)	14080	4	20	Chapter II	Y	Y	0.00198982573126	0.00485400916167	-0.00188856839516	0.000882912700699	-0.00526105322782	0.00420735203458	0.000830324631228	-0.00323322223965	-0.000854110107837	-0.000219690276175
14140	C43	C43 Malignant melanoma of skin	480	3	20	Chapter II	Y	Y	0.00012602048279	0.0010817037986	0.00255686159479	0.000371187637288	-0.00333504339617	-0.00342848421154	0.00356784704327	-0.00427097004723	-0.00164311187723	-0.00383649138334
14150	C430	C43.0 Malignant melanoma of lip	14140	4	20	Chapter II	Y	Y	3.00885872011e-05	0.00111253553001	0.00258812892744	0.000406499190988	-0.00336008853625	-0.00342905313029	0.00359346206916	-0.00425234515474	-0.00167042452312	-0.00387018411138
14160	C431	C43.1 Malignant melanoma of eyelid, including canthus	14140	4	20	Chapter II	Y	Y	0.000132643010312	0.00109608939424	0.00248370732308	0.000307160958713	-0.00355342197997	-0.00336955220904	0.00358399129426	-0.00446000236885	-0.00176074334896	-0.00395237634389
14170	C432	C43.2 Malignant melanoma of ear and external auricular canal	14140	4	20	Chapter II	Y	Y	1.41229273226e-05	0.00122862217619	0.00260000700711	0.000411141581524	-0.00332871099466	-0.00336865724075	0.00367485139092	-0.00430805985365	-0.0018563767333	-0.00379189259138
14180	C433	C43.3 Malignant melanoma of other and unspecified parts of face	14140	4	20	Chapter II	Y	Y	7.19932444935e-05	0.00108442753368	0.00252861446319	0.000388240583485	-0.00338518233594	-0.00335762447155	0.00366465600582	-0.00435199408088	-0.00183930141584	-0.00392154464824
14190	C434	C43.4 Malignant melanoma of scalp and neck	14140	4	20	Chapter II	Y	Y	0.000122908773512	0.00107702831497	0.00250301472114	0.000322260949102	-0.00339033039299	-0.00334674051553	0.00353503444141	-0.00431601887724	-0.00171474691205	-0.0038244184461
14200	C435	C43.5 Malignant melanoma of trunk	14140	4	20	Chapter II	Y	Y	8.47127579528e-06	0.00122976002606	0.00254548176719	0.000407241103223	-0.0034726031782	-0.00332024681714	0.00363399218262	-0.00435701723287	-0.00184696432695	-0.0038579395015
14210	C436	C43.6 Malignant melanoma of upper limb, including shoulder	14140	4	20	Chapter II	Y	Y	3.16452480671e-05	0.00121132233676	0.00261121390963	0.000395381401101	-0.0033675428193	-0.0033754046619	0.00366444618036	-0.00432020385013	-0.00183814225895	-0.00379721651996
14220	C437	C43.7 Malignant melanoma of lower limb, including hip	14140	4	20	Chapter II	Y	Y	0.000136573106093	0.00115124582513	0.00257037424168	0.000315353785845	-0.00340618718763	-0.00355925460216	0.00356994818373	-0.00437560376771	-0.00175566606564	-0.00399499531951
14230	C438	C43.8 Overlapping malignant melanoma of skin	14140	4	20	Chapter II	Y	Y	0.000102294820068	0.0010444480436	0.00246264515598	0.000364150896047	-0.00342428114702	-0.0033789553987	0.00363498876779	-0.00436795865055	-0.00175867511011	-0.00393969386792
14240	C439	C43.9 Malignant melanoma of skin, unspecified	14140	4	20	Chapter II	Y	Y	5.91314584335e-05	0.00118442508533	0.00259928028226	0.00039031787665	-0.00344273788982	-0.00339247959129	0.00362218612572	-0.00434250811445	-0.00179207566577	-0.00389356844499
14250	C44	C44 Other malignant neoplasms of skin	480	3	20	Chapter II	Y	Y	-0.00174500877433	0.00478893703422	-0.00379802025741	0.000511136301582	-0.00494878883014	0.000298726127549	0.000938732406354	-0.00263925840544	0.00106926881361	0.00146472328779
14260	C440	C44.0 Skin of lip	14250	4	20	Chapter II	Y	Y	-0.00182323382025	0.00512600229777	-0.00392830830882	0.000584244148199	-0.00497821147439	0.000302892160392	0.00108357327926	-0.00298479117481	0.00101452626075	0.00143304923525
14270	C441	C44.1 Skin of eyelid, including canthus	14250	4	20	Chapter II	Y	Y	-0.00184183414551	0.00498965383233	-0.00403124540092	0.000571535329381	-0.00489130419437	0.000377047517464	0.000920052262563	-0.00279017771024	0.00113503236126	0.00148046692905
14280	C442	C44.2 Skin of ear and external auricular canal	14250	4	20	Chapter II	Y	Y	-0.00183036450083	0.00508282911945	-0.00390018544277	0.000638488991035	-0.00492761883793	0.000289575975731	0.00105713627196	-0.00299533132218	0.000995704141299	0.00140343358519
14290	C443	C44.3 Skin of other and unspecified parts of face	14250	4	20	Chapter II	Y	Y	-0.00183906865074	0.00517554683242	-0.00394882645722	0.000621382361266	-0.00496699793918	0.000285504920534	0.00111836932534	-0.00300655732606	0.00101076748064	0.00143621882447
14300	C444	C44.4 Skin of scalp and neck	14250	4	20	Chapter II	Y	Y	-0.00179391819899	0.00502115509499	-0.00405528088207	0.000577730719906	-0.00490100299415	0.000400867103173	0.000877193524121	-0.00272758008823	0.00110726945799	0.00148655904563
14310	C445	C44.5 Skin of trunk	14250	4	20	Chapter II	Y	Y	-0.00182104146207	0.00512379993727	-0.00390298030292	0.000624479395951	-0.00497938545927	0.000294124481947	0.00111918394447	-0.00303137616385	0.000973355893317	0.00141727549989
14320	C446	C44.6 Skin of upper limb, including shoulder	14250	4	20	Chapter II	Y	Y	-0.00173870018872	0.00500863922362	-0.00386581694646	0.000652660105118	-0.00503155632534	0.000410040054246	0.00100265566562	-0.00285237485735	0.00106336768996	0.00142885667779
14330	C447	C44.7 Skin of lower limb, including hip	14250	4	20	Chapter II	Y	Y	-0.00181750713433	0.00507763010064	-0.00394953653829	0.000625334616375	-0.00493898530112	0.000325027337212	0.00101040630822	-0.00294066007446	0.0010058500964	0.00143113520905
14340	C448	C44.8 Overlapping lesion of skin	14250	4	20	Chapter II	Y	Y	-0.00181779483643	0.00512732177489	-0.0039793568216	0.000629673399102	-0.00502377549485	0.000261704039983	0.00106912759293	-0.00285338047883	0.00112260547312	0.00152115762094
14350	C449	C44.9 Malignant neoplasm of skin, unspecified	14250	4	20	Chapter II	Y	Y	-0.00181492183928	0.00508345185393	-0.00396193662107	0.000621733183431	-0.0050148502312	0.000306219088384	0.00103770354728	-0.00289090784195	0.00110405046903	0.00146809611139
14360	C45	C45 Mesothelioma	490	3	20	Chapter II	Y	Y	0.000926045698579	0.00166705737383	0.00255211161372	0.00514243472482	-0.00305422232385	0.00117569443395	0.0026879647038	-0.00498492483047	-0.0022816144672	-0.00138017723359
14370	C450	C45.0 Mesothelioma of pleura	14360	4	20	Chapter II	Y	Y	0.000949976338201	0.00154059915867	0.00254484239158	0.00518311183731	-0.00294606468744	0.00117632486124	0.00273634205942	-0.00497412190733	-0.00225698358041	-0.00138405364192
14380	C451	C45.1 Mesothelioma of peritoneum	14360	4	20	Chapter II	Y	Y	0.000912690433255	0.0016240452453	0.00251767739777	0.00512767868149	-0.00299409726712	0.0011799173889	0.00266369328537	-0.00499315345228	-0.00229387400334	-0.00133716180501
14390	C452	C45.2 Mesothelioma of pericardium	14360	4	20	Chapter II	Y	Y	0.000848218637767	0.00172317432257	0.00258705707428	0.00521587446853	-0.00306380861834	0.00120104633168	0.00258994574809	-0.00511071216474	-0.00231605071041	-0.00140966291021
14400	C457	C45.7 Mesothelioma of other sites	14360	4	20	Chapter II	Y	Y	0.000907127166151	0.00166264758739	0.00250665226096	0.0051105248128	-0.00299944828745	0.00120849926805	0.00265310672885	-0.00501787717498	-0.00229431365572	-0.00132363298095
14410	C459	C45.9 Mesothelioma, unspecified	14360	4	20	Chapter II	Y	Y	0.000907965508796	0.00168243436501	0.00250608116303	0.00509692016441	-0.00308458098716	0.00122318702588	0.00265998907361	-0.00504470386623	-0.0023103759659	-0.00131798324906
14420	C46	C46 Kaposi's sarcoma	490	3	20	Chapter II	Y	Y	0.00118340056802	0.00307935929132	0.0038272699104	0.0029579895475	-0.00396981835507	0.00169748672344	-0.00145462663239	-0.00540746603869	-0.000739226912833	0.000153643268649
14430	C460	C46.0 Kaposi's sarcoma of skin	14420	4	20	Chapter II	Y	Y	-0.00140673457522	0.00390054192928	0.00394314797174	0.00172165956192	-0.0028209032195	-0.000591387639445	-0.00130281343628	-0.00535620209763	-0.00012019148415	-0.00135621886953
14440	C461	C46.1 Kaposi's sarcoma of soft tissue	14420	4	20	Chapter II	Y	Y	0.00107902891863	0.00317217617856	0.00386726596054	0.00295440015528	-0.00397579833084	0.0016388377867	-0.00147162829303	-0.0054751032049	-0.00074732702022	9.04755063372e-05
14450	C462	C46.2 Kaposi's sarcoma of palate	14420	4	20	Chapter II	Y	Y	0.00126973658725	0.00317265073321	0.00382852744688	0.00304273522207	-0.00407295485214	0.00187211559877	-0.00138940731856	-0.00551749088637	-0.000879905911095	0.000109573582721
14460	C463	C46.3 Kaposi's sarcoma of lymph nodes	14420	4	20	Chapter II	Y	Y	0.00120485259676	0.00310497383608	0.00389947941642	0.00304147650404	-0.0040207118998	0.00170120524657	-0.00155147359376	-0.00548437677693	-0.000729291159976	0.000169526022836
14470	C467	C46.7 Kaposi's sarcoma of other sites	14420	4	20	Chapter II	Y	Y	0.00123476757795	0.00316113734987	0.00382793494365	0.00302388502749	-0.00404033560039	0.00182202447977	-0.00140364603586	-0.00548013533051	-0.000871669291244	0.000120258588561
14480	C468	C46.8 Kaposi's sarcoma of multiple organs	14420	4	20	Chapter II	Y	Y	0.00122267235769	0.00313200285835	0.00384352702934	0.00311324273795	-0.00412396640108	0.00182998262888	-0.0013892885959	-0.00547421277157	-0.000872402903776	0.000193877588647
14490	C469	C46.9 Kaposi's sarcoma, unspecified	14420	4	20	Chapter II	Y	Y	0.00126050494322	0.00321061243404	0.0038690038063	0.00313359288499	-0.00410855601615	0.0019384324614	-0.00143699621801	-0.00551515734668	-0.000865741638485	0.000219021280613
14500	C47	C47 Malignant neoplasm of peripheral nerves and autonomic nervous system	490	3	20	Chapter II	Y	Y	-0.000649820712708	0.00225455225554	-0.0011760904236	0.00250903341828	-0.00621800108583	0.00317106879435	-0.00254841561781	-0.00180945107556	0.000803270836003	0.00250136200937
14510	C470	C47.0 Peripheral nerves of head, face and neck	14500	4	20	Chapter II	Y	Y	-0.000597229886025	0.00237080317147	-0.00112004927717	0.00251229229131	-0.00628127351755	0.00318310677363	-0.00261369919849	-0.00183210715138	0.000796146568574	0.00256485909329
14520	C471	C47.1 Peripheral nerves of upper limb, including shoulder	14500	4	20	Chapter II	Y	Y	-0.000693317777603	0.00229531306218	-0.00124655134493	0.00253933965609	-0.006267323763	0.00325546064044	-0.00269266590982	-0.00175688045676	0.000968449292372	0.00263789619073
14530	C472	C47.2 Peripheral nerves of lower limb, including hip	14500	4	20	Chapter II	Y	Y	-0.00064719493061	0.00242947270765	-0.00112624541793	0.00253745523512	-0.00640036133347	0.00325047189615	-0.00245517543183	-0.00184143802064	0.000723254134255	0.0025242438406
14540	C473	C47.3 Peripheral nerves of thorax	14500	4	20	Chapter II	Y	Y	-0.000628251493744	0.00231775409201	-0.00109873716743	0.00251350212992	-0.00632741529632	0.00324498580463	-0.00258534800721	-0.0018895257262	0.000760205034564	0.00250463515873
14550	C474	C47.4 Peripheral nerves of abdomen	14500	4	20	Chapter II	Y	Y	-0.000699984346763	0.00226075330949	-0.00128664504549	0.00255930381982	-0.0062729390819	0.00325745398495	-0.00277693797381	-0.00172761704897	0.000965484570882	0.00263766569398
14560	C475	C47.5 Peripheral nerves of pelvis	14500	4	20	Chapter II	Y	Y	-0.000717955306134	0.0023385002611	-0.00117278964852	0.00270296059875	-0.00632650741896	0.00327023001838	-0.0026268011093	-0.00191832612762	0.000794229666798	0.00255152193423
14570	C476	C47.6 Peripheral nerves of trunk, unspecified	14500	4	20	Chapter II	Y	Y	-0.000639609237602	0.00228861618717	-0.00116145405678	0.00257781978656	-0.00622315821944	0.00323946866682	-0.0026202639838	-0.00187358500845	0.000852505695661	0.00257548415946
14580	C478	C47.8 Overlapping lesion of peripheral nerves and autonomic nervous system	14500	4	20	Chapter II	Y	Y	-0.000649028624119	0.00236381468529	-0.00121644405267	0.00254096227562	-0.00636158851595	0.00323663534246	-0.00258170417669	-0.00178190862852	0.000820031629766	0.00258167697032
14590	C479	C47.9 Peripheral nerves and autonomic nervous system, unspecified	14500	4	20	Chapter II	Y	Y	-0.000677991797426	0.00235679795127	-0.00119279096808	0.00254917393143	-0.00637798101268	0.00326762564883	-0.00254041175929	-0.00180753172484	0.000810225540071	0.00256258451698
14600	C48	C48 Malignant neoplasm of retroperitoneum and peritoneum	490	3	20	Chapter II	Y	Y	0.00122078236314	0.00166349522511	0.00208034345083	0.00348994714312	-0.00519021815637	0.00236370994835	0.000361750884562	-0.00421980318142	-0.00258233896033	-0.00226882658748
14610	C480	C48.0 Retroperitoneum	14600	4	20	Chapter II	Y	Y	0.00129453207152	0.00167748900514	0.00211257191978	0.00374378625901	-0.00554991301389	0.00256212701824	0.000222834913076	-0.00428328879651	-0.00273708642836	-0.00262333078013
14620	C481	C48.1 Specified parts of peritoneum	14600	4	20	Chapter II	Y	Y	0.00129249305543	0.00169551049395	0.00227058491743	0.00371088131597	-0.0052828529158	0.00232114525669	0.000217318104491	-0.00413412559422	-0.00269914742033	-0.00250214174027
14630	C482	C48.2 Peritoneum, unspecified	14600	4	20	Chapter II	Y	Y	0.00132793586791	0.00162663667525	0.0022014447006	0.0036684975666	-0.0053787248472	0.0024300410339	0.000232661010662	-0.00416613416969	-0.00265843382993	-0.00253803349698
14640	C488	C48.8 Overlapping lesion of retroperitoneum and peritoneum	14600	4	20	Chapter II	Y	Y	0.00127676883818	0.00164583236011	0.00217831467521	0.00370582599429	-0.00536846247221	0.00237948115646	0.000199238986212	-0.00407163957572	-0.00266642448469	-0.00259896243223
14650	C49	C49 Malignant neoplasm of other connective and soft tissue	490	3	20	Chapter II	Y	Y	0.00034399248232	0.000625819574998	0.00103682422736	0.00512276585483	-0.00220512610997	0.00224846758894	0.00218201301789	-0.00502599644762	-0.00340257299355	0.000733724733111
14660	C490	C49.0 Connective and soft tissue of head, face and neck	14650	4	20	Chapter II	Y	Y	0.000361103047044	0.000693518603037	0.00107902367774	0.00518248992233	-0.00229487867959	0.00222124096402	0.00209049062403	-0.00501911271555	-0.00344142070815	0.000675304564876
14670	C491	C49.1 Connective and soft tissue of upper limb, including shoulder	14650	4	20	Chapter II	Y	Y	0.000356387221048	0.000632686028055	0.00107769226629	0.00521100664336	-0.00224173477088	0.00225799326255	0.00213708465451	-0.00501339941098	-0.0033784604299	0.000681374209754
14680	C492	C49.2 Connective and soft tissue of lower limb, including hip	14650	4	20	Chapter II	Y	Y	0.000396323934028	0.000634488015591	0.00114786856829	0.00524627060059	-0.00236232108066	0.00229431027318	0.00218517429527	-0.00510991796271	-0.00348911693755	0.000624167273221
14690	C493	C49.3 Connective and soft tissue of thorax	14650	4	20	Chapter II	Y	Y	0.000386359232097	0.000571699699974	0.00104856942684	0.00508290306823	-0.00227977339712	0.00221430383021	0.00211065222028	-0.00497785042968	-0.00333730422173	0.000652077755256
14700	C494	C49.4 Connective and soft tissue of abdomen	14650	4	20	Chapter II	Y	Y	0.000405933931721	0.00058124452223	0.001101808484	0.00524988449887	-0.00237533978833	0.00227682266434	0.00215484307314	-0.00513686430254	-0.00342627264673	0.000631403013659
14710	C495	C49.5 Connective and soft tissue of pelvis	14650	4	20	Chapter II	Y	Y	0.000341953078038	0.000732661361389	0.00114736398972	0.00546151637884	-0.00224299038075	0.00234294655584	0.00213242463323	-0.00504642394686	-0.00356638013088	0.000769223581144
14720	C496	C49.6 Connective and soft tissue of trunk, unspecified	14650	4	20	Chapter II	Y	Y	0.000381035176106	0.000598404045048	0.001162342695	0.00519059208913	-0.00234990281711	0.00234859577276	0.00219956514614	-0.0050113206947	-0.0034280935747	0.000670360602059
14730	C498	C49.8 Overlapping lesion of connective and soft tissue	14650	4	20	Chapter II	Y	Y	0.000348798977252	0.00077825266646	0.00110298599809	0.00528778025547	-0.00233180768394	0.00227322996813	0.00216784931609	-0.00506615408533	-0.00347707949798	0.000665569230404
14740	C499	C49.9 Connective and soft tissue, unspecified	14650	4	20	Chapter II	Y	Y	0.000397906882655	0.000656316194542	0.00115282997344	0.00521842419194	-0.00241296813033	0.00228096053371	0.00217393419002	-0.00513292518446	-0.00348186731487	0.000575754707546
14750	C50	C50 Malignant neoplasm of breast	500	3	20	Chapter II	Y	Y	0.00323775327374	0.0029111942944	9.28998089308e-05	0.000856978217839	-0.00492034229424	0.00078367034923	0.000859945181546	-0.00323808175763	-0.00152455805177	-0.00132409755401
14760	C500	C50.0 Nipple and areola	14750	4	20	Chapter II	Y	Y	0.00339843506309	0.00306659267397	0.000156594664417	0.000973405473605	-0.00510140684102	0.000861060562203	0.000869325886302	-0.00325102217136	-0.00149052899209	-0.00129984541242
14770	C501	C50.1 Central portion of breast	14750	4	20	Chapter II	Y	Y	0.00329565419478	0.00296054894783	0.00014176079817	0.000894584676248	-0.00505645098668	0.000820035065292	0.000826277366823	-0.00322215387011	-0.00160143243979	-0.00132788442305
14780	C502	C50.2 Upper-inner quadrant of breast	14750	4	20	Chapter II	Y	Y	0.00307394552236	0.0022223947993	0.00109943718214	0.000806842593346	-0.00474204425874	-0.000114607045329	0.000799559293468	-0.00280327402116	-0.000806817439089	-7.33179328814e-05
14790	C503	C50.3 Lower-inner quadrant of breast	14750	4	20	Chapter II	Y	Y	0.00342890216017	0.00300411504321	6.97013652832e-05	0.000913333242319	-0.00518940576755	0.000902403046117	0.000801963237902	-0.00324365240379	-0.00152749304086	-0.00136135334611
14800	C504	C50.4 Upper-outer quadrant of breast	14750	4	20	Chapter II	Y	Y	0.00331808706111	0.00285301449334	0.000187019419457	0.000955445918186	-0.00489779960569	0.000724851876786	0.000862000564632	-0.00307913846592	-0.0015341659688	-0.00128485459962
14810	C505	C50.5 Lower-outer quadrant of breast	14750	4	20	Chapter II	Y	Y	0.00339486668655	0.00304266863215	0.000163970330149	0.000985566564321	-0.00512195742487	0.000860991069671	0.000874313169305	-0.0032643706497	-0.00148284002424	-0.00127918948574
14820	C506	C50.6 Axillary tail of breast	14750	4	20	Chapter II	Y	Y	0.0033318950707	0.00290769506521	0.000113191916821	0.000928264654063	-0.00502493176188	0.00080017797686	0.000798217063738	-0.00313971712308	-0.00152415343435	-0.00129247454042
14830	C508	C50.8 Overlapping lesion of breast	14750	4	20	Chapter II	Y	Y	0.00337597156718	0.00296127352961	0.000118510252698	0.00091437808952	-0.00511010507887	0.000826638251867	0.00079552484334	-0.00316292729846	-0.0015598845869	-0.00134652285013
14840	C509	C50.9 Breast, unspecified	14750	4	20	Chapter II	Y	Y	0.00346200432005	0.00305710481012	1.75564216091e-05	0.000864681112842	-0.00502484694167	0.000821914889687	0.000830404384341	-0.00320574772296	-0.00158823659994	-0.00144224447483
14850	C51	C51 Malignant neoplasm of vulva	510	3	20	Chapter II	Y	Y	0.00164865731427	0.00295950213237	-0.000980872328583	0.00330791996364	-0.00668881395866	0.00333195504538	-0.000136557814461	-0.00261748669084	0.000322078298237	-0.00109144033653
14860	C510	C51.0 Labium majus	14850	4	20	Chapter II	Y	Y	0.00161178521628	0.00305815751142	-0.000909956788717	0.00327891634785	-0.00670503513533	0.00326284264694	-7.98693390572e-05	-0.00270689224999	0.000262350347459	-0.00118234567578
14870	C511	C51.1 Labium minus	14850	4	20	Chapter II	Y	Y	0.00158463189029	0.00313490283201	-0.000987347944517	0.0034097658672	-0.006719157974	0.00338426865922	-0.000121426833445	-0.00270150345074	0.000335408048821	-0.00116774223284
14880	C512	C51.2 Clitoris	14850	4	20	Chapter II	Y	Y	0.00168845583095	0.00306018318111	-0.000918032349604	0.00336937286548	-0.00683701673437	0.00329490726291	-6.99067406319e-05	-0.0026621264394	0.000267936000569	-0.00118043101842
14890	C518	C51.8 Overlapping lesion of vulva	14850	4	20	Chapter II	Y	Y	0.00159891935075	0.00306080645011	-0.000984993183784	0.00329412466793	-0.00664859470854	0.0033248371645	-0.000150109273567	-0.0026603923089	0.000398158934284	-0.00104266995787
14900	C519	C51.9 Vulva, unspecified	14850	4	20	Chapter II	Y	Y	0.00150255135605	0.00318937569969	-0.000919477898954	0.00337984739088	-0.00653077550293	0.00333457266865	-0.000144605732523	-0.00261224570525	0.000408619294873	-0.0011432722134
14910	C52	C52 Malignant neoplasm of vagina	510	3	20	Chapter II	Y	Y	0.000406287932501	0.00248690997236	-0.000651816113391	0.00173784164559	-0.00251117988816	0.00289817131825	0.00067050779949	-0.0042508103327	-0.0014136443272	-0.00333883706145
14920	C53	C53 Malignant neoplasm of cervix uteri	510	3	20	Chapter II	Y	Y	-0.00157304016793	0.00345740964831	0.00102553033889	0.000644351110997	-0.00318835079147	0.00340322082855	0.00147846955201	-0.00613824219332	-0.000669498875546	-0.00282678883385
14930	C530	C53.0 Endocervix	14920	4	20	Chapter II	Y	Y	-0.00158374584904	0.00355251637727	0.00100214094114	0.000691811218985	-0.00325812566823	0.00354398273118	0.00151941465718	-0.00626752162105	-0.000681927504204	-0.00293348955487
14940	C531	C53.1 Exocervix	14920	4	20	Chapter II	Y	Y	-0.00154798328	0.00357117163831	0.00100114886827	0.000743040362994	-0.00322555842865	0.00358684590738	0.00150893539922	-0.00632859115424	-0.000679831525304	-0.00303483230897
14950	C538	C53.8 Overlapping lesion of cervix uteri	14920	4	20	Chapter II	Y	Y	-0.00148584099761	0.0036138628401	0.000988670908109	0.000805611632186	-0.00331613489603	0.00361810903246	0.00152857641394	-0.0063009606206	-0.000758560269468	-0.0030744599061
14960	C539	C53.9 Cervix uteri, unspecified	14920	4	20	Chapter II	Y	Y	-0.00151214696595	0.00359337103686	0.000992665664937	0.000759420585209	-0.00321960735516	0.00363440934202	0.00151703809281	-0.00633559601658	-0.000669917436811	-0.0030853857795
14970	C54	C54 Malignant neoplasm of corpus uteri	510	3	20	Chapter II	Y	Y	0.00203234060311	0.00456808631532	-0.00168438411018	0.00250881052455	-0.00161879063163	0.00210611992759	0.002146362829	-0.00530569058705	-0.00296947222971	0.000567771692717
14980	C540	C54.0 Isthmus uteri	14970	4	20	Chapter II	Y	Y	0.0020127700996	0.00461264037132	-0.0017492722108	0.00251892531508	-0.00165904062577	0.00225560414618	0.00213463447962	-0.00548621370031	-0.00305668108098	0.000399983951323
14990	C541	C54.1 Endometrium	14970	4	20	Chapter II	Y	Y	0.0020645470707	0.00463364112914	-0.00168452155831	0.00260994074602	-0.00169954099651	0.00212214998586	0.002133796615	-0.00545866278761	-0.00297442532216	0.000549143817802
15000	C542	C54.2 Myometrium	14970	4	20	Chapter II	Y	Y	0.00203264934463	0.00454948263134	-0.00166219193564	0.00249827891959	-0.00161051004417	0.0020745221272	0.00215520182521	-0.00530145994338	-0.00294207067787	0.000596705784072
15010	C543	C54.3 Fundus uteri	14970	4	20	Chapter II	Y	Y	0.00200971851995	0.00451838426777	-0.00171629709343	0.00255968965357	-0.00150561494512	0.00210075943494	0.00216062767628	-0.00540216121625	-0.00298645748565	0.000440690422804
15020	C548	C54.8 Overlapping lesion of corpus uteri	14970	4	20	Chapter II	Y	Y	0.00211960274154	0.00479965375273	-0.00179459486702	0.00255509005955	-0.00161421780753	0.00235664931389	0.00219661543668	-0.00541305620651	-0.00319553312373	0.000433436755428
15030	C549	C54.9 Corpus uteri, unspecified	14970	4	20	Chapter II	Y	Y	0.00206673837928	0.00464356194715	-0.00172421113204	0.00258379217788	-0.00162936750553	0.00216562772277	0.00215794867074	-0.00543824430314	-0.00303566897227	0.000520701911498
15040	C55	C55 Malignant neoplasm of uterus, part unspecified	510	3	20	Chapter II	Y	Y	0.000402412411812	0.0025537694172	-0.000631019897357	0.00170896939929	-0.00260181331314	0.00280596173281	0.00078736256408	-0.00432656806468	-0.00151790174566	-0.00310400887441
15050	C56	C56 Malignant neoplasm of ovary	510	3	20	Chapter II	Y	Y	0.000539953707903	0.00242931696562	-0.000870351307108	0.00189701504434	-0.00230811334801	0.00308819331418	0.000377721534831	-0.00412313975694	-0.00118094685638	-0.00350725496649
15060	C57	C57 Malignant neoplasm of other and unspecified female genital organs	510	3	20	Chapter II	Y	Y	-0.000300712565067	-0.000809534578745	-0.001472072781	0.000651357665435	-0.00459705415898	-0.00209663277966	0.00409839146178	-0.00238937868121	-0.00521385569802	-0.000848364736085
15070	C570	C57.0 Fallopian tube	15060	4	20	Chapter II	Y	Y	-0.000294000158636	-0.000757586824938	-0.00148686346047	0.000746083325806	-0.00465554137327	-0.00210038747974	0.00421673870066	-0.00237923600063	-0.00547112731686	-0.000903539065828
15080	C571	C57.1 Broad ligament	15060	4	20	Chapter II	Y	Y	-0.000289159632327	-0.0006855649594	-0.00143811049928	0.00071051389937	-0.00463056812525	-0.00196791212127	0.00404252560913	-0.00259237655682	-0.0052319533712	-0.00102780005322
15090	C572	C57.2 Round ligament	15060	4	20	Chapter II	Y	Y	-0.000249201272613	-0.000763982489478	-0.00151771863895	0.000774408146854	-0.00468284656768	-0.00203693240472	0.00411415887871	-0.00252499169991	-0.00535632067051	-0.000944447772149
15100	C573	C57.3 Parametrium	15060	4	20	Chapter II	Y	Y	-0.000276500325921	-0.000709307723771	-0.00146733884141	0.000697464067174	-0.00461994931724	-0.00206209895579	0.00417440271563	-0.00237207142558	-0.00540911188815	-0.000901925579421
15110	C574	C57.4 Uterine adnexa, unspecified	15060	4	20	Chapter II	Y	Y	-0.000302536569873	-0.000845962020571	-0.00151709064476	0.000640442448226	-0.0046930817918	-0.00216292683847	0.00417375013674	-0.00248123476226	-0.00533402136391	-0.000926301171709
15120	C577	C57.7 Other specified female genital organs	15060	4	20	Chapter II	Y	Y	-0.000311735865135	-0.000736355344855	-0.00148437640186	0.00075968596871	-0.00472870473055	-0.00202052773828	0.00424623413872	-0.00253853682798	-0.00547663260955	-0.000994275688197
15130	C578	C57.8 Overlapping lesion of female genital organs	15060	4	20	Chapter II	Y	Y	-0.000270183765325	-0.000704731515756	-0.00146647119843	0.000756615602283	-0.00460204607557	-0.00205536003652	0.00422949348705	-0.00233051816448	-0.00550383060789	-0.000885938515634
15140	C579	C57.9 Female genital organ, unspecified	15060	4	20	Chapter II	Y	Y	-0.000285977338774	-0.000744791160801	-0.00148887010831	0.000756839848311	-0.00463259032935	-0.00202188517396	0.00409259854923	-0.00253709306074	-0.00528084789937	-0.000940784350926
15150	C58	C58 Malignant neoplasm of placenta	510	3	20	Chapter II	Y	Y	0.00046785565361	0.00250507166982	-0.000695981948342	0.00175279434333	-0.00257683455633	0.0027978430709	0.00077210919557	-0.00434961181994	-0.00143977514991	-0.00318043390005
15160	C60	C60 Malignant neoplasm of penis	520	3	20	Chapter II	Y	Y	0.00452409270289	4.63842677287e-05	0.00326732597843	0.00248766475486	-0.00357576674658	-0.00053297493469	0.00321939794526	-0.00386214201785	-0.00286370361805	0.000766389591986
15170	C600	C60.0 Prepuce	15160	4	20	Chapter II	Y	Y	0.00447454989393	0.000121126875063	0.00319476219933	0.00251558609951	-0.00373735311706	-0.000476207749936	0.00324279914445	-0.00400184400891	-0.00295211210704	0.000709760642105
15180	C601	C60.1 Glans penis	15160	4	20	Chapter II	Y	Y	0.00438593194568	0.000152569066061	0.0032355239697	0.00244901169059	-0.00352861832349	-0.000446655135961	0.0033135540491	-0.00391252720352	-0.00291870249394	0.000742039771372
15190	C602	C60.2 Body of penis	15160	4	20	Chapter II	Y	Y	0.00451124870173	0.000104034476184	0.00329860991822	0.00247821521709	-0.0035516907539	-0.000453345323408	0.00333333218657	-0.0038713029951	-0.00292413112712	0.000766222736035
15200	C608	C60.8 Overlapping lesion of penis	15160	4	20	Chapter II	Y	Y	0.00447518637887	7.36945818514e-05	0.00322837140032	0.00246285966093	-0.00362300679107	-0.000581877750515	0.00316172699387	-0.00389916091923	-0.002867346861	0.000671647121666
15210	C609	C60.9 Penis, unspecified	15160	4	20	Chapter II	Y	Y	0.00433566930949	7.59071771053e-05	0.0033420936306	0.00250095707164	-0.0033903348424	-0.000583435356172	0.00323283525369	-0.00391320552932	-0.00295415034989	0.00062566983403
15220	C61	C61 Malignant neoplasm of prostate	520	3	20	Chapter II	Y	Y	-0.000462442699827	-0.000916934957958	0.000547150082384	0.000892736495233	-0.00149422467199	-0.000638231942264	0.000206924587211	-0.00344945014058	-0.000894118583091	-0.000551368813119
15230	C62	C62 Malignant neoplasm of testis	520	3	20	Chapter II	Y	Y	-0.0026724456938	0.000162229238414	0.00450604790857	0.00117715260611	-0.00457764903304	-0.00117571044524	0.0010630362324	-0.00469837228033	-0.00351029734912	0.00027771513735
15240	C620	C62.0 Undescended testis	15230	4	20	Chapter II	Y	Y	-0.00270548901961	0.000214213172101	0.0045108118182	0.00118324999381	-0.00457853431793	-0.00116996956163	0.00100638642548	-0.00459385133731	-0.00349449007269	0.000333087082787
15250	C621	C62.1 Descended testis	15230	4	20	Chapter II	Y	Y	-0.00271911640794	0.000178206353638	0.00464088693557	0.00116887467287	-0.00467720675071	-0.00116243030808	0.00106854222082	-0.00472325210024	-0.00357385606613	0.000298245024435
15260	C629	C62.9 Testis, unspecified	15230	4	20	Chapter II	Y	Y	-0.00266456827903	0.000354894431036	0.00450540262558	0.00126751943936	-0.00460462615262	-0.00114130431717	0.00113484732577	-0.00477904527406	-0.0035989794224	0.000245846390631
15270	C63	C63 Malignant neoplasm of other and unspecified male genital organs	520	3	20	Chapter II	Y	Y	-0.00378015823451	0.00265979219591	-0.00209314357071	0.000513122558374	-0.00351819878948	0.00180841026483	0.000592150059513	-0.00473905755102	-0.00308097448016	-0.00262430239584
15280	C630	C63.0 Epididymis	15270	4	20	Chapter II	Y	Y	-0.00387503173789	0.0027603950833	-0.00225325150158	0.000537536841493	-0.00348463502251	0.00190933115387	0.000492842121794	-0.00467884907583	-0.00307615274743	-0.00275543493504
15290	C631	C63.1 Spermatic cord	15270	4	20	Chapter II	Y	Y	-0.00399281700876	0.0028306176146	-0.00233563357168	0.000369390253901	-0.00365192588088	0.00200678756137	0.000678157949827	-0.0045980149065	-0.00311410272828	-0.00271106530569
15300	C632	C63.2 Scrotum	15270	4	20	Chapter II	Y	Y	-0.00391870965311	0.00272270804488	-0.00227218397287	0.000479939784376	-0.00355726298011	0.00185784135318	0.00060459048654	-0.00484765304096	-0.00311288956458	-0.00271659617164
15310	C637	C63.7 Other specified male genital organs	15270	4	20	Chapter II	Y	Y	-0.00387950432487	0.00276943543683	-0.00223934301617	0.000545170227094	-0.00346376496174	0.00193858154426	0.000453367505513	-0.00466007095502	-0.00306107850011	-0.00277419488926
15320	C638	C63.8 Overlapping lesion of male genital organs	15270	4	20	Chapter II	Y	Y	-0.00394589212618	0.00273026603236	-0.00228935258338	0.00047503563771	-0.00362099293616	0.0018554031636	0.000667653501077	-0.00488770487277	-0.00317533339209	-0.00271476086184
15330	C639	C63.9 Male genital organ, unspecified	15270	4	20	Chapter II	Y	Y	-0.00406659854698	0.00282189611163	-0.0023526154772	0.000426277312692	-0.00357880150731	0.0020168986535	0.00056490726779	-0.00474133170892	-0.00314181265356	-0.00272570999339
15340	C64	C64 Malignant neoplasm of kidney, except renal pelvis	530	3	20	Chapter II	Y	Y	-0.000685554482504	0.000574278820056	0.0019200908732	0.00160874398736	-0.00319569805777	0.0011720896202	0.000502163572539	-0.00562504575847	-0.00193262104429	0.00127717278306
15350	C65	C65 Malignant neoplasm of renal pelvis	530	3	20	Chapter II	Y	Y	-0.000580721243628	0.000613208033529	0.00187068618917	0.00160633112465	-0.00328991118003	0.0011001450101	0.000559646312927	-0.00560749344432	-0.00196772133465	0.00113805779857
15360	C66	C66 Malignant neoplasm of ureter	530	3	20	Chapter II	Y	Y	-0.000601374960869	0.000735358067102	0.00189656938487	0.00160624359992	-0.00333219155469	0.00116258731628	0.000632648171219	-0.00554713517864	-0.00202583888147	0.00108658422173
15370	C67	C67 Malignant neoplasm of bladder	530	3	20	Chapter II	Y	Y	-0.00255333111669	0.00207151977096	-0.00227083762809	0.000247248794761	-0.00236281839105	-0.00270984720316	0.00571260669838	-0.003581786206	-0.000987901670733	0.00100817382018
15380	C670	C67.0 Trigone of bladder	15370	4	20	Chapter II	Y	Y	-0.00264538317579	0.00208470094139	-0.00237221462041	0.00022536818464	-0.00234646411449	-0.00273915174497	0.00585140497605	-0.00372626315346	-0.00110328278469	0.00104995836349
15390	C671	C67.1 Dome of bladder	15370	4	20	Chapter II	Y	Y	-0.00263663580261	0.00209702505786	-0.00236635360833	0.000182726912504	-0.00238359962103	-0.00274412358051	0.00575002831363	-0.00374603922453	-0.00105357345929	0.00115244136833
15400	C672	C67.2 Lateral wall of bladder	15370	4	20	Chapter II	Y	Y	-0.00260405083419	0.00209241365271	-0.00235185939887	0.000208308590994	-0.00231992828776	-0.00278149583708	0.00578525922387	-0.00369884657162	-0.00104710074791	0.00105454302699
15410	C673	C67.3 Anterior wall of bladder	15370	4	20	Chapter II	Y	Y	-0.00256446472944	0.00210917734124	-0.00233902538808	0.000213417197309	-0.00229275700454	-0.00275409273948	0.00580701890816	-0.00369708071545	-0.00118417485233	0.00100034449612
15420	C674	C67.4 Posterior wall of bladder	15370	4	20	Chapter II	Y	Y	-0.00263576016473	0.00205924338768	-0.00234069817959	0.000206909357188	-0.0023435996826	-0.00272951770431	0.00576913232696	-0.00370540565675	-0.00100111367064	0.00107412071545
15430	C675	C67.5 Bladder neck	15370	4	20	Chapter II	Y	Y	-0.00260056847931	0.00209383642806	-0.00236303469072	0.000213278866145	-0.00228910317495	-0.00276558795724	0.00577361185595	-0.0036923626053	-0.00103325047644	0.00108010499947
15440	C676	C67.6 Ureteric orifice	15370	4	20	Chapter II	Y	Y	-0.00267802861788	0.00210151202527	-0.00235154116172	0.000208025636276	-0.00235278982328	-0.00274994453192	0.00579832630313	-0.00369719364104	-0.00098859090357	0.00109654594349
15450	C677	C67.7 Urachus	15370	4	20	Chapter II	Y	Y	-0.00261458420624	0.0020863088546	-0.00227983432761	0.000247366476866	-0.00238363380629	-0.00265800689113	0.00576055172427	-0.00378867937946	-0.00112522712789	0.0010496028722
15460	C678	C67.8 Overlapping lesion of bladder	15370	4	20	Chapter II	Y	Y	-0.00261444092667	0.00210876722255	-0.0024016129364	0.000187535400515	-0.00222504797728	-0.0028038064588	0.00582991526805	-0.0036156832814	-0.000964873121682	0.00103487673858
15470	C679	C67.9 Bladder, unspecified	15370	4	20	Chapter II	Y	Y	-0.00261176959656	0.00208050449997	-0.00227596921301	0.000240697742269	-0.00235085332987	-0.00266892364981	0.00574417459211	-0.00375482652553	-0.00113964437594	0.00106651219458
15480	C68	C68 Malignant neoplasm of other and unspecified urinary organs	530	3	20	Chapter II	Y	Y	-0.000399093803771	0.00123437675873	0.00511971072466	-0.000137021858418	-0.00434965989972	0.00288259843746	-0.00067214842972	-0.00502311199106	-0.00129678790887	0.0022233234533
15490	C680	C68.0 Urethra	15480	4	20	Chapter II	Y	Y	-0.000428199597767	0.00118848772761	0.00523274505461	-0.000130920087804	-0.00437230098067	0.00292071018192	-0.000748692083135	-0.00506888975977	-0.0013077278286	0.00227236997546
15500	C681	C68.1 Paraurethral glands	15480	4	20	Chapter II	Y	Y	-0.00040020220299	0.00126110976354	0.00522942511269	-0.00015949122057	-0.00430743977847	0.00284330003035	-0.00073404199692	-0.00506130487412	-0.00124277639853	0.00216914305739
15510	C688	C68.8 Overlapping lesion of urinary organs	15480	4	20	Chapter II	Y	Y	-0.000427996266978	0.001236584622	0.00528978341843	-0.000154165911668	-0.00444563236256	0.0030049675871	-0.000730709902422	-0.00512423524725	-0.00136894096749	0.00232827133032
15520	C689	C68.9 Urinary organ, unspecified	15480	4	20	Chapter II	Y	Y	-0.000423797448012	0.00127712127219	0.0052820557549	-0.000103555059429	-0.00443762761535	0.00293504474683	-0.000679765978318	-0.00516447218352	-0.00135696448621	0.00227906988003
15530	C69	C69 Malignant neoplasm of eye and adnexa	540	3	20	Chapter II	Y	Y	0.00546700103533	0.00395082641771	0.00103730465041	0.00175600776249	-0.00335911966627	-0.00189446498452	0.00104730040906	-0.00339152878928	-0.000878615214916	-0.00134144536398
15540	C690	C69.0 Conjunctiva	15530	4	20	Chapter II	Y	Y	0.00548113242211	0.0039070315565	0.00102473762245	0.00171260253516	-0.00335880587974	-0.00180481948837	0.00100822588959	-0.00337479964433	-0.000846749682882	-0.00131814760045
15550	C691	C69.1 Cornea	15530	4	20	Chapter II	Y	Y	0.00570774769506	0.00388365597076	0.000975336976161	0.00183833100034	-0.00343006676026	-0.00190254519677	0.000854873226861	-0.00336225448987	-0.00083842718706	-0.00150417839877
15560	C692	C69.2 Retina	15530	4	20	Chapter II	Y	Y	0.00550458174684	0.00399272041161	0.00105002929203	0.00176435972796	-0.00344527774495	-0.00180024470489	0.00114090101964	-0.0034897506344	-0.000917213494082	-0.0012963095035
15570	C693	C69.3 Choroid	15530	4	20	Chapter II	Y	Y	0.00569871640318	0.0038950631128	0.000974004635081	0.00183686634951	-0.00343635685831	-0.0018917353067	0.000850655833417	-0.0033530021508	-0.000844618035404	-0.00148393452221
15580	C694	C69.4 Ciliary body	15530	4	20	Chapter II	Y	Y	0.0055468104224	0.00403707524217	0.00103043006976	0.00179411388814	-0.00343914510897	-0.00186162112499	0.00110792321704	-0.00344864108645	-0.000901011261075	-0.00134872384661
15590	C695	C69.5 Lachrymal gland and duct	15530	4	20	Chapter II	Y	Y	0.00562405806007	0.00397526456803	0.000948906918739	0.00181745615347	-0.00352219347807	-0.00170642280205	0.00104078083795	-0.0034124239064	-0.000832172319862	-0.00138640880983
15600	C696	C69.6 Orbit	15530	4	20	Chapter II	Y	Y	0.00561961066406	0.00407102344184	0.00101888179418	0.00181402404357	-0.00341803449393	-0.00189856632487	0.00110083696948	-0.00341873071405	-0.000897472396206	-0.0014232354781
15610	C698	C69.8 Overlapping lesion of eye and adnexa	15530	4	20	Chapter II	Y	Y	0.00560736653184	0.00387981131323	0.00101666008616	0.00179596516666	-0.00344681383418	-0.00189469595195	0.000925436288627	-0.00340673730616	-0.000833906130832	-0.00142652032992
15620	C699	C69.9 Eye, unspecified	15530	4	20	Chapter II	Y	Y	0.00564507236443	0.00395568219564	0.000992049622775	0.00179205289974	-0.00336761006016	-0.00183086448012	0.00096563430485	-0.00334491747424	-0.000851496416085	-0.0014265632123
15630	C70	C70 Malignant neoplasm of meninges	540	3	20	Chapter II	Y	Y	0.0025552784914	0.00108768731151	0.00165827758645	0.00258716661384	-0.00557577425043	-0.000884270947738	0.00478838423905	-0.00254363934626	-0.000944179413423	0.00271650360033
15640	C700	C70.0 Cerebral meninges	15630	4	20	Chapter II	Y	Y	0.00259859293281	0.00118724797968	0.00163984574228	0.00261753631162	-0.0054431089457	-0.000931198709953	0.00483419352914	-0.00275707653696	-0.000919490931582	0.00266086064251
15650	C701	C70.1 Spinal meninges	15630	4	20	Chapter II	Y	Y	0.00267657974926	0.00122661187077	0.00169623254887	0.002610493419	-0.00557411744394	-0.000900257066454	0.00496536324372	-0.00284689823332	-0.000989775181107	0.00264203902716
15660	C709	C70.9 Meninges, unspecified	15630	4	20	Chapter II	Y	Y	0.00277202202626	0.00123358993	0.00167154397261	0.00271485865878	-0.00544413665065	-0.000947896131126	0.00494652483149	-0.00284771115829	-0.000923619743887	0.00270434320234
15670	C71	C71 Malignant neoplasm of brain	540	3	20	Chapter II	Y	Y	-0.000699217516353	0.001151903913	0.002362662013	0.00357891570988	-0.00625697227011	-0.00232108082174	0.00102641092756	-0.002297956386	-0.000119928525906	0.00313455710028
15680	C710	C71.0 Cerebrum, except lobes and ventricles	15670	4	20	Chapter II	Y	Y	-0.000952830432986	0.000987835838187	0.00237868291511	0.00371192993279	-0.006252734052	-0.00236875984198	0.000927103983174	-0.00233251877007	-0.000156232067925	0.00345958493812
15690	C711	C71.1 Frontal lobe	15670	4	20	Chapter II	Y	Y	-0.000833062438739	0.00118395637348	0.0022789825524	0.00364356895386	-0.00633292293173	-0.0024043622905	0.00101769706596	-0.00227183179092	-0.000219205632342	0.00349850542407
15700	C712	C71.2 Temporal lobe	15670	4	20	Chapter II	Y	Y	-0.000858194397294	0.00108921676082	0.00235979512561	0.00370270740937	-0.00630389158942	-0.00236156290964	0.000995293716944	-0.00229887240242	-0.000152722924684	0.00342298350895
15710	C713	C71.3 Parietal lobe	15670	4	20	Chapter II	Y	Y	-0.00088706696333	0.00110239871264	0.00218913590184	0.00361467941173	-0.00626105621615	-0.00236630498353	0.000985937821763	-0.00228766343911	-0.000261631070683	0.00351417443339
15720	C714	C71.4 Occipital lobe	15670	4	20	Chapter II	Y	Y	-0.000822717690552	0.00114330156592	0.00222208652783	0.00366071775971	-0.00631187558441	-0.00241270356989	0.00102752737707	-0.00227690633665	-0.000180067968212	0.00345851818695
15730	C715	C71.5 Cerebral ventricle	15670	4	20	Chapter II	Y	Y	-0.00075870302602	0.0012911762181	0.00222464690088	0.00359648098171	-0.00621861024346	-0.00232338001054	0.00105151943545	-0.00235182516935	-0.000315834916755	0.00337301055154
15740	C716	C71.6 Cerebellum	15670	4	20	Chapter II	Y	Y	-0.000862676858982	0.00111700593452	0.00239306675503	0.00355206501933	-0.00627262504499	-0.00226025182395	0.00100851555873	-0.00233799278819	-0.000268868940089	0.00324912579877
15750	C717	C71.7 Brain stem	15670	4	20	Chapter II	Y	Y	-0.000815614186021	0.00113203293643	0.00229656303238	0.00365631004906	-0.00632439942486	-0.00238508604735	0.00100700021636	-0.00229917184966	-0.000202968231455	0.00342018709148
15760	C718	C71.8 Overlapping lesion of brain	15670	4	20	Chapter II	Y	Y	-0.000778466718331	0.00104616643889	0.00254096555715	0.00358175510278	-0.00634415385269	-0.00230719357921	0.000906641748971	-0.00238843502138	-9.09150115742e-05	0.00301828751335
15770	C719	C71.9 Brain, unspecified	15670	4	20	Chapter II	Y	Y	-0.000790726853441	0.00128395604937	0.00215145356845	0.00359445611813	-0.00623648299452	-0.00234893089713	0.00104050839542	-0.00233592334307	-0.00036958496279	0.00341546366381
15780	C72	C72 Malignant neoplasm of spinal cord, cranial nerves and other parts of central nervous system	540	3	20	Chapter II	Y	Y	0.00170803579988	0.00140786213801	-0.00071451617509	0.00063932412002	-0.00211987756699	0.00241489103001	0.00643549820814	-0.00473874072967	0.00100267678888	0.00148443241919
15790	C720	C72.0 Spinal cord	15780	4	20	Chapter II	Y	Y	0.0017661295118	0.00133158988472	-0.000925315649232	0.000523757729781	-0.00203363031314	0.00252309961372	0.00670334422161	-0.00479279921079	0.00120034453791	0.00157714092206
15800	C721	C72.1 Cauda equina	15780	4	20	Chapter II	Y	Y	0.00173842267144	0.00130257407544	-0.00072566582637	0.000589919172088	-0.00208171649716	0.0024328679733	0.00663409049133	-0.00481128364998	0.00108947442382	0.00162313781958
15810	C722	C72.2 Olfactory nerve	15780	4	20	Chapter II	Y	Y	0.00176949351702	0.00125353342393	-0.000608587931746	0.000577759338195	-0.00200458032407	0.00242309001286	0.0066321844988	-0.00478736549894	0.00114060730928	0.00169903768047
15820	C723	C72.3 Optic nerve	15780	4	20	Chapter II	Y	Y	0.00175553899167	0.00136472305276	-0.00072714486025	0.000597210354429	-0.00215492391547	0.0024291255323	0.00665543149869	-0.00485455811055	0.00102992168839	0.00163730423634
15830	C724	C72.4 Acoustic nerve	15780	4	20	Chapter II	Y	Y	0.00164248962913	0.0013420437137	-0.000828282353881	0.000402952261425	-0.00218101428539	0.00244592853764	0.00660965374925	-0.00492061776019	0.00115583184484	0.00165257972783
15840	C725	C72.5 Other and unspecified cranial nerves	15780	4	20	Chapter II	Y	Y	0.00165033586845	0.00137197799423	-0.000696039167102	0.000505959294175	-0.00208825093723	0.00243031126771	0.00639667011876	-0.00463204929068	0.0010512036355	0.001538059019
15850	C728	C72.8 Overlapping lesion of brain and other parts of central nervous system	15780	4	20	Chapter II	Y	Y	0.00171767556126	0.00132191508199	-0.000780908709459	0.000575626971223	-0.00210046491521	0.00241263283915	0.00657714531593	-0.00484951939683	0.00106323957703	0.0015769391052
15860	C729	C72.9 Central nervous system, unspecified	15780	4	20	Chapter II	Y	Y	0.00175619009322	0.00137035616976	-0.000786820641806	0.000623443391051	-0.00204826953386	0.00248264056144	0.0065710368384	-0.00484338800608	0.00110878916321	0.00151945494428
15870	C73	C73 Malignant neoplasm of thyroid gland	550	3	20	Chapter II	Y	Y	0.000396058708694	-0.000451025103369	-6.03765711081e-05	0.000691767455571	-0.000391694380501	-0.000511153135052	-0.00024804690633	-0.00240122594106	1.44770836386e-05	-0.000640577453293
15880	C74	C74 Malignant neoplasm of adrenal gland	550	3	20	Chapter II	Y	Y	0.000765913762748	0.00118606318525	0.00407078524317	0.0031022940426	-0.00608857304053	-0.000193308015097	-3.15110027949e-05	-0.00317968200288	-0.00259327763256	-0.00244605730044
15890	C740	C74.0 Cortex of adrenal gland	15880	4	20	Chapter II	Y	Y	0.000775083803537	0.00117437923675	0.00413346717858	0.00315863099465	-0.00615795325304	-0.000155597237454	-3.94389136311e-05	-0.00324164386448	-0.00261160693674	-0.00251252531807
15900	C741	C74.1 Medulla of adrenal gland	15880	4	20	Chapter II	Y	Y	0.000725735657439	0.00122356700129	0.00421559233465	0.00318691495588	-0.00617613737598	-8.77945141329e-05	-2.16291193711e-05	-0.00329181879825	-0.00271602672196	-0.00255826491
15910	C749	C74.9 Adrenal gland, unspecified	15880	4	20	Chapter II	Y	Y	0.00078234406492	0.00119669667028	0.00410583220125	0.0031256567111	-0.00613970877048	-0.000158608673337	-9.19941914973e-06	-0.00323878171665	-0.00260872930678	-0.00248358576588
15920	C75	C75 Malignant neoplasm of other endocrine glands and related structures	550	3	20	Chapter II	Y	Y	-0.00299632291867	0.00255593071441	-0.00299928821804	-0.000169945351545	-0.00514233026492	0.0008290822186	0.00133495267239	-0.00258543133986	-0.00035418041393	0.00389165464552
15930	C750	C75.0 Parathyroid gland	15920	4	20	Chapter II	Y	Y	-0.00305810342042	0.00260573315332	-0.00304790744974	-0.000267050875467	-0.00525761699125	0.000918747511381	0.00140644673959	-0.00262240134076	-0.000281907420274	0.00409251136556
15940	C751	C75.1 Pituitary gland	15920	4	20	Chapter II	Y	Y	-0.00308884824407	0.0025471081516	-0.00305698820224	-0.000179619810854	-0.00513228998398	0.000894810089992	0.00142656704213	-0.0025704143278	-0.000278011883018	0.00394824510266
15950	C752	C75.2 Craniopharyngeal duct	15920	4	20	Chapter II	Y	Y	-0.00303854173876	0.00259188404444	-0.00302271181977	-0.000278212682114	-0.00522541553988	0.000916616411683	0.00138060370906	-0.00261401507871	-0.000295447564702	0.00406032576083
15960	C753	C75.3 Pineal gland	15920	4	20	Chapter II	Y	Y	-0.00312209546083	0.00255128916792	-0.00312629023928	-0.000238676358359	-0.00517542790994	0.000930883522262	0.00137698262564	-0.00247434073544	-0.000200211467944	0.00408126257548
15970	C754	C75.4 Carotid body	15920	4	20	Chapter II	Y	Y	-0.00309193981025	0.00262920203445	-0.00314466963046	-0.000307762867325	-0.00515800801908	0.000945447833699	0.00148860610108	-0.00258545639524	-0.00026135481154	0.00403999750702
15980	C755	C75.5 Aortic body and other paraganglia	15920	4	20	Chapter II	Y	Y	-0.00309405051165	0.00260241207883	-0.00309684354867	-0.000274575485152	-0.00517041349369	0.000923400919321	0.00146330416082	-0.00257615724447	-0.000270590442305	0.00400305043298
15990	C758	C75.8 Pluriglandular involvement, unspecified	15920	4	20	Chapter II	Y	Y	-0.00305839249855	0.00260088234176	-0.00303132561952	-0.000309759239802	-0.00509204517579	0.000915598368206	0.00135765256987	-0.0025344995961	-0.000254932629923	0.00400204886621
16000	C759	C75.9 Endocrine gland, unspecified	15920	4	20	Chapter II	Y	Y	-0.00314528507983	0.00266676280519	-0.0031298038313	-0.000293835714735	-0.00532395252624	0.000998882723604	0.00146492924012	-0.00259138501029	-0.000210922064073	0.00417299956207
16010	C76	C76 Malignant neoplasm of other and ill-defined sites	560	3	20	Chapter II	Y	Y	-0.00208709235418	0.00344598105605	0.000428456510007	-0.000283085560309	-0.00239434466218	0.00435830362156	0.00340481138415	-0.00560964699677	3.49095919512e-05	0.00185270041421
16020	C760	C76.0 Head, face and neck	16010	4	20	Chapter II	Y	Y	-0.00211410028408	0.00348899325831	0.000435016182661	-0.000322256473952	-0.00240401821539	0.00440739919476	0.00343774038501	-0.00566454223376	2.01108910563e-05	0.00187916066194
16030	C761	C76.1 Thorax	16010	4	20	Chapter II	Y	Y	-0.00205245251542	0.00339379326938	0.000534201842893	-0.000331206493413	-0.00244891428328	0.00431023826247	0.00332448193163	-0.0057070919243	-1.29239279394e-05	0.00186193283778
16040	C762	C76.2 Abdomen	16010	4	20	Chapter II	Y	Y	-0.00210889372614	0.00347704121371	0.000456398269876	-0.000279693115474	-0.00246109670079	0.00438081826505	0.00343149620028	-0.0057054886153	9.09566991242e-07	0.00187688353401
16050	C763	C76.3 Pelvis	16010	4	20	Chapter II	Y	Y	-0.00215648677975	0.00356957951935	0.000230817742758	-0.00031345774768	-0.00230661281746	0.00441607165587	0.0035126842109	-0.00562962005451	6.33895644279e-05	0.0018629128152
16060	C764	C76.4 Upper limb	16010	4	20	Chapter II	Y	Y	-0.00104280007845	0.002113250878	0.00263790562392	-0.00104331393168	-0.00302271669978	0.00369167649848	0.00241508180513	-0.00660311087378	-9.68343844955e-05	0.0020132288744
16070	C765	C76.5 Lower limb	16010	4	20	Chapter II	Y	Y	-0.00216709002756	0.00366695580202	0.000160324623795	-0.000304412755779	-0.00234765537739	0.00449620316817	0.00360385799251	-0.00569175504488	5.27740423233e-05	0.0018769994673
16080	C767	C76.7 Other ill-defined sites	16010	4	20	Chapter II	Y	Y	-0.00208684642809	0.00342308919758	0.000412903857254	-0.000218386004423	-0.00247016872516	0.00427253715752	0.00336784516811	-0.00555492248445	-3.7499785205e-05	0.00183827832356
16090	C768	C76.8 Overlapping lesion of other and ill-defined sites	16010	4	20	Chapter II	Y	Y	-0.00209151568274	0.00344707863489	0.000510075232033	-0.00029745429551	-0.00247795277281	0.00437062085168	0.00340760040336	-0.00568924096492	-2.47158460682e-05	0.00186581031707
16100	C77	C77 Secondary and unspecified malignant neoplasm of lymph nodes	560	3	20	Chapter II	Y	Y	0.00316998941851	0.000370584251384	0.000213675702863	-0.00288594291701	-0.0039146617234	0.00286362707881	0.000559212254947	-0.00409662978438	-0.00276231091	0.00405072842543
16110	C770	C77.0 Lymph nodes of head, face and neck	16100	4	20	Chapter II	Y	Y	0.00299502174959	0.000537863989681	0.000259872575902	-0.00292256852923	-0.00427519110278	0.0030949491724	0.000339043320622	-0.00378981193882	-0.00278595592621	0.00413221043652
16120	C771	C77.1 Intrathoracic lymph nodes	16100	4	20	Chapter II	Y	Y	0.00295797470763	0.000545012458397	0.000211717565197	-0.00286899409371	-0.00422513223828	0.00297589701256	0.000386080050888	-0.00382991437578	-0.0027648659994	0.0040444135991
16130	C772	C77.2 Intra-abdominal lymph nodes	16100	4	20	Chapter II	Y	Y	0.00294946279633	0.000579813943428	0.000260054738683	-0.0028568029134	-0.00418751111561	0.00303195054366	0.000412059009191	-0.00389979867071	-0.00281343347123	0.00405913650838
16140	C773	C77.3 Axillary and upper limb lymph nodes	16100	4	20	Chapter II	Y	Y	0.00293766389775	0.000619597354055	0.000260787176339	-0.0028126663905	-0.00417548614617	0.00301814028916	0.000428285766056	-0.00392206405175	-0.00279491040183	0.00404973708291
16150	C774	C77.4 Inguinal and lower limb lymph nodes	16100	4	20	Chapter II	Y	Y	0.00297090895706	0.000527868801836	0.000209024282497	-0.00288491734473	-0.00419856805164	0.00292529840984	0.000394528490108	-0.00379335216084	-0.00278568657886	0.00400769415717
16160	C775	C77.5 Intrapelvic lymph nodes	16100	4	20	Chapter II	Y	Y	0.00296352938485	0.000526343612994	0.000268094699643	-0.00292051537247	-0.00429313082912	0.00307458602081	0.000336634265078	-0.00377694222336	-0.00279466785315	0.00410525687994
16170	C778	C77.8 Lymph nodes of multiple regions	16100	4	20	Chapter II	Y	Y	0.00301151538296	0.000540540039353	0.000244285427062	-0.00292602818033	-0.00426611573816	0.00308694350814	0.00033610068147	-0.00380608845983	-0.00279541961181	0.00411974588019
16180	C779	C77.9 Lymph node, unspecified	16100	4	20	Chapter II	Y	Y	0.00300907449078	0.000494266207635	0.000254018629058	-0.00289187420062	-0.00421949165988	0.00306943224703	0.000357049775201	-0.0038266281169	-0.00276775587799	0.00411160189638
16190	C78	C78 Secondary malignant neoplasm of respiratory and digestive organs	560	3	20	Chapter II	Y	Y	-0.00268278433213	0.00270488704315	-0.00150032727196	0.00402667492933	-0.00614818418188	0.00189557014955	-0.000631773316989	-0.0026831901499	-0.00193553843123	0.000805642233589
16200	C780	C78.0 Secondary malignant neoplasm of lung	16190	4	20	Chapter II	Y	Y	-0.00272861708934	0.00265755480543	-0.00151509123195	0.00409412752492	-0.00618895572841	0.00193857868125	-0.000642585697658	-0.00253130655493	-0.00203648750499	0.000728287390297
16210	C781	C78.1 Secondary malignant neoplasm of mediastinum	16190	4	20	Chapter II	Y	Y	-0.0026961880674	0.002678069518	-0.00151699243389	0.00420224011532	-0.00619162195245	0.00187125247791	-0.000688357476946	-0.00240831819171	-0.00194839956627	0.00075991727719
16220	C782	C78.2 Secondary malignant neoplasm of pleura	16190	4	20	Chapter II	Y	Y	-0.00271100479715	0.00287488788966	-0.00153450256309	0.00427462005274	-0.00623018815479	0.00187317413558	-0.000707885141108	-0.00246096074057	-0.00192472083591	0.000843166740787
16230	C783	C78.3 Secondary malignant neoplasm of other and unspecified respiratory organs	16190	4	20	Chapter II	Y	Y	-0.00280270221416	0.00266896725067	-0.00166126654846	0.00438699045022	-0.00638761223517	0.0019650134842	-0.000729714781465	-0.00246496038586	-0.00204097037319	0.000732341951334
16240	C784	C78.4 Secondary malignant neoplasm of small intestine	16190	4	20	Chapter II	Y	Y	-0.00273321570938	0.00269749069326	-0.00159141813764	0.00427176048446	-0.0062314898138	0.00190762238455	-0.000709385078114	-0.00244886868952	-0.00195201815571	0.000760837275795
16250	C785	C78.5 Secondary malignant neoplasm of large intestine and rectum	16190	4	20	Chapter II	Y	Y	-0.0027476997369	0.00267453516737	-0.00156020682341	0.00419836351713	-0.00623978829441	0.00191290002688	-0.000678294555357	-0.00249370503167	-0.00201432372431	0.000743430529864
16260	C786	C78.6 Secondary malignant neoplasm of retroperitoneum and peritoneum	16190	4	20	Chapter II	Y	Y	-0.00351814603138	-0.000151228317556	-0.00160917729162	0.00236271185702	-0.00523043327058	0.00224766934499	-0.000289650205964	-0.00183485726446	-0.00440931966424	-0.00166492756612
16270	C787	C78.7 Secondary malignant neoplasm of liver	16190	4	20	Chapter II	Y	Y	-0.00276926816099	0.0026787747136	-0.00155508158544	0.00418051150847	-0.00613840284027	0.00189853470125	-0.000715353206504	-0.00244018687813	-0.00203188248442	0.000718174682267
16280	C788	C78.8 Secondary malignant neoplasm of other and unspecified digestive organs	16190	4	20	Chapter II	Y	Y	-0.00276808356858	0.00271702716001	-0.001581858539	0.0041989757079	-0.0062655912235	0.0018983370127	-0.000725611899898	-0.00261005731155	-0.00197252489591	0.000796723617341
16290	C79	C79 Secondary malignant neoplasm of other sites	560	3	20	Chapter II	Y	Y	-0.00279179574	0.00441917439916	-0.00377871440664	0.000274088129615	-0.00226648274968	0.00136798777893	0.000229724850565	-0.00532499140389	-0.000387741303261	-0.00178841592184
16300	C790	C79.0 Secondary malignant neoplasm of kidney and renal pelvis	16290	4	20	Chapter II	Y	Y	-0.00282909640094	0.0044833745944	-0.00384943658708	0.000322055698789	-0.00212085388828	0.00128032242092	0.000303831804781	-0.00533224266094	-0.000196192998583	-0.00187519449067
16310	C791	C79.1 Secondary malignant neoplasm of bladder and other and unspecified urinary organs	16290	4	20	Chapter II	Y	Y	-0.00282272359496	0.00444582294805	-0.00381997913297	0.000396167702068	-0.00207054363219	0.00136777823215	0.000211863233823	-0.00532835329372	-0.000124536800746	-0.00196129513897
16320	C792	C79.2 Secondary malignant neoplasm of skin	16290	4	20	Chapter II	Y	Y	-0.0028229425728	0.00450956381343	-0.00384823486552	0.000359183904608	-0.00219590069043	0.0014520049213	0.00041783468516	-0.00542477159103	-0.000308609009256	-0.00186931222959
16330	C793	C79.3 Secondary malignant neoplasm of brain and cerebral meninges	16290	4	20	Chapter II	Y	Y	-0.0028369463622	0.00453677361895	-0.00387501954322	0.000356084800076	-0.00221785498165	0.00145042296918	0.000417499893712	-0.00544777250206	-0.00031264388009	-0.0018771988613
16340	C794	C79.4 Secondary malignant neoplasm of other and unspecified parts of nervous system	16290	4	20	Chapter II	Y	Y	-0.00289062030354	0.00455318579562	-0.00391471982036	0.000340974807448	-0.00223073414589	0.00133519477095	0.000401020295166	-0.00542787756908	-0.000384451862755	-0.0018540704138
16350	C795	C79.5 Secondary malignant neoplasm of bone and bone marrow	16290	4	20	Chapter II	Y	Y	-0.00286005229582	0.00452102299638	-0.00385988297034	0.000285259136497	-0.00222914182862	0.0014041015107	0.000236371832165	-0.00539078600058	-0.000348404504699	-0.00186440320715
16360	C796	C79.6 Secondary malignant neoplasm of ovary	16290	4	20	Chapter II	Y	Y	-0.00291043760318	0.00452059564549	-0.0038962261232	0.000342557080831	-0.00205562501451	0.00143693771476	0.000342939425329	-0.00538424675355	-0.000149237219745	-0.00194619311421
16370	C797	C79.7 Secondary malignant neoplasm of adrenal gland	16290	4	20	Chapter II	Y	Y	-0.00287406989975	0.0045288108317	-0.0038377264299	0.000432177299322	-0.00222312765771	0.00145382108342	0.000438060456489	-0.00550778080454	-0.000212063785699	-0.00188898489836
16380	C798	C79.8 Secondary malignant neoplasm of other specified sites	16290	4	20	Chapter II	Y	Y	-0.00283510982279	0.00445680913138	-0.00384616971965	0.000374089217202	-0.00210903305369	0.00138429580817	0.000265526328125	-0.00536440418768	-0.000165368625155	-0.00192590655858
16390	C799	C79.9 Secondary malignant neoplasm, unspecified site	16290	4	20	Chapter II	Y	Y	-0.00286622010046	0.00457258867	-0.00385649007824	0.000242929867321	-0.00220235681392	0.00140080449725	0.000256310614372	-0.00534874305671	-0.000390383353015	-0.00183685973108
16400	C80	C80 Malignant neoplasm without specification of site	560	3	20	Chapter II	Y	Y	-0.00193002798617	0.00401514975803	-0.00040637923619	-0.00023817776325	-0.00398442400151	0.00398642938018	0.00106099201845	-0.00553312350797	-0.00245091794979	0.00186564965386
16410	C800	C80.0 Malignant neoplasm, primary site unknown, so stated	16400	4	20	Chapter II	Y	Y	-0.00188340304209	0.00399859230489	-0.000362205125019	-0.000233906934632	-0.00394721828515	0.00392515162024	0.00109666316067	-0.00546278438364	-0.00247384917261	0.00179931240048
16420	C809	C80.9 Malignant neoplasm, unspecified	16400	4	20	Chapter II	Y	Y	-0.00190000137238	0.00404259097862	-0.000394918803792	-0.000237349960711	-0.00396720635917	0.00400432054597	0.00110386701598	-0.00550926357828	-0.0024836640393	0.00182404123238
16430	C81	C81 Hodgkin's disease	570	3	20	Chapter II	Y	Y	-0.001177274124	0.00254499901282	0.000592172768636	-0.00134999691106	-0.00783699782337	0.00167974854784	0.000736586239325	-0.00220314641905	-5.33391374759e-05	0.00207716274599
16440	C810	C81.0 Lymphocytic predominance	16430	4	20	Chapter II	Y	Y	-0.00123948932737	0.0025791413907	0.000571240669036	-0.0014331868588	-0.00800093679215	0.00164179994639	0.000792041033855	-0.00218892792975	-6.46542399027e-06	0.00210245064095
16450	C811	C81.1 Nodular sclerosis	16430	4	20	Chapter II	Y	Y	-0.00120952492355	0.00253350252336	0.000616637967866	-0.00138144668861	-0.00781796924983	0.00169534499419	0.000794577374665	-0.00234834488735	-3.64074217973e-06	0.0020276938236
16460	C812	C81.2 Mixed cellularity	16430	4	20	Chapter II	Y	Y	-0.0012129236341	0.00265260435882	0.000622066393067	-0.00130084207454	-0.0080316339311	0.0017135558842	0.000807671590998	-0.00223702597958	-8.6414392345e-05	0.00213747836006
16470	C813	C81.3 Lymphocytic depletion	16430	4	20	Chapter II	Y	Y	-0.00120352172284	0.0026526904408	0.000617493217808	-0.00135381205079	-0.00822183670542	0.00171500841239	0.000916197420727	-0.00230651848469	-8.85245420985e-05	0.0021491417484
16480	C814	C81.4 Lymphocyte-rich classical Hodgkin lymphoma	16430	4	20	Chapter II	Y	Y	-0.00117985748815	0.00250408397597	0.000630218486089	-0.00136898169495	-0.00806979008231	0.00169059608308	0.000879575122266	-0.00240119158295	-2.92386439208e-05	0.002097246479
16490	C817	C81.7 Other Hodgkin's disease	16430	4	20	Chapter II	Y	Y	-0.00121161966464	0.00257316951363	0.000610060537805	-0.00132783795942	-0.00805407522133	0.00165081587083	0.000869827397863	-0.00233739290104	-6.76513487992e-05	0.00209078523801
16500	C819	C81.9 Hodgkin's disease, unspecified	16430	4	20	Chapter II	Y	Y	-0.00113021538015	0.00249940095519	0.000536389439756	-0.00130410886553	-0.00794455608004	0.00168365068851	0.00076327808862	-0.00226184535404	-3.65060934905e-05	0.00208400716484
16510	C82	C82 Follicular [nodular] non-Hodgkin's lymphoma	570	3	20	Chapter II	Y	Y	-0.000828814963427	0.00206242123081	0.00196964642166	0.00229502322112	-0.00621269598822	-0.000935017230718	0.00406628618767	-0.00289253100825	0.00236788987793	0.000533189953565
16520	C820	C82.0 Small cleaved cell, follicular	16510	4	20	Chapter II	Y	Y	-0.00102957634149	0.00196352006383	0.00210854081046	0.00228297353889	-0.00632910068849	-0.000891569751232	0.00411505972373	-0.00300057709032	0.0024826621082	0.000499237796056
16530	C821	C82.1 Mixed small cleaved and large cell, follicular	16510	4	20	Chapter II	Y	Y	-0.000774284110719	0.00217130344439	0.00197386403027	0.00223304015433	-0.00640958855477	-0.000832090275989	0.00414231570997	-0.00302950968661	0.00225509317205	0.000522432767484
16540	C822	C82.2 Large cell, follicular	16510	4	20	Chapter II	Y	Y	-0.000840097270979	0.00207331817907	0.00196741593058	0.00235796108743	-0.00636653421456	-0.000886236552487	0.00412921800455	-0.00299379661813	0.00238965851782	0.000487836646279
16550	C823	C82.3 Follicular lymphoma grade IIIa	16510	4	20	Chapter II	Y	Y	-0.000839779620036	0.00206664981383	0.0020591025373	0.00234199622321	-0.00626998721619	-0.000947019349327	0.00413469412004	-0.00287512576203	0.00248891397151	0.000541934062033
16560	C824	C82.4 Follicular lymphoma grade IIIb	16510	4	20	Chapter II	Y	Y	-0.000880539119913	0.0020732099738	0.002101098178	0.00234914388708	-0.00627800308433	-0.000961515935667	0.00416208819447	-0.00284903687229	0.00254496477181	0.000580566180258
16570	C825	C82.5 Diffuse follicle centre lymphoma	16510	4	20	Chapter II	Y	Y	-0.000948258073035	0.00204928545715	0.00207208826631	0.00222855698719	-0.00637833829749	-0.000909403072917	0.00413255813458	-0.00298162556934	0.00236866203824	0.000556610752931
16580	C826	C82.6 Cutaneous follicle centre lymphoma	16510	4	20	Chapter II	Y	Y	-0.000863278160328	0.00205500384178	0.00199734626809	0.00238988355582	-0.00636555892578	-0.000918047814399	0.00412775478493	-0.00297662370266	0.00240255021544	0.000478516558341
16590	C827	C82.7 Other types of follicular non-Hodgkin's lymphoma	16510	4	20	Chapter II	Y	Y	-0.000902366002059	0.00205732425495	0.00202174963076	0.00232078763059	-0.00633227555431	-0.000928719300201	0.00406382234674	-0.00300300371909	0.00227392324921	0.00055344782648
16600	C829	C82.9 Follicular non-Hodgkin's lymphoma, unspecified	16510	4	20	Chapter II	Y	Y	-0.000886962341717	0.00219048003287	0.0020616671022	0.00226978602296	-0.00643026933485	-0.000909412255682	0.0042099109858	-0.00304210812005	0.00231969453457	0.000625892357197
16610	C83	C83 Diffuse non-Hodgkin's lymphoma	570	3	20	Chapter II	Y	Y	-0.00198959713815	0.00252588979433	0.00118379550388	-0.00310090890785	-0.00287461326848	0.00240623893525	0.000702730182515	-0.00594162448508	-0.00301942771065	0.00119341665016
16620	C830	C83.0 Small cell (diffuse)	16610	4	20	Chapter II	Y	Y	-0.0019765973347	0.00256431086175	0.00115889975294	-0.00314578483506	-0.00284778207036	0.00250114152362	0.000679459111421	-0.00605097864693	-0.00303905974872	0.0012185803222
16630	C831	C83.1 Small cleaved cell (diffuse)	16610	4	20	Chapter II	Y	Y	-0.00192877469285	0.00249791354057	0.00113178195692	-0.00302980979104	-0.00287391479731	0.00238928384101	0.000652645787037	-0.00598114301426	-0.00303641868454	0.00115800502289
16640	C832	C83.2 Mixed small and large cell (diffuse)	16610	4	20	Chapter II	Y	Y	-0.00196444330789	0.0026007057747	0.00116585756942	-0.0030917184044	-0.00295053340326	0.00245314065927	0.000798790962572	-0.00606860682	-0.00307528328036	0.00121869360269
16650	C833	C83.3 Large cell (diffuse)	16610	4	20	Chapter II	Y	Y	-0.00193013813651	0.00255667060488	0.00116947030499	-0.00305672681769	-0.00300424589731	0.00241418272599	0.000787288848069	-0.00611667594241	-0.00306274663446	0.00119089668277
16660	C834	C83.4 Immunoblastic (diffuse)	16610	4	20	Chapter II	Y	Y	-0.00194756724368	0.00251052727986	0.00112209140277	-0.00306307795563	-0.00286428443723	0.00245465535347	0.000654482028248	-0.00605093259182	-0.00302135002319	0.00118481002913
16670	C835	C83.5 Lymphoblastic (diffuse)	16610	4	20	Chapter II	Y	Y	-0.00198500599353	0.002552592823	0.00115139974739	-0.00307783926838	-0.00289139545691	0.00245699554991	0.000768729634617	-0.00605798371685	-0.00305879421198	0.00122175012206
16680	C836	C83.6 Undifferentiated (diffuse)	16610	4	20	Chapter II	Y	Y	-0.00204883083915	0.00259306325869	0.00123745681161	-0.00312792328355	-0.00303907295381	0.0024083138254	0.000796454293467	-0.00601772811826	-0.00313880697328	0.00122741895256
16690	C837	C83.7 Burkitt's tumour	16610	4	20	Chapter II	Y	Y	-0.00197519042482	0.00252264115401	0.00114143778981	-0.00306237034286	-0.00289995574914	0.00244777171157	0.000708624080931	-0.00605939954311	-0.00306584708784	0.0011956152929
16700	C838	C83.8 Other types of diffuse non-Hodgkin's lymphoma	16610	4	20	Chapter II	Y	Y	-0.00194946941078	0.00261103419801	0.00117776719211	-0.00312920339503	-0.00296128786649	0.00244611804208	0.000772566633665	-0.00613859751831	-0.00307421914374	0.00118775121291
16710	C839	C83.9 Diffuse non-Hodgkin's lymphoma, unspecified	16610	4	20	Chapter II	Y	Y	-0.00195068466702	0.00254891837146	0.00113895715114	-0.00306139051587	-0.00292134198751	0.00246296644638	0.00073133903463	-0.00597148123282	-0.00306437690081	0.00116985435083
16720	C84	C84 Peripheral and cutaneous T-cell lymphomas	570	3	20	Chapter II	Y	Y	0.00120199660787	0.000191035040053	-0.00243164169438	0.00118768065316	-0.00688427955181	0.000744323928376	0.00350619547253	-0.00157585489763	-0.00271840515307	-9.46330474787e-05
16730	C840	C84.0 Mycosis fungoides	16720	4	20	Chapter II	Y	Y	0.00127013598114	0.000342923060284	-0.00246508337676	0.00121790570962	-0.0068723483696	0.000576960751525	0.00352274601494	-0.00163813426923	-0.00260020108708	2.22400483095e-05
16740	C841	C84.1 Sezary's diease	16720	4	20	Chapter II	Y	Y	0.0013408742699	4.9698544321e-05	-0.00252340621564	0.00121017894412	-0.00702513736727	0.000744470842742	0.00343750896004	-0.00142549039399	-0.00284213723711	-0.000218556145995
16750	C842	C84.2 T-zone lymphoma	16720	4	20	Chapter II	Y	Y	0.00121630329833	0.000174738867198	-0.00247639039162	0.00120813906214	-0.00705613611718	0.000829813592885	0.00360593713637	-0.00156406440004	-0.00282340815504	-0.000134150242851
16760	C843	C84.3 Lymphoepithelioid lymphoma	16720	4	20	Chapter II	Y	Y	0.00143637843948	9.10195457963e-05	-0.00259323008645	0.00126002972829	-0.00711921311971	0.000798855720252	0.00354385273522	-0.00144298903283	-0.00281342276318	-0.000245590444144
16770	C844	C84.4 Peripheral T-cell lymphoma	16720	4	20	Chapter II	Y	Y	0.00132235789284	0.000168239322549	-0.00255691636004	0.00124223038778	-0.00707406563842	0.000754005923444	0.00355154931502	-0.00154200101616	-0.00277446071804	-0.000145714446458
16780	C845	C84.5 Other and unspecified T-cell lymphomas	16720	4	20	Chapter II	Y	Y	0.00136202917659	0.000122388801933	-0.00260408464108	0.00127978981733	-0.00707072786202	0.000789379652633	0.00352052602398	-0.00141069829727	-0.00286628538876	-0.000165813434228
16790	C846	C84.6 Anaplastic large cell lymphoma, ALK-positive	16720	4	20	Chapter II	Y	Y	0.00136410596149	0.00017670501233	-0.00252630807648	0.00125600517466	-0.00704463186776	0.000743385735595	0.00352249681186	-0.00154256638581	-0.00272216626848	-0.000147283098337
16800	C847	C84.7 Anaplastic large cell lymphoma, ALK-negative	16720	4	20	Chapter II	Y	Y	0.00132553222883	7.21605656749e-05	-0.00259134853213	0.00126442158233	-0.00702436327387	0.000871819610932	0.00355118404933	-0.00138823096511	-0.002860605168	-0.000244325736361
16810	C848	C84.8 Cutaneous T-cell lymphoma, unspecified	16720	4	20	Chapter II	Y	Y	0.00124977441726	8.96762065712e-05	-0.00259126278915	0.00117523980826	-0.00714403222238	0.000893940228057	0.00366926574555	-0.00152118836335	-0.00295824232796	-0.000203388248283
16820	C849	C84.9 Mature T/NK-cell lymphoma, unspecified	16720	4	20	Chapter II	Y	Y	0.00134483968	0.000167999344227	-0.00258977812723	0.0012744981418	-0.00697995798249	0.000721818634841	0.00349216320938	-0.001437651134	-0.00280730902737	-0.000102705084827
16830	C85	C85 Other and unspecified types of non-Hodgkin's lymphoma	570	3	20	Chapter II	Y	Y	-0.00224877591875	0.00300114508881	0.00200819855971	0.000801492641807	-0.00330815457875	-0.00257207635111	0.00394229786773	-0.00559441530449	-0.00177007635246	0.00131792608208
16840	C850	C85.0 Lymphosarcoma	16830	4	20	Chapter II	Y	Y	-0.00228533576638	0.00304639793732	0.00201521709866	0.000779820759682	-0.00338716046586	-0.00246405081926	0.00389303329753	-0.00556891965518	-0.00182497529592	0.00129741814296
16850	C851	C85.1 B-cell lymphoma, unspecified	16830	4	20	Chapter II	Y	Y	-0.00230653552721	0.00304813763972	0.00203379989064	0.000760169415317	-0.00336639564963	-0.00249073360292	0.0039027198961	-0.00555724484271	-0.00183614260951	0.00128190927898
16860	C852	C85.2 Mediastinal (thymic) large B-cell lymphoma	16830	4	20	Chapter II	Y	Y	-0.00223820567819	0.00303470727225	0.00195177423064	0.000822418815726	-0.00346161143808	-0.00243618974736	0.00395032659809	-0.00564546723938	-0.00185137829763	0.0013045310362
16870	C857	C85.7 Other specified types of non-Hodgkin's lymphoma	16830	4	20	Chapter II	Y	Y	-0.00214197808567	0.00303614648478	0.00184326279571	0.000812860259002	-0.00350003895219	-0.00237005507163	0.00384541599104	-0.00562832762422	-0.00174965420425	0.00129407739802
16880	C859	C85.9 Non-Hodgkin's lymphoma, unspecified type	16830	4	20	Chapter II	Y	Y	-0.00240206399642	0.00303025761064	0.0021182120812	0.000843646329874	-0.00341967136068	-0.00254745642003	0.00411681441141	-0.00562307978438	-0.001981792924	0.00130448715089
16890	C86	C86 Other specified types of T/NK-cell lymphoma	570	3	20	Chapter II	Y	Y	-0.000372249364275	-0.000875629834839	0.00466175904531	0.00233018984791	-0.00424008646719	-0.000797776508549	0.00251891674092	-0.0048951180163	-0.00189806939679	-0.000803837269736
16900	C860	C86.0 Extranodal NK/T-cell lymphoma, nasal type	16890	4	20	Chapter II	Y	Y	-0.000320406621483	-0.000944855190746	0.00483584342416	0.00247761715953	-0.00424548473817	-0.000831853303563	0.00261152851501	-0.00498204767726	-0.00189974414515	-0.000803568971833
16910	C861	C86.1 Hepatosplenic T-cell lymphoma	16890	4	20	Chapter II	Y	Y	-0.000341594436653	-0.000908743500429	0.0048006882125	0.00246131778466	-0.0042292236215	-0.000784561695207	0.0026043884222	-0.00494035470501	-0.00192895243514	-0.000809230483591
16920	C862	C86.2 Enteropathy-type (intestinal) T-cell lymphoma	16890	4	20	Chapter II	Y	Y	-0.000269826414938	-0.000979243752657	0.00502940488693	0.00242267194328	-0.00423513620721	-0.000823894925169	0.00260912243033	-0.00497723133682	-0.00191927583715	-0.000944293122627
16930	C863	C86.3 Subcutaneous panniculitis-like T-cell lymphoma	16890	4	20	Chapter II	Y	Y	-0.000295203827119	-0.000893701498887	0.00492733366008	0.002446655405	-0.00434964290584	-0.000827296182868	0.00261106416267	-0.00500986744646	-0.00191870640273	-0.00085265098069
16940	C864	C86.4 Blastic NK-cell lymphoma	16890	4	20	Chapter II	Y	Y	-0.000225306333701	-0.000919742645463	0.00504923020543	0.00239447941266	-0.00427318585698	-0.00081952873241	0.0025153005279	-0.00493288543052	-0.00186206186489	-0.000901089009351
16950	C865	C86.5 Angioimmunoblastic T-cell lymphoma	16890	4	20	Chapter II	Y	Y	-0.000288485516697	-0.000819694309229	0.00495547200137	0.00237162246845	-0.00434858172969	-0.000815822717124	0.00267162163308	-0.00501858820642	-0.00193691517787	-0.000847407199552
16960	C866	C86.6 Primary cutaneous CD30-positive T-cell proliferations	16890	4	20	Chapter II	Y	Y	-0.000118752344779	-0.000963506657142	0.00514962119918	0.00224970203214	-0.00436851164139	-0.000833583074288	0.00243888207511	-0.00498297176699	-0.00179100799408	-0.000996959215385
16970	C88	C88 Malignant immunoproliferative diseases	570	3	20	Chapter II	Y	Y	-0.00426515514861	0.00348383989585	-0.00029342859064	0.000689399934313	-0.0049173217325	-0.000636999608301	-0.000347496990537	-0.00477543105006	-0.002084575652	0.00150458799892
16980	C880	C88.0 Waldenstrom's macroglobulinaemia	16970	4	20	Chapter II	Y	Y	-0.00427378491202	0.0035252700038	-0.000324308541679	0.000836650341275	-0.00491828826234	-0.000605225846053	-0.000342883862591	-0.00476806830201	-0.00200087267902	0.00148029060819
16990	C881	C88.1 Alpha heavy chain disease	16970	4	20	Chapter II	Y	Y	-0.00422586910753	0.00356598678384	-0.000286513390156	0.000758385681268	-0.00505908896994	-0.000640449461078	-0.000215233268179	-0.00478768723812	-0.00208570744778	0.00140484235206
17000	C882	C88.2 Gamma heavy chain disease	16970	4	20	Chapter II	Y	Y	-0.00428131275286	0.0035405782905	-0.000245418085931	0.000731448992426	-0.0049145510698	-0.000609628088864	-0.000355942047005	-0.00475294971629	-0.00207974496428	0.0014816701942
17010	C883	C88.3 Immunoproliferative small intestinal disease	16970	4	20	Chapter II	Y	Y	-0.00420366780647	0.00355184973241	-0.000292460572782	0.000788700125494	-0.00515418601267	-0.000678010640653	-0.000147846971287	-0.00479521954004	-0.0020644583139	0.00136954170677
17020	C884	C88.4 Extranodal marginal zone B-cell lymphoma of mucosa-associated lymphoid tissue [MALT-lymphoma]	16970	4	20	Chapter II	Y	Y	-0.00425824503582	0.00359073188899	-0.000231993777673	0.000620682325322	-0.00507952893554	-0.000676782823755	-0.000191417187383	-0.00478726227885	-0.00215670663308	0.00143261131889
17030	C887	C88.7 Other malignant immunoproliferative diseases	16970	4	20	Chapter II	Y	Y	-0.00422605144221	0.00356452105435	-0.00024689553323	0.000665829904189	-0.00505632572907	-0.000645800634622	-0.000179207328949	-0.00478688005673	-0.00212925613733	0.00143264682295
17040	C889	C88.9 Malignant immunoproliferative disease, unspecified	16970	4	20	Chapter II	Y	Y	-0.00436836662784	0.00354855132619	-0.00030744519324	0.000710999088434	-0.00501449531724	-0.000673131650366	-0.000351740957403	-0.00485426340464	-0.00212420633505	0.0015337485883
17050	C90	C90 Multiple myeloma and malignant plasma cell neoplasms	570	3	20	Chapter II	Y	Y	-0.000978329326609	0.00403499780132	0.000727629124532	1.65010504927e-05	-0.0053116208331	-0.00250567585144	0.00122240321077	-0.00410349779801	-0.00338540049882	0.00182755306151
17060	C900	C90.0 Multiple myeloma	17050	4	20	Chapter II	Y	Y	-0.000999792924228	0.00416144970458	0.000740292124924	6.74978351006e-06	-0.00552097067683	-0.00254926049735	0.00130082944592	-0.0041569456273	-0.00356062313689	0.00192130784212
17070	C901	C90.1 Plasma cell leukaemia	17050	4	20	Chapter II	Y	Y	-0.0010230890448	0.00407583530519	0.000750950732351	1.57854319688e-05	-0.00541992541632	-0.00260693262844	0.001209880882	-0.00419521927209	-0.00342588985303	0.00184501744309
17080	C902	C90.2 Plasmacytoma, extramedullary	17050	4	20	Chapter II	Y	Y	-0.00104793795229	0.00403869191124	0.000899006379537	4.50574322197e-05	-0.00537224590142	-0.00254578821124	0.00107219481738	-0.00408877601483	-0.00349662765962	0.00195562155969
17090	C903	C90.3 Solitary plasmacytoma	17050	4	20	Chapter II	Y	Y	-0.0010195127542	0.0041042859889	0.000761875712783	1.88171847362e-05	-0.00541368069911	-0.00255536533855	0.00123788844056	-0.00416211187686	-0.00343220566392	0.00186841013648
17100	C91	C91 Lymphoid leukaemia	570	3	20	Chapter II	Y	Y	-0.000314497006188	0.00116739828849	0.00239288680251	-0.00108735772997	-0.00757167701839	-0.00288888560969	0.00119155855435	-0.0023680549602	-0.000234033972908	0.000474639500397
17110	C910	C91.0 Acute lymphoblastic leukaemia	17100	4	20	Chapter II	Y	Y	-0.000379285422571	0.00120028108035	0.0024624816448	-0.00097439462758	-0.00774613103567	-0.00313254167044	0.0011177307831	-0.00225965940196	-0.000154389726253	0.000529044300984
17120	C911	C91.1 Chronic lymphocytic leukaemia	17100	4	20	Chapter II	Y	Y	-0.00043660929465	0.00126255019959	0.00260853400322	-0.000777345611182	-0.00789030388427	-0.00298149456762	0.00125841793748	-0.00225363254807	-0.000202831869525	0.00037900641497
17130	C912	C91.2 Subacute lymphocytic leukaemia	17100	4	20	Chapter II	Y	Y	-0.00038923104555	0.00127408578933	0.0025942208217	-0.000944803488412	-0.00775507387378	-0.00294776961401	0.00121204494511	-0.00222657902161	-0.000314978145633	0.000486229121004
17140	C913	C91.3 Prolymphocytic leukaemia	17100	4	20	Chapter II	Y	Y	-0.000393626499956	0.00118216833189	0.00243191332388	-0.00104086963822	-0.00775128337566	-0.00302913061809	0.00120841443564	-0.00236328206683	-0.000264246452141	0.000476961211508
17150	C914	C91.4 Hairy-cell leukaemia	17100	4	20	Chapter II	Y	Y	-0.000347790567624	0.00125971306095	0.00247209309868	-0.00102837745847	-0.00766714657545	-0.00287656090976	0.00122732639395	-0.00239710129485	-0.00023130472439	0.000490584956425
17160	C915	C91.5 Adult T-cell leukaemia	17100	4	20	Chapter II	Y	Y	-0.000416559121233	0.00118593893518	0.00247241978127	-0.00100209044698	-0.00771006325489	-0.00296071275805	0.00121602053571	-0.00236315147876	-0.000210083760899	0.000441970223971
17170	C916	C91.6 Prolymphocytic leukaemia of T-cell type	17100	4	20	Chapter II	Y	Y	-0.000399148982864	0.00125264945958	0.00254191502977	-0.000978768607247	-0.00780864728033	-0.00298183934205	0.00124785375992	-0.00232300346567	-0.000323440914148	0.000495187308915
17180	C917	C91.7 Other lymphoid leukaemia	17100	4	20	Chapter II	Y	Y	-0.000374340451911	0.00123730532632	0.00255034566658	-0.00101094498533	-0.00772935339689	-0.00296195334151	0.00120003438614	-0.00227209818137	-0.000279354590346	0.00046835170656
17190	C918	C91.8 Mature B-cell leukaemia Burkitt-type	17100	4	20	Chapter II	Y	Y	-0.000367257292873	0.00116656040726	0.00244440807994	-0.00101911090826	-0.00770971998244	-0.00308865714755	0.00111608725895	-0.00226285268773	-0.000161528712192	0.000492548388209
17200	C919	C91.9 Lymphoid leukaemia, unspecified	17100	4	20	Chapter II	Y	Y	-0.000532213729524	0.00111364952777	0.00241078279174	-0.0010077862364	-0.0077996040981	-0.00311213653939	0.00126096677592	-0.00228684762147	-0.000315838069041	0.000422646027436
17210	C92	C92 Myeloid leukaemia	570	3	20	Chapter II	Y	Y	-0.000364920639645	0.00193208049306	-0.000699471929138	0.00275766587197	-0.00436702365918	-0.00221933876328	0.00378361021385	-0.00374150557973	-0.00400985282274	0.000242129551339
17220	C920	C92.0 Acute myeloid leukaemia	17210	4	20	Chapter II	Y	Y	-0.000464775889165	0.00182899570248	-0.000975817409551	0.00291875079892	-0.00424592690526	-0.00246566129242	0.0040324116367	-0.0036283361059	-0.00421833907349	0.000175771031219
17230	C921	C92.1 Chronic myeloid leukaemia	17210	4	20	Chapter II	Y	Y	-0.000404756979261	0.00196792254945	-0.00089975224645	0.00297382164761	-0.00431166594529	-0.0023903287917	0.00383469657505	-0.00367568862893	-0.00418007892272	0.000228514446544
17240	C922	C92.2 Subacute myeloid leukaemia	17210	4	20	Chapter II	Y	Y	-0.000280622298873	0.00193266523459	-0.000991496617083	0.00298716228291	-0.00435821754793	-0.00240906521586	0.00394535204276	-0.00370154092715	-0.00425932074555	0.000154441589996
17250	C923	C92.3 Myeloid sarcoma	17210	4	20	Chapter II	Y	Y	-0.000307746451893	0.00187673755857	-0.00101195260127	0.00296281531886	-0.00421196170596	-0.00239465241495	0.00392160627572	-0.00360095236755	-0.00418300598169	0.000133530739652
17260	C924	C92.4 Acute promyelocytic leukaemia	17210	4	20	Chapter II	Y	Y	-0.00045963168841	0.00184005115508	-0.00094747234971	0.00291780642578	-0.00426772023532	-0.00246508366615	0.00406390372023	-0.00363289266595	-0.00422273995437	0.000191667394686
17270	C925	C92.5 Acute myelomonocytic leukaemia	17210	4	20	Chapter II	Y	Y	-0.000333525149484	0.0018832032963	-0.00094905079325	0.00294873193154	-0.00421524307338	-0.0024203214095	0.00390867194016	-0.00361377478092	-0.00419401925454	0.000155810784569
17280	C926	C92.6 Acute myeloid leukaemia with 11q23-abnormality	17210	4	20	Chapter II	Y	Y	-0.000351679898496	0.00191542387902	-0.000969544922187	0.00302489269161	-0.00434926518728	-0.00235013719528	0.00383679644101	-0.00365680201463	-0.00414757743895	0.000162997219845
17290	C927	C92.7 Other myeloid leukaemia	17210	4	20	Chapter II	Y	Y	-0.000394318672563	0.00188614476066	-0.000980337719233	0.00298175516628	-0.00433757732917	-0.00239791524172	0.00387034818871	-0.00366326420076	-0.00415462331049	0.000174141431853
17300	C928	C92.8 Acute myeloid leukaemia with multilineage dysplasia	17210	4	20	Chapter II	Y	Y	-0.000375000914409	0.00185228983258	-0.00109621326596	0.00309186255899	-0.00431377798591	-0.00246585371241	0.00394667054526	-0.00366608383744	-0.00422275312255	0.000101156818019
17310	C929	C92.9 Myeloid leukaemia, unspecified	17210	4	20	Chapter II	Y	Y	-0.000352268522641	0.00194478537911	-0.000940771108018	0.00303082854926	-0.00432520542927	-0.00239612020037	0.00382200599097	-0.00366041638207	-0.00418649718858	0.000198409236563
17320	C93	C93 Monocytic leukaemia	570	3	20	Chapter II	Y	Y	-0.000414087538166	0.00352155903411	0.00243940823832	-0.000139648370946	-0.00711176570986	-0.00199610309024	0.0015542904482	-0.00306309263913	0.000125154011746	0.00128997649767
17330	C930	C93.0 Acute monocytic leukaemia	17320	4	20	Chapter II	Y	Y	-0.000416662401622	0.0035932236535	0.0024184742395	-0.000144181770132	-0.00710477441666	-0.00199876994758	0.00156007152141	-0.00303513924738	0.000191782795619	0.0012883873876
17340	C931	C93.1 Chronic monocytic leukaemia	17320	4	20	Chapter II	Y	Y	-0.00044427066275	0.00356836462356	0.00257966657487	-0.000121239820305	-0.00722375226175	-0.00203157994656	0.00160678800312	-0.00302884165274	3.07051981755e-05	0.00141738938838
17350	C932	C93.2 Subacute monocytic leukaemia	17320	4	20	Chapter II	Y	Y	-0.000425575387481	0.00355302910376	0.00256080435171	-0.000148369177794	-0.00719752047701	-0.00203560422989	0.00157384081948	-0.00302006164714	3.83685178928e-05	0.00141354053234
17360	C933	C93.3 Juvenile myelomonocytic leukaemia	17320	4	20	Chapter II	Y	Y	-0.000419184418798	0.00358625481373	0.00245855118337	-0.000141301167824	-0.00721917283846	-0.00203163411184	0.00159272415685	-0.003119988433	0.000148420132385	0.0012878162414
17370	C937	C93.7 Other monocytic leukaemia	17320	4	20	Chapter II	Y	Y	-0.000416350827558	0.00356200390724	0.00250562631271	-0.000166098037868	-0.00720268063553	-0.00205215815549	0.00156849306696	-0.00311216669045	7.8402663834e-05	0.00133122351806
17380	C939	C93.9 Monocytic leukaemia, unspecified	17320	4	20	Chapter II	Y	Y	-0.000353018363678	0.00358165153596	0.00251029503182	-5.83059979434e-05	-0.00713500476461	-0.00195863628119	0.00167596920778	-0.00304207849024	0.000134381368652	0.00132934865688
17390	C94	C94 Other leukaemias of specified cell type	570	3	20	Chapter II	Y	Y	0.000576850365285	0.000676787034308	-0.00138205120844	-0.000271306798975	-0.00736558835786	-0.00151685234644	0.00409588039018	-0.000874780316726	-0.000797696369156	0.00205853575157
17400	C940	C94.0 Acute erythraemia and erythroleukaemia	17390	4	20	Chapter II	Y	Y	0.000472502567383	0.00072666726142	-0.00157644829966	7.50825414254e-05	-0.0072742698418	-0.00126375782623	0.00370843919863	-0.00160280948658	-0.000757263278986	0.00209261726802
17410	C941	C94.1 Chronic erythraemia	17390	4	20	Chapter II	Y	Y	0.000542471034573	0.000727176398078	-0.00134031623638	-0.000233137402233	-0.0075917429408	-0.00144232840096	0.00415804307836	-0.000999422067914	-0.000880302770158	0.00209366677673
17420	C942	C94.2 Acute megakaryoblastic leukaemia	17390	4	20	Chapter II	Y	Y	0.000570627997811	0.000713667901089	-0.00140715480294	-0.000208256143032	-0.0074764865765	-0.00152467005761	0.00411435042017	-0.00104956585193	-0.000807822148359	0.00206713476771
17430	C943	C94.3 Mast cell leukaemia	17390	4	20	Chapter II	Y	Y	0.000608164746391	0.000696411182585	-0.00141526759934	-0.000237904561504	-0.0074582425002	-0.00145210761992	0.00410073881433	-0.00110197682154	-0.000781243274918	0.00206448286324
17440	C944	C94.4 Acute panmyelosis	17390	4	20	Chapter II	Y	Y	0.000558512603475	0.000726126953545	-0.00134523732139	-0.000239493037222	-0.00757959398662	-0.00143594547459	0.00416915027132	-0.000976633040909	-0.000859722553557	0.00210997783918
17450	C945	C94.5 Acute myelofibrosis	17390	4	20	Chapter II	Y	Y	0.000562175009722	0.00072932600886	-0.00143295471369	-0.000192640164429	-0.00744818508369	-0.00147979063068	0.00407619439477	-0.00107326410258	-0.000826481205885	0.00210315825232
17460	C946	C94.6 Myelodysplastic and myeloproliferative disease, not elsewhere classified	17390	4	20	Chapter II	Y	Y	0.000532241393569	0.00069614563378	-0.00138297339077	-0.000120562373662	-0.00756207232528	-0.00150406461545	0.00403197642208	-0.000872172986582	-0.000869342177072	0.00210514186788
17470	C947	C94.7 Other specified leukaemias	17390	4	20	Chapter II	Y	Y	0.000575839183156	0.000756525802459	-0.00141419991205	-0.00017988307608	-0.00749554404604	-0.0015132663689	0.00410294756154	-0.00110794301105	-0.000824041457453	0.00208842745311
17480	C95	C95 Leukaemia of unspecified cell type	570	3	20	Chapter II	Y	Y	0.00021395188038	0.0028263197685	0.0021795719667	-0.00130750667226	-0.00717151978921	0.000475139356078	0.00195891741457	-0.00343144175202	0.000943551859144	0.00166657035084
17490	C950	C95.0 Acute leukaemia of unspecified cell type	17480	4	20	Chapter II	Y	Y	0.000216757471889	0.00291402552565	0.00223113036188	-0.00154411537836	-0.00729944192303	0.000605612132428	0.00209237869896	-0.00343772919172	0.00113906012312	0.00169943466632
17500	C951	C95.1 Chronic leukaemia of unspecified cell type	17480	4	20	Chapter II	Y	Y	0.000228377165349	0.0028890278663	0.00222932862407	-0.00139160688681	-0.00724214480845	0.000509026350432	0.00198221359544	-0.00343184162929	0.00104849683483	0.00174042695571
17510	C952	C95.2 Subacute leukaemia of unspecified cell type	17480	4	20	Chapter II	Y	Y	0.00024742868372	0.00300446336271	0.00226950143485	-0.00154441869892	-0.00736111558699	0.000621345468342	0.00207713350215	-0.00333480148205	0.00116767570822	0.00176020056917
17520	C957	C95.7 Other leukaemia of unspecified cell type	17480	4	20	Chapter II	Y	Y	0.000293505547693	0.0029359590462	0.00232230619212	-0.00143260152591	-0.00739557820688	0.000505844524625	0.00196898346756	-0.00335347481687	0.00117770296081	0.00174585726795
17530	C959	C95.9 Leukaemia, unspecified	17480	4	20	Chapter II	Y	Y	0.000222930472668	0.00295146862978	0.00216873504242	-0.00155018230291	-0.00718867743794	0.000514777386238	0.00199304303861	-0.00337335911217	0.00103451112697	0.00179400870146
17540	C96	C96 Other and unspecified malignant neoplasms of lymphoid, haematopoietic and related tissue	570	3	20	Chapter II	Y	Y	-0.00208593827832	0.00308058040105	0.000812778083964	0.000768559788845	-0.0050244007215	-0.00123001642892	-0.00228752185959	-0.00394283045359	-0.00363208193658	0.00199993066336
17550	C960	C96.0 Letterer-Siwe disease	17540	4	20	Chapter II	Y	Y	-0.00220836673716	0.00320489030663	0.000785486372459	0.000810708072731	-0.00510392731165	-0.00118884047082	-0.00229269194883	-0.00381269835924	-0.00378119279038	0.00203886595427
17560	C961	C96.1 Malignant histiocytosis	17540	4	20	Chapter II	Y	Y	-0.0021161849099	0.0031240637514	0.000817123495125	0.000832756466168	-0.00511172269992	-0.00129636815648	-0.00231153704314	-0.00397158463353	-0.00367803810642	0.00198506618273
17570	C962	C96.2 Malignant mast cell tumour	17540	4	20	Chapter II	Y	Y	-0.00213258760439	0.00316486922142	0.000853461360519	0.000794103910838	-0.0051119604494	-0.00125569617944	-0.00235676709448	-0.00398879091028	-0.00371972341007	0.00205629613484
17580	C963	C96.3 True histiocytic lymphoma	17540	4	20	Chapter II	Y	Y	-0.00222495349121	0.00320997668221	0.000776319116425	0.000828230407211	-0.00518581402061	-0.00127271172161	-0.00236458383509	-0.00395969869243	-0.0038285448377	0.00204633120276
17590	C964	C96.4 Sarcoma of dendritic cells (accessory cells)	17540	4	20	Chapter II	Y	Y	-0.00225489176126	0.00328204446003	0.000871025867296	0.000825564039627	-0.00524689495858	-0.00125912509543	-0.00228599995455	-0.00388133151619	-0.00387330722426	0.00203905314022
17600	C965	C96.5 Multifocal and unisystemic Langerhans-cell histiocytosis	17540	4	20	Chapter II	Y	Y	-0.00230885096831	0.00311983177076	0.000748606880728	0.000813754605686	-0.00523802798439	-0.00119413083857	-0.00232315996173	-0.00402076143226	-0.00382840625157	0.00198946519243
17610	C966	C96.6 Unifocal Langerhans-cell histiocytosis	17540	4	20	Chapter II	Y	Y	-0.00224590342643	0.00330120853341	0.000884859421742	0.000815897137094	-0.00527271980614	-0.00128522709524	-0.00230244711933	-0.00388733762241	-0.00389220309705	0.00204999882765
17620	C967	C96.7 Other specified malignant neoplasms of lymphoid, haematopoietic and related tissue	17540	4	20	Chapter II	Y	Y	-0.002246171387	0.00309477967891	0.000826927072439	0.000774636292877	-0.00506007681538	-0.00131947213379	-0.00234687531117	-0.00394934263095	-0.00381918261185	0.00208572781448
17630	C968	C96.8 Histiocytic sarcoma	17540	4	20	Chapter II	Y	Y	-0.00222044942336	0.00326843114842	0.000862851454607	0.000763549087168	-0.00510026398514	-0.00139285358453	-0.00232185136225	-0.00390895547357	-0.00381861833584	0.0020655666101
17640	C969	C96.9 Malignant neoplasms of lymphoid, haematopoietic and related tissue, unspecified	17540	4	20	Chapter II	Y	Y	-0.00213199190804	0.00325133475554	0.000916737990704	0.000813245326701	-0.00520924452021	-0.00130749369285	-0.00222592573246	-0.00401157720172	-0.00375782060417	0.00206432883268
17650	C97	C97 Malignant neoplasms of independent (primary) multiple sites	580	3	20	Chapter II	Y	Y	-0.000202635895044	0.00105437798353	0.000250126008053	0.00068145829388	-0.00322527369595	0.00040352742045	0.0011204362509	-0.00275547156114	-0.000580730422646	0.000355618794537
191600	G836	G83.6 Upper motor neuron facial paralysis	35030	4	60	Chapter VI	Y	Y	0.000136244637084	0.000371673826179	-0.00121534604906	0.000137381513211	0.00184684086359	-0.00641325126986	-0.00418527579571	-0.00465861293842	0.00144263242958	0.000694070177242
35030	G83	G83 Other paralytic syndromes	960	3	60	Chapter VI	Y	Y	0.00013316797425	0.000344537150676	-0.00122949114256	7.77494161067e-05	0.00176683486213	-0.00623067690915	-0.00405304066129	-0.00455585255715	0.00137326226987	0.000628947340523
191610	G905	G90.5 Complex regional pain syndrome type I	35120	4	60	Chapter VI	Y	Y	0.00082400671614	-0.00603644839937	-0.000437248464474	0.00154398851651	-0.00124540470417	-0.00147182911524	-0.00600871038852	-0.00235781027004	0.00149671745309	-0.00123497904112
35120	G90	G90 Disorders of autonomic nervous system	970	3	60	Chapter VI	Y	Y	0.000904673669982	-0.00595473821735	-0.000503316323215	0.00149742315618	-0.00133210516991	-0.00139956397563	-0.00584332605758	-0.00248126261113	0.00149146366971	-0.00117319238888
191620	G906	G90.6 Complex regional pain syndrome type II	35120	4	60	Chapter VI	Y	Y	0.000807565786697	-0.00593155057289	-0.000465682803113	0.00155521847603	-0.00127845429541	-0.00142079119125	-0.00591893719874	-0.00229537719598	0.00144248035756	-0.00117656749792
191630	G907	G90.7 Complex regional pain syndrome, other and unspecified type	35120	4	60	Chapter VI	Y	Y	0.000811366182716	-0.00610435503685	-0.000404358743138	0.00150749938132	-0.00124128410575	-0.00149796261466	-0.00605086261807	-0.00236876288266	0.00149556786651	-0.00126171408903
191640	G943	G94.3 Encephalopathy in diseases classified elsewhere	35390	4	60	Chapter VI	Y	Y	0.00109490102202	-0.00515231076045	-0.00278572754087	0.00275613578322	-0.000480794948807	-0.00258768975465	-0.000240744216317	-0.00210349716225	0.00605248482943	0.00148740603148
35390	G94	G94 Other disorders of brain in diseases classified elsewhere	970	3	60	Chapter VI	Y	Y	0.00103992320895	-0.00511576757217	-0.00270871511788	0.00272554682898	-0.000490766552164	-0.00248506245551	-0.000305682982368	-0.00207859141495	0.00591003254597	0.00145132317029
31760	G00	G00 Bacterial meningitis, not elsewhere classified	870	3	60	Chapter VI	Y	Y	0.00070393624591	-0.00509548602121	-0.000824641051695	0.00082667408371	-0.000456752260872	-0.00519996669473	-0.00391686977505	-0.0031401673844	0.00164681193667	-0.000998798923814
31770	G000	G00.0 Haemophilus meningitis	31760	4	60	Chapter VI	Y	Y	0.000737314951849	-0.00529739960712	-0.000909979326921	0.000848015011412	-0.000487947788625	-0.00540705009862	-0.00408742541725	-0.00329170598523	0.00166274345778	-0.00102357658437
31780	G001	G00.1 Pneumococcal meningitis	31760	4	60	Chapter VI	Y	Y	0.00072654832732	-0.00522931260043	-0.000813155834198	0.000848735858357	-0.000463432788348	-0.00534165252835	-0.00401912414776	-0.00318826261342	0.00167042601818	-0.00103884437244
31790	G002	G00.2 Streptococcal meningitis	31760	4	60	Chapter VI	Y	Y	0.000702139048513	-0.0051624112028	-0.000760912578447	0.000840277577785	-0.000452278652856	-0.0053877499797	-0.00404350576487	-0.00311608942315	0.00170166530991	-0.000985526948466
31800	G003	G00.3 Staphylococcal meningitis	31760	4	60	Chapter VI	Y	Y	0.000677585268949	-0.00517720149195	-0.000791059486968	0.000886614528452	-0.000454480212092	-0.00539954408352	-0.00403295849396	-0.00313632173253	0.00169283508873	-0.00101449445871
31810	G008	G00.8 Other bacterial meningitis	31760	4	60	Chapter VI	Y	Y	0.000586071614144	-0.00518107179326	-0.000872300280245	0.000925929534346	-0.000471680919008	-0.00540570979451	-0.00404045565877	-0.0031580955796	0.00166078912744	-0.00110159722462
31820	G009	G00.9 Bacterial meningitis, unspecified	31760	4	60	Chapter VI	Y	Y	0.000690633069283	-0.00517684718056	-0.000764609395132	0.000875312027008	-0.000458544443096	-0.00534197416584	-0.00398393896608	-0.00310971935475	0.00161089660794	-0.00108111370926
31830	G01	G01 Meningitis in bacterial diseases classified elsewhere	870	3	60	Chapter VI	Y	Y	0.000103257392079	-0.00259606484601	-0.0022349983414	0.000696235226537	-0.000971111558881	-0.00154707214692	-0.00171749038434	-0.00362194882345	0.00237826632561	-0.000624611513519
31840	G02	G02 Meningitis in other infectious and parasitic diseases classified elsewhere	870	3	60	Chapter VI	Y	Y	-0.00080009281218	-0.00502959050802	-0.00337026127848	-0.00106416231782	-0.00115339097461	-0.00212950881317	-0.00440754885127	-0.00244724725629	0.0038595676873	-0.00194574649019
31850	G020	G02.0 Meningitis in viral diseases classified elsewhere	31840	4	60	Chapter VI	Y	Y	-0.000850393796733	-0.00512472284885	-0.00346746076037	-0.00106994194622	-0.00114208062099	-0.00222381951573	-0.00451796861296	-0.00245976500778	0.00402885491359	-0.00199825700768
31860	G021	G02.1 Meningitis in mycoses	31840	4	60	Chapter VI	Y	Y	-0.000970909071087	-0.00507807348594	-0.00340657712693	-0.00112883357246	-0.00135396611024	-0.00212418762082	-0.00449760642736	-0.00229181128219	0.00398574343435	-0.00205091063794
31870	G028	G02.8 Meningitis in other specified infectious and parasitic diseases classified elsewhere	31840	4	60	Chapter VI	Y	Y	-0.00102304736892	-0.00505265345438	-0.00345399866877	-0.00103107601225	-0.00132982246399	-0.00220624809152	-0.0044782384952	-0.00229380232129	0.00403620515375	-0.00196698114551
31880	G03	G03 Meningitis due to other and unspecified causes	870	3	60	Chapter VI	Y	Y	0.00101544551508	-0.00415498757321	-0.00218443029056	-0.00286210523178	0.000658727761439	-0.00572728141137	-0.00297614134057	-0.00350091635711	-0.000260054279253	-0.000455597593764
31890	G030	G03.0 Nonpyogenic meningitis	31880	4	60	Chapter VI	Y	Y	0.00107265847436	-0.00418831967699	-0.00219215445912	-0.00300008189724	0.000575525091547	-0.00583270513006	-0.00286133278563	-0.00349905471892	-0.000303884099322	-0.000529944750425
31900	G031	G03.1 Chronic meningitis	31880	4	60	Chapter VI	Y	Y	0.00101959747065	-0.00419671674118	-0.00229875874246	-0.00271400079913	0.000681206872757	-0.00582130801105	-0.00312774655724	-0.00360363446925	-0.000111191539004	-0.000454288263405
31910	G032	G03.2 Benign recurrent meningitis [Mollaret]	31880	4	60	Chapter VI	Y	Y	0.00102573574186	-0.00422459543377	-0.00223761920536	-0.00288529603218	0.000656823982399	-0.00580722986513	-0.00301063323916	-0.00353483139479	-0.000256540278546	-0.000472660554877
31920	G038	G03.8 Meningitis due to other specified causes	31880	4	60	Chapter VI	Y	Y	0.00112907134168	-0.00427108407243	-0.00227696735336	-0.00299021812374	0.000720830371546	-0.00596608359748	-0.00299600654405	-0.00352321349455	-0.000228312705926	-0.000546676956442
31930	G039	G03.9 Meningitis, unspecified	31880	4	60	Chapter VI	Y	Y	0.000984728915062	-0.00416085052946	-0.00221431680063	-0.00292678864854	0.000578807753879	-0.00569783894491	-0.00294836983582	-0.00351141164086	-0.000239004497223	-0.000513289430457
31940	G04	G04 Encephalitis, myelitis and encephalomyelitis	870	3	60	Chapter VI	Y	Y	0.00359074953121	-0.000730991017706	-0.00206036804317	-0.000783283728824	0.00108622981366	-0.0049847756037	-0.00407387078273	-0.00399538268496	0.00232707989136	-0.00132598066346
31950	G040	G04.0 Acute disseminated encephalitis	31940	4	60	Chapter VI	Y	Y	0.00382967885959	-0.000542562299208	-0.00224769962911	-0.000729806978438	0.0012019344302	-0.0052595684719	-0.0040801328276	-0.00418450858823	0.00220102719945	-0.00128753678258
31960	G041	G04.1 Tropical spastic paraplegia	31940	4	60	Chapter VI	Y	Y	0.00376217972216	-0.000669285830465	-0.00236993001659	-0.000652939207681	0.00119911277704	-0.00516381138782	-0.00400692844666	-0.00427608896906	0.00221133452663	-0.0013047107079
31970	G042	G04.2 Bacterial meningoencephalitis and meningomyelitis, not elsewhere classified	31940	4	60	Chapter VI	Y	Y	0.00370057996996	-0.000658198295127	-0.00223452773727	-0.000755923487758	0.00115347167089	-0.00515002348132	-0.00407731346658	-0.00416375671928	0.0023060685879	-0.00130337559541
31980	G048	G04.8 Other encephalitis, myelitis and encephalomyelitis	31940	4	60	Chapter VI	Y	Y	0.00377996680513	-0.000656863083221	-0.0023806819502	-0.000678781517727	0.00120049104078	-0.0051870443535	-0.00402696403625	-0.00429523253537	0.0022247889392	-0.00129582622383
31990	G049	G04.9 Encephalitis, myelitis and encephalomyelitis, unspecified	31940	4	60	Chapter VI	Y	Y	0.00379027663632	-0.000562418205866	-0.00227124542693	-0.000762398587285	0.00120967532967	-0.00523477203762	-0.00407506987735	-0.00418669480605	0.00227906047412	-0.00134368779854
32000	G05	G05 Encephalitis, myelitis and encephalomyelitis in diseases classified elsewhere	870	3	60	Chapter VI	Y	Y	0.00191586158991	-0.00214155213744	-0.00607765349555	0.00107751645444	0.00066569335918	-0.00228651212372	-0.00512075891854	-0.00282502094287	0.00141705358875	-0.000431352675868
32010	G050	G05.0 Encephalitis, myelitis and encephalomyelitis in bacterial diseases classified elsewhere	32000	4	60	Chapter VI	Y	Y	0.00194484080063	-0.00216886257736	-0.00614500508267	0.00107455980923	0.000703828891923	-0.00229523851473	-0.00514244842104	-0.00282734774474	0.0014331953053	-0.000412953483844
32020	G051	G05.1 Encephalitis, myelitis and encephalomyelitis in viral diseases classified elsewhere	32000	4	60	Chapter VI	Y	Y	0.00197912927089	-0.00216668284937	-0.00621139940064	0.00107366949645	0.000692278095053	-0.00229160791623	-0.00508368038653	-0.00284657317935	0.00143263683165	-0.000381439377695
32030	G052	G05.2 Encephalitis, myelitis and encephalomyelitis in other infectious and parasitic diseases classified elsewhere	32000	4	60	Chapter VI	Y	Y	0.00192469318592	-0.00219857019942	-0.00603145002552	0.00103782867579	0.0006942517686	-0.00233252855145	-0.00517141914902	-0.00279951118215	0.00141439445244	-0.000420290586685
32040	G058	G05.8 Encephalitis, myelitis and encephalomyelitis in other diseases classified elsewhere	32000	4	60	Chapter VI	Y	Y	0.0019268591658	-0.00211663301852	-0.00606233559136	0.00107245688316	0.000674424166391	-0.00229739470614	-0.00520480547911	-0.00276297636073	0.00137296209739	-0.000399496973452
32050	G06	G06 Intracranial and intraspinal abscess and granuloma	870	3	60	Chapter VI	Y	Y	-0.000224468364867	-0.00563288197026	-0.000176141951283	-0.00187811482725	0.00101930916131	-0.00294710881971	-0.00339251247425	-0.00454483375805	0.00248687137139	-0.00261283078371
32060	G060	G06.0 Intracranial abscess and granuloma	32050	4	60	Chapter VI	Y	Y	-0.0003350211363	-0.00572373834146	-0.000155637652431	-0.00192719788783	0.00107312877054	-0.00298875385777	-0.00330583788265	-0.00458608864749	0.00246022991306	-0.00282944608399
32070	G061	G06.1 Intraspinal abscess and granuloma	32050	4	60	Chapter VI	Y	Y	-0.000271467645517	-0.00572024897825	-0.000252438685671	-0.00184244902511	0.00105963059424	-0.00298086469572	-0.00332558317478	-0.00469083320785	0.00251433934136	-0.00273029688256
32080	G062	G06.2 Extradural and subdural abscess, unspecified	32050	4	60	Chapter VI	Y	Y	-0.000432834785487	-0.00564867087015	-1.44290269326e-05	-0.00196227322834	0.0010265244733	-0.00284405984915	-0.00333027473945	-0.00463152149345	0.0023399896435	-0.00267932450987
32090	G07	G07 Intracranial and intraspinal abscess and granuloma in diseases classified elsewhere	870	3	60	Chapter VI	Y	Y	-3.94049283993e-05	-0.00273236644588	-0.00214182951464	0.000868858979842	-0.00108497779391	-0.00138737319845	-0.00173144421826	-0.00358057809635	0.00248800503733	-0.00121554851342
32100	G08	G08 Intracranial and intraspinal phlebitis and thrombophlebitis	870	3	60	Chapter VI	Y	Y	0.000138083150664	-0.00227432634807	-0.00232733090375	0.00087084737775	-0.0011110917888	-0.00126110658367	-0.00165318689337	-0.00375340199078	0.00212862581489	-0.00081450331959
32110	G09	G09 Sequelae of inflammatory diseases of central nervous system	870	3	60	Chapter VI	Y	Y	0.000224986862345	-0.00351660065921	-0.00269275848265	0.000604558158764	-0.000569201572667	-0.00208798732058	-0.0025260384325	-0.00389370781832	0.00291217239184	-0.00083883861169
32120	G10	G10 Huntington's disease	880	3	60	Chapter VI	Y	Y	0.00242002558392	-0.00218378027051	-0.00135292684963	0.00240329817008	0.00126980356137	-0.00135943236215	-0.00125084411738	-0.00323081805238	0.00066464013256	-0.00189189048198
32130	G11	G11 Hereditary ataxia	880	3	60	Chapter VI	Y	Y	-0.000117922290892	-0.00181523851876	-0.00740285348845	0.00174241919022	-0.0016954357215	-0.00251244198539	-0.00265277106505	-0.000776586436513	0.00267887152533	0.000548557465433
32140	G110	G11.0 Congenital nonprogressive ataxia	32130	4	60	Chapter VI	Y	Y	-0.000113434831499	-0.00185905202459	-0.00755684246279	0.001702398478	-0.00167680643239	-0.00257396503475	-0.0027505920012	-0.000761628052138	0.00279385889259	0.000565106944985
32150	G111	G11.1 Early-onset cerebellar ataxia	32130	4	60	Chapter VI	Y	Y	-0.000125834160506	-0.00182641370968	-0.00754001753226	0.00173515765647	-0.00173459673145	-0.00256735911329	-0.00273000823733	-0.000745331223458	0.00275159990051	0.000552195441404
32160	G112	G11.2 Late-onset cerebellar ataxia	32130	4	60	Chapter VI	Y	Y	-0.000175078544389	-0.00181205985345	-0.00757322675068	0.00186530943974	-0.00184410339376	-0.00258841446731	-0.00265425913828	-0.000836257542281	0.00267694031912	0.000549800518509
32170	G113	G11.3 Cerebellar ataxia with defective DNA repair	32130	4	60	Chapter VI	Y	Y	-0.000151802795605	-0.00175807606887	-0.00756169094626	0.00178035577143	-0.00183343841936	-0.00252128245353	-0.00260766785188	-0.000762021936223	0.0026377250619	0.000578588546186
32180	G114	G11.4 Hereditary spastic paraplegia	32130	4	60	Chapter VI	Y	Y	-0.000141567945597	-0.00177921196389	-0.00747102594131	0.00171096747419	-0.00175032130365	-0.00248924247104	-0.00260555388138	-0.000754519475069	0.00262481286951	0.000555462957035
32190	G118	G11.8 Other hereditary ataxias	32130	4	60	Chapter VI	Y	Y	-0.00022769160109	-0.00180306528905	-0.00757989312681	0.00188171620652	-0.0019360240206	-0.00256512335541	-0.00267065391985	-0.000782929259118	0.00260140997358	0.000541951307189
32200	G119	G11.9 Hereditary ataxia, unspecified	32130	4	60	Chapter VI	Y	Y	-0.000184113311507	-0.00181326689191	-0.00770231591346	0.0017951557558	-0.00182446386662	-0.00258578471232	-0.00273216331743	-0.000700915986548	0.00270175293892	0.000583261131835
32210	G12	G12 Spinal muscular atrophy and related syndromes	880	3	60	Chapter VI	Y	Y	0.00100140863261	-0.00246011740605	-0.00232328655691	-0.00272836641539	0.00188863998256	-0.00313260879825	-0.000796761830692	-0.00371098535554	0.00388103777751	0.00498536109684
32220	G120	G12.0 Infantile spinal muscular atrophy, type I [Werdnig-Hoffman]	32210	4	60	Chapter VI	Y	Y	0.0010033912885	-0.00249130737679	-0.00234504180629	-0.00273723887475	0.00192885029277	-0.00318760379984	-0.000846496535685	-0.00365046499519	0.00398814247355	0.00508418204029
32230	G121	G12.1 Other inherited spinal muscular atrophy	32210	4	60	Chapter VI	Y	Y	0.00101613566327	-0.00253480501308	-0.00244952303222	-0.00267201559061	0.00194360387673	-0.00324015642107	-0.00090455018968	-0.00372952603541	0.00397034092222	0.00500733572625
32240	G122	G12.2 Motor neuron disease	32210	4	60	Chapter VI	Y	Y	0.00103098829504	-0.00251025073376	-0.00237310348579	-0.00262800711073	0.00190728846143	-0.00318192898799	-0.000940829294163	-0.00381590644653	0.00387315124482	0.00498731904836
32250	G128	G12.8 Other spinal muscular atrophies and related syndromes	32210	4	60	Chapter VI	Y	Y	0.00102943676796	-0.00255520153363	-0.00245138674347	-0.00276166758695	0.00200615381461	-0.00326251857469	-0.000911510257535	-0.00372429358545	0.00404500756206	0.00508618711098
32260	G129	G12.9 Spinal muscular atrophy, unspecified	32210	4	60	Chapter VI	Y	Y	0.00101157671249	-0.00252484648722	-0.00242763143925	-0.00276299111416	0.00195143554242	-0.00326712909586	-0.000871594018198	-0.00375174279637	0.00399358309956	0.00508970249431
32270	G13	G13 Systemic atrophies primarily affecting central nervous system in diseases classified elsewhere	880	3	60	Chapter VI	Y	Y	0.00217080681296	-0.00246021518585	-0.000998055075844	0.00306943316827	0.000625939943863	-0.00318367254076	-0.00337434872446	-0.00339611658194	0.00475774247428	-0.00354780126607
32280	G130	G13.0 Paraneoplastic neuromyopathy and neuropathy	32270	4	60	Chapter VI	Y	Y	0.00219164212715	-0.00249004072116	-0.00101528159083	0.00309157625813	0.000637293791567	-0.0032130143752	-0.00339621781158	-0.00341210345206	0.00478343407029	-0.00354248669638
32290	G131	G13.1 Other systemic atrophy primarily affecting central nervous system in neoplastic disease	32270	4	60	Chapter VI	Y	Y	0.00222770473272	-0.00241682294776	-0.000916082481948	0.0031804544394	0.000660341628266	-0.00322208576482	-0.00342475745437	-0.00338573545939	0.00485086939329	-0.00369730369214
32300	G132	G13.2 Systemic atrophy primarily affecting central nervous system in myxoedema	32270	4	60	Chapter VI	Y	Y	0.00225189895382	-0.002406294892	-0.00089327235889	0.00315591481428	0.000624042971438	-0.00319745241737	-0.00338475768312	-0.00339772385841	0.00480826793468	-0.00367294727703
32310	G138	G13.8 Systemic atrophy primarily affecting central nervous system in other diseases classified elsewhere	32270	4	60	Chapter VI	Y	Y	0.00222121543486	-0.00248487658479	-0.000986501464954	0.00309260592128	0.000649073574856	-0.00324404625133	-0.00341369777506	-0.00340086941843	0.00476791773615	-0.00358132791673
32320	G14	G14 Postpolio syndrome	880	3	60	Chapter VI	Y	Y	0.000600477273262	-0.000753037397996	-0.0049551616718	0.00376301980556	-0.00133487171241	-0.00203009270076	0.000575905904955	-0.00194937191641	0.00191242611155	-0.000855009292337
32330	G20	G20 Parkinson's disease	890	3	60	Chapter VI	Y	Y	0.000477489540315	-0.00307456751755	-0.00305757640661	0.00126280901239	-5.21208770275e-05	-0.00174834030565	-0.000649655096129	-0.00375633319664	0.00194833569789	0.000680287860489
32340	G21	G21 Secondary Parkinsonism	890	3	60	Chapter VI	Y	Y	0.000843038770379	-0.00413612368323	-0.00735693402367	0.00195953418773	0.00076897015162	-0.000464885311101	-1.52644477138e-05	-0.00259583716018	9.80011676817e-05	0.000166025377987
32350	G210	G21.0 Malignant neuroleptic syndrome	32340	4	60	Chapter VI	Y	Y	0.000889123357007	-0.00423515876064	-0.00770436247452	0.00199072622991	0.000557053584057	-0.000378662023523	5.40228105805e-05	-0.00241025699228	-7.97441141079e-05	0.00014051668029
32360	G211	G21.1 Other drug-induced secondary Parkinsonism	32340	4	60	Chapter VI	Y	Y	0.000813948578736	-0.00425331030592	-0.00763831656163	0.00198414662324	0.000684632325469	-0.000445769047007	2.9862516518e-06	-0.00270808922688	1.91456045583e-05	0.00013423565715
32370	G212	G21.2 Secondary Parkinsonism due to other external agents	32340	4	60	Chapter VI	Y	Y	0.000855084654466	-0.00433976110894	-0.0076370043141	0.00199523904938	0.000782009538401	-0.000508280835599	-5.99011181156e-05	-0.00260544867028	8.85542318775e-05	0.000182165502661
32380	G213	G21.3 Postencephalitic Parkinsonism	32340	4	60	Chapter VI	Y	Y	0.000833754835768	-0.00430841177315	-0.00754812460352	0.0019751838875	0.0008008843866	-0.000531658771438	-8.77181870956e-05	-0.0026471506086	0.000149049966602	0.00019911453574
32390	G214	G21.4 Vascular parkinsonism	32340	4	60	Chapter VI	Y	Y	0.000810712297087	-0.00425783750162	-0.00769717720272	0.00209997612655	0.000768037186665	-0.000401105305	8.63450326335e-06	-0.00258718351618	-7.10994856702e-05	0.000114915658621
32400	G218	G21.8 Other secondary Parkinsonism	32340	4	60	Chapter VI	Y	Y	0.000801801702308	-0.00423644643022	-0.00757798330358	0.00203655610596	0.000746100560462	-0.000478156311559	-2.32013662464e-05	-0.00265532095791	-1.21707088381e-05	0.000130577680974
32410	G219	G21.9 Secondary Parkinsonism, unspecified	32340	4	60	Chapter VI	Y	Y	0.000836217340976	-0.00434230935612	-0.00760904581989	0.00202935568228	0.000818120944476	-0.000502456592478	-9.53802960692e-05	-0.00264820969395	9.95899414873e-05	0.00015982230713
32420	G22	G22 Parkinsonism in diseases classified elsewhere	890	3	60	Chapter VI	Y	Y	0.00030990858874	-0.0025320696494	-0.00290003979577	0.00172175884336	-0.000571305446233	-0.00154908150725	-3.92397374423e-05	-0.00354887232243	0.0014737905605	0.000886441273122
32430	G23	G23 Other degenerative diseases of basal ganglia	890	3	60	Chapter VI	Y	Y	0.000579043310018	-0.00482136347582	-0.00481959106868	0.000454266640677	0.00121586857878	-0.00392668863449	-0.00131306829847	-0.00306223062549	-0.000333010837707	0.00354110675012
32440	G230	G23.0 Hallervorden-Spatz disease	32430	4	60	Chapter VI	Y	Y	0.000508700122531	-0.00497829220792	-0.00484151293735	0.000461397058557	0.00125328947056	-0.00394925580269	-0.00127213791554	-0.00308204977168	-0.000375542282876	0.00367924421457
32450	G231	G23.1 Progressive supranuclear ophthalmoplegia [Steele-Richardson-Olszewski]	32430	4	60	Chapter VI	Y	Y	0.000586313829048	-0.00493120235174	-0.00490895540143	0.000464950182908	0.00126244785599	-0.00399199717802	-0.00132286414206	-0.00309034339224	-0.000369200716198	0.00361151166291
32460	G232	G23.2 Striatonigral degeneration	32430	4	60	Chapter VI	Y	Y	0.000458202707151	-0.00502420551873	-0.00477896976305	0.00050106280669	0.00134839316009	-0.00388126899572	-0.00121909083974	-0.00306064609627	-0.000300845029388	0.00356354813073
32470	G233	G23.3 Multiple system atrophy, cerebellar type	32430	4	60	Chapter VI	Y	Y	0.000580294083955	-0.00496948419968	-0.00481908053713	0.00044356402395	0.0013990206502	-0.00383895010324	-0.0012798219192	-0.00298744920534	-0.000204725832569	0.00346469127758
32480	G238	G23.8 Other specified degenerative diseases of basal ganglia	32430	4	60	Chapter VI	Y	Y	0.00049093762591	-0.00501724582845	-0.00487676730139	0.000451201253995	0.00135243302795	-0.0039568386974	-0.00124296626607	-0.00304383358856	-0.000375520727137	0.0036182453678
32490	G239	G23.9 Degenerative disease of basal ganglia, unspecified	32430	4	60	Chapter VI	Y	Y	0.000398406952087	-0.00486628453973	-0.00472711180806	0.000485427462982	0.00118521770853	-0.00386794984613	-0.00118136829975	-0.00306787370796	-0.000432233632444	0.0036067100712
32500	G24	G24 Dystonia	890	3	60	Chapter VI	Y	Y	0.00339688788877	-0.00118814459672	-0.00348578728083	-0.00309542688476	0.00134011660053	-0.00223253604139	-0.00537226272443	-0.00380852123801	-0.000836939499704	0.00105444146206
32510	G240	G24.0 Drug-induced dystonia	32500	4	60	Chapter VI	Y	Y	0.00326607747523	-0.00116369207975	-0.00358284169417	-0.00295111713487	0.00137032779432	-0.00235456164355	-0.00537494441003	-0.00371207284527	-0.000805192366543	0.00104374776988
32520	G241	G24.1 Idiopathic familial dystonia	32500	4	60	Chapter VI	Y	Y	0.00335997829187	-0.00119108328192	-0.0035964232828	-0.00300293567702	0.00136312173652	-0.0022675921791	-0.00544853486614	-0.00368270941339	-0.000931342556836	0.00111612279899
32530	G242	G24.2 Idiopathic nonfamilial dystonia	32500	4	60	Chapter VI	Y	Y	0.00332506935281	-0.00121493690897	-0.00352791547404	-0.00302754088633	0.00130710120109	-0.00233113664738	-0.00544644074414	-0.00367561321832	-0.00088320398965	0.00107056169476
32540	G243	G24.3 Spasmodic torticollis	32500	4	60	Chapter VI	Y	Y	0.0034112324126	-0.00106282297655	-0.0034686282711	-0.0032192332267	0.0013489133242	-0.00233250377959	-0.00544755858544	-0.00379947526974	-0.000835478209124	0.000948397095841
32550	G244	G24.4 Idiopathic orofacial dystonia	32500	4	60	Chapter VI	Y	Y	0.0033328981483	-0.00129575872416	-0.00361628129024	-0.00300439819373	0.00135916801072	-0.00236137932524	-0.0054414779366	-0.00386851056001	-0.000787218008764	0.00108378370914
32560	G245	G24.5 Blepharospasm	32500	4	60	Chapter VI	Y	Y	0.00341467618087	-0.00125242902845	-0.00357630386778	-0.00311796848365	0.00144718951093	-0.00236703777855	-0.00556134416364	-0.00373580066601	-0.000830402337227	0.00105735704909
32570	G248	G24.8 Other dystonia	32500	4	60	Chapter VI	Y	Y	0.00335847384899	-0.00117301599277	-0.00351305877436	-0.00305738881013	0.00146811908234	-0.00230874917338	-0.0054016410653	-0.00374039152322	-0.000787501306711	0.000993088301363
32580	G249	G24.9 Dystonia, unspecified	32500	4	60	Chapter VI	Y	Y	0.00335654935991	-0.00122982877794	-0.00359602792502	-0.00299148841199	0.00137708545719	-0.00230417965633	-0.00544137453516	-0.00372233205746	-0.000856035358878	0.00110086872165
32590	G25	G25 Other extrapyramidal and movement disorders	890	3	60	Chapter VI	Y	Y	0.0024623800224	-0.0034202449606	-0.000986948866316	-3.39465517939e-05	0.00392594660829	-0.00155497960258	-0.00167816708543	-0.00552900830596	0.00380670454896	-0.000354231900551
32600	G250	G25.0 Essential tremor	32590	4	60	Chapter VI	Y	Y	0.00252481965295	-0.00348260396234	-0.00105621436667	3.04266330631e-06	0.00398987618412	-0.0016214473733	-0.00175676399465	-0.00568801249414	0.00376979296004	-0.000479110195693
32610	G251	G25.1 Drug-induced tremor	32590	4	60	Chapter VI	Y	Y	0.00258627589488	-0.00360421302703	-0.00113381088374	-2.21522696238e-05	0.00413352123314	-0.00163903156706	-0.00162854486585	-0.00575097812308	0.00396798210625	-0.000380610903512
32620	G252	G25.2 Other specified forms of tremor	32590	4	60	Chapter VI	Y	Y	0.00260194383616	-0.00358409261425	-0.0010370839657	3.64725455194e-05	0.00408279552749	-0.0015911912157	-0.00163478916852	-0.00577006336976	0.00395952105884	-0.000345351524767
32630	G253	G25.3 Myoclonus	32590	4	60	Chapter VI	Y	Y	0.00246865156344	-0.00344534485483	-0.00106380364098	-2.84514908857e-05	0.00396206548814	-0.00163703374875	-0.00175047126207	-0.00561799506771	0.00382619099004	-0.000360873764421
32640	G254	G25.4 Drug-induced chorea	32590	4	60	Chapter VI	Y	Y	0.00262932405434	-0.00360951176049	-0.00100589304426	5.58972673011e-05	0.00407321856393	-0.0015688575404	-0.00158377213928	-0.00578350360984	0.00399267140804	-0.000273343790902
32650	G255	G25.5 Other chorea	32590	4	60	Chapter VI	Y	Y	0.00244841540424	-0.00355388931612	-0.00109761341914	-1.40141507563e-05	0.00393455135855	-0.00158351588814	-0.00172394560514	-0.00552911526951	0.00380855221291	-0.000315981175437
32660	G256	G25.6 Drug-induced tics and other tics of organic origin	32590	4	60	Chapter VI	Y	Y	0.00252161048396	-0.00349022403327	-0.00106773547667	9.98527264847e-06	0.00397985223067	-0.00166397142578	-0.00171240465925	-0.00565121879593	0.00385969735979	-0.000327107885273
32670	G258	G25.8 Other specified extrapyramidal and movement disorders	32590	4	60	Chapter VI	Y	Y	0.00245617342959	-0.00340696288105	-0.0010583791428	-4.20649585091e-05	0.00394374192689	-0.00163612951564	-0.00176323979258	-0.00555505875863	0.00377463976457	-0.000354238061475
32680	G259	G25.9 Extrapyramidal and movement disorder, unspecified	32590	4	60	Chapter VI	Y	Y	0.00253452853471	-0.00346414669316	-0.00104503110449	-3.17464533077e-05	0.00400245552951	-0.00161492069579	-0.00173076184101	-0.00566492729011	0.00384294140846	-0.000368516198281
32690	G26	G26 Extrapyramidal and movement disorders in diseases classified elsewhere	890	3	60	Chapter VI	Y	Y	0.000231636019252	-0.00260892958084	-0.00297269413584	0.00172326867094	-0.00061252218573	-0.00152174194893	6.55716793999e-05	-0.00346471602042	0.0013354736629	0.000977719208689
32700	G30	G30 Alzheimer's disease	900	3	60	Chapter VI	Y	Y	0.000248529286854	-0.0017156552041	-0.00215446548566	-0.00198618171386	0.0029253919487	-0.00209610684762	0.000464690147475	-0.00538505069207	0.0056493588475	-0.000920185640136
32710	G300	G30.0 Alzheimer's disease with early onset	32700	4	60	Chapter VI	Y	Y	0.000169609388465	-0.00164553155324	-0.00212376326638	-0.00214800310775	0.00302326703121	-0.00209665214726	0.000596723416228	-0.00547901711843	0.00584438940116	-0.000926235029748
32720	G301	G30.1 Alzheimer's disease with late onset	32700	4	60	Chapter VI	Y	Y	0.00030688094382	-0.00155367025729	-0.00202755277964	-0.00210399730974	0.00306164926308	-0.00208321756016	0.000552413462856	-0.00560542847374	0.00567656261545	-0.00101481855888
32730	G308	G30.8 Other Alzheimer's disease	32700	4	60	Chapter VI	Y	Y	0.000241438106571	-0.00154792890788	-0.00204151773148	-0.00214037498038	0.00305903343206	-0.0020919198498	0.000591031702988	-0.00559572034921	0.00575996370538	-0.00100825097626
32740	G309	G30.9 Alzheimer's disease, unspecified	32700	4	60	Chapter VI	Y	Y	0.000314812462656	-0.00150278832113	-0.00199002915937	-0.00209887372879	0.0030200138833	-0.00208498820297	0.000528847688275	-0.00566885931035	0.00563252628606	-0.00101594860575
32750	G31	G31 Other degenerative diseases of nervous system, not elsewhere classified	900	3	60	Chapter VI	Y	Y	0.00288398238496	-0.00614440624575	-0.00431376619388	-0.000726618851025	-0.00191555227514	0.000102245652117	-0.00242531714497	-0.000594432992731	0.00204428805629	0.000777026253965
32760	G310	G31.0 Circumscribed brain atrophy	32750	4	60	Chapter VI	Y	Y	0.00298674380754	-0.00631425294231	-0.00440447259521	-0.000848203743292	-0.00191135133324	0.000110613909761	-0.00236846460782	-0.000505292864648	0.00211999613194	0.000787632405016
32770	G311	G31.1 Senile degeneration of brain, not elsewhere classified	32750	4	60	Chapter VI	Y	Y	0.00303630278171	-0.00638842811644	-0.00439415134486	-0.000898459678858	-0.00196466128306	0.000242491690472	-0.00232322326139	-0.000475984479115	0.00192673754112	0.000744755507282
32780	G312	G31.2 Degeneration of nervous system due to alcohol	32750	4	60	Chapter VI	Y	Y	0.00301174662911	-0.00627943884437	-0.00444430734516	-0.000826316121962	-0.00185498785445	0.000121422520709	-0.00236497079378	-0.000400820215671	0.0019607010584	0.000721244758965
32790	G318	G31.8 Other specified degenerative diseases of nervous system	32750	4	60	Chapter VI	Y	Y	0.00299813235378	-0.00629608427137	-0.00441348957645	-0.000827345118508	-0.00191335409178	0.000117799286697	-0.00240527028844	-0.00050396263718	0.00205900735458	0.000774937422185
32800	G319	G31.9 Degenerative disease of nervous system, unspecified	32750	4	60	Chapter VI	Y	Y	0.00306350913403	-0.00639084091913	-0.00451178519547	-0.00084290946348	-0.00189462611672	0.00014648301349	-0.00238565021674	-0.000371166886958	0.00200837470661	0.000749295487237
32810	G32	G32 Other degenerative disorders of nervous system in diseases classified elsewhere	900	3	60	Chapter VI	Y	Y	-0.000665197696789	-0.0028748944294	-0.00435019798088	0.000960101184825	0.0026117939543	-0.00316290312378	0.000249552782052	-0.0037524293294	0.00512507448181	-0.000623003672955
32820	G320	G32.0 Subacute combined degeneration of spinal cord in diseases classified elsewhere	32810	4	60	Chapter VI	Y	Y	-0.000755589022967	-0.00280085051326	-0.00456907691101	0.00100029084915	0.00295388083577	-0.00333312366209	0.000583223594677	-0.00383873540739	0.00539196867897	-0.000647892011037
32830	G328	G32.8 Other specified degenerative disorders of nervous system in diseases classified elsewhere	32810	4	60	Chapter VI	Y	Y	-0.000721136532766	-0.00275766061008	-0.00448576065616	0.000976506407327	0.00282908834431	-0.00325274259099	0.000533407228953	-0.00385086650472	0.00525814451446	-0.000638308477129
32840	G35	G35 Multiple sclerosis	910	3	60	Chapter VI	Y	Y	0.000886587160641	-0.00324874647895	-0.00121599727172	0.00144688993329	-0.001915837727	-0.000898638412943	-0.00203839855844	-0.00420454066512	0.0034632670177	0.00138574254876
32850	G36	G36 Other acute disseminated demyelination	910	3	60	Chapter VI	Y	Y	0.000726821796567	-0.00406314518102	-0.00336240626543	-9.51758365586e-05	6.65027956884e-05	0.00178491696933	-0.00371049185748	-0.00252334968999	0.00462080558719	0.00347244675481
32860	G360	G36.0 Neuromyelitis optica [Devic]	32850	4	60	Chapter VI	Y	Y	0.000718854038108	-0.00420664088569	-0.00339319004768	-0.000110933639278	0.000163534181458	0.00182460515687	-0.00388218715172	-0.00259802153261	0.00482029999755	0.00363950419982
32870	G361	G36.1 Acute and subacute haemorrhagic leukoencephalitis [Hurst]	32850	4	60	Chapter VI	Y	Y	0.000732843264883	-0.00413194853691	-0.00341735991192	-0.000177371290609	0.000152482293588	0.00189131210714	-0.00384401292142	-0.00255263988592	0.00470826905552	0.00362816278965
32880	G368	G36.8 Other specified acute disseminated demyelination	32850	4	60	Chapter VI	Y	Y	0.000741057323058	-0.00420087657839	-0.00336446985162	-0.000249351454868	0.000279582148917	0.00190483763692	-0.00388134570759	-0.00254336426615	0.00470414007518	0.0036725842045
32890	G369	G36.9 Acute disseminated demyelination, unspecified	32850	4	60	Chapter VI	Y	Y	0.000726766565841	-0.00414810043128	-0.0034515316374	-0.000195459353519	0.000185339181587	0.00196625767801	-0.00387182046005	-0.00260162602744	0.00463066353368	0.00367167870879
32900	G37	G37 Other demyelinating diseases of central nervous system	910	3	60	Chapter VI	Y	Y	0.00284122417886	-0.000759185783918	-0.00208314731916	0.00171635352684	0.000970249543959	-0.00640795341032	-0.00279438405923	-0.00283699523496	0.0020333052668	-0.00068626868735
32910	G370	G37.0 Diffuse sclerosis	32900	4	60	Chapter VI	Y	Y	0.00307041452229	-0.000628688042046	-0.0019251148872	0.00196214790528	0.000892622112785	-0.00639567004459	-0.00300236535452	-0.00285884201267	0.00196080370042	-0.000721201392865
32920	G371	G37.1 Central demyelination of corpus callosum	32900	4	60	Chapter VI	Y	Y	0.00302602580524	-0.000603134383066	-0.00196740487321	0.00186524327942	0.000917865641969	-0.00648980949216	-0.00296149753056	-0.00288959233908	0.00196039612608	-0.000772015286586
32930	G372	G37.2 Central pontine myelinolysis	32900	4	60	Chapter VI	Y	Y	0.00307236040703	-0.000646847748592	-0.00198054833374	0.00193518438048	0.000993059045232	-0.00654039208991	-0.00306022928232	-0.00285036642657	0.00201024223359	-0.000707863267128
32940	G373	G37.3 Acute transverse myelitis in demyelinating disease of central nervous system	32900	4	60	Chapter VI	Y	Y	0.00291650905948	-0.000777096272401	-0.00215418442202	0.0018489537409	0.000931594611181	-0.00644278283819	-0.00299581278217	-0.00283470828983	0.00202404782754	-0.000634573700344
32950	G374	G37.4 Subacute necrotising myelitis	32900	4	60	Chapter VI	Y	Y	0.00120376196625	-0.00200745897457	-0.00348399976687	0.000357134152746	0.000775345085787	-0.00663373358945	-0.00156997147062	-0.00369554862658	0.00275255925132	-0.0007707357617
32960	G375	G37.5 Concentric sclerosis [Balo]	32900	4	60	Chapter VI	Y	Y	0.00317499786765	-0.000575553576218	-0.00195074837745	0.00190087604094	0.000950351311156	-0.00676320012508	-0.00301018121265	-0.0028974231139	0.00196191355965	-0.000762176521461
32970	G378	G37.8 Other specified demyelinating diseases of central nervous system	32900	4	60	Chapter VI	Y	Y	0.00305570901697	-0.000671037634908	-0.00199725005049	0.0019200670622	0.000983151355545	-0.00649452420726	-0.00305610244835	-0.00287587505127	0.00201381942493	-0.000718569679294
32980	G379	G37.9 Demyelinating disease of central nervous system, unspecified	32900	4	60	Chapter VI	Y	Y	0.00295991656076	-0.000603792280727	-0.00199018969464	0.00181974100079	0.000852983312292	-0.00656007007719	-0.00277554180927	-0.00296725081367	0.00194982013175	-0.000826482860101
32990	G40	G40 Epilepsy	920	3	60	Chapter VI	Y	Y	0.00161024632822	-0.000720749657776	-0.00293086458566	-0.000126682122204	0.000378917107783	-0.00332073000505	-0.00278663898615	-0.0028177384554	0.00642744737365	-0.00236165938767
33000	G400	G40.0 Localisation-related (focal) (partial) idiopathic epilepsy and epileptic syndromes with seizures of localised onset	32990	4	60	Chapter VI	Y	Y	0.00165504226454	-0.000726624562624	-0.00297674069362	-0.000124741061019	0.000323632792421	-0.00337100988729	-0.00288137560004	-0.00281524361219	0.00653013569605	-0.00243439001677
33010	G401	G40.1 Localisation-related (focal) (partial) symptomatic epilepsy and epileptic syndromes with simple partial seizures	32990	4	60	Chapter VI	Y	Y	0.0017077961692	-0.000807273196794	-0.00300859949957	-0.00016371103069	0.000351792315349	-0.00337152903096	-0.00285223971668	-0.00283196258536	0.00658777233482	-0.00242586246652
33020	G402	G40.2 Localisation-related (focal) (partial) symptomatic epilepsy and epileptic syndromes with complex partial seizures	32990	4	60	Chapter VI	Y	Y	0.000817325069093	0.000920476260859	-0.00262784636585	0.00078934423525	0.000641424252701	-0.00298670243994	-0.00285231441033	-0.00330202131838	0.00642804850535	-0.00212654544142
33030	G403	G40.3 Generalised idiopathic epilepsy and epileptic syndromes	32990	4	60	Chapter VI	Y	Y	0.00144193251306	-0.000671792286889	-0.00306010725688	-4.7388514955e-05	0.000314338706308	-0.00342696985182	-0.00306230681399	-0.00276972679619	0.0065246870069	-0.00256635218488
33040	G404	G40.4 Other generalised epilepsy and epileptic syndromes	32990	4	60	Chapter VI	Y	Y	0.00163197329331	-0.000674806153605	-0.00298623974394	-0.000126644573908	0.00041004526694	-0.00339995290992	-0.00283047340227	-0.00286778312785	0.00657954019388	-0.00241431707967
33050	G405	G40.5 Special epileptic syndromes	32990	4	60	Chapter VI	Y	Y	0.00185527245523	-0.00126650300696	-0.00319574794562	-0.000229052182794	0.000867762293533	-0.00379453719722	-0.00273430233782	-0.00316289709849	0.00715185013067	-0.00216274934619
33060	G406	G40.6 Grand mal seizures, unspecified (with or without petit mal)	32990	4	60	Chapter VI	Y	Y	0.00146852740683	-0.000719772731946	-0.00306967431723	-7.38384056697e-05	0.000320627860058	-0.00346109893718	-0.00306688837859	-0.00279008937725	0.00655560041589	-0.00256559658097
33070	G407	G40.7 Petit mal, unspecified, without grand mal seizures	32990	4	60	Chapter VI	Y	Y	0.00170800609899	-0.000764422147862	-0.00300157957173	-0.000153133372839	0.000362517879415	-0.00338718947319	-0.00289171502914	-0.00283385850315	0.00658664346193	-0.00246529660446
33080	G408	G40.8 Other epilepsy	32990	4	60	Chapter VI	Y	Y	0.001709350024	-0.000885072105602	-0.00300334397636	-0.000175686042341	0.000280623744491	-0.00337480115355	-0.00282976601805	-0.002755120779	0.00643561891028	-0.00246470714542
33090	G409	G40.9 Epilepsy, unspecified	32990	4	60	Chapter VI	Y	Y	0.00150671206422	-0.000559090835054	-0.00301977139422	-9.92500724415e-05	0.000300894581689	-0.00346391977184	-0.00300080881864	-0.00273829823973	0.00656339685561	-0.00260685536214
33100	G41	G41 Status epilepticus	920	3	60	Chapter VI	Y	Y	0.00191547329273	-0.00400043797385	-0.00274209025187	-0.00343439172902	-0.00106229561533	-0.00450504463972	-0.0024143678254	-0.00274338742962	0.00336774762307	-0.00114379204159
33110	G410	G41.0 Grand mal status epilepticus	33100	4	60	Chapter VI	Y	Y	0.00202742500029	-0.00394768831994	-0.00288482167553	-0.00340058326035	-0.00103954028343	-0.00460399471649	-0.00250127101134	-0.00296075575667	0.00350385419599	-0.00106806158815
33120	G411	G41.1 Petit mal status epilepticus	33100	4	60	Chapter VI	Y	Y	0.00208818785176	-0.00406267169619	-0.00283025711639	-0.00362139802258	-0.00105559713861	-0.00470563772638	-0.00250115641322	-0.0028587800391	0.00348560179934	-0.00107500942844
33130	G412	G41.2 Complex partial status epilepticus	33100	4	60	Chapter VI	Y	Y	0.00202108045331	-0.00410493445042	-0.00273543102201	-0.00364260748151	-0.00106869863363	-0.00460070864092	-0.00247259027634	-0.00266182080501	0.0034643377009	-0.00108572817729
33140	G418	G41.8 Other status epilepticus	33100	4	60	Chapter VI	Y	Y	0.00221067277777	-0.00393550030341	-0.00277672310421	-0.00384085239165	-0.00109114864301	-0.0048231942744	-0.00246735899607	-0.00285023033379	0.00338369667092	-0.00105174065712
33150	G419	G41.9 Status epilepticus, unspecified	33100	4	60	Chapter VI	Y	Y	0.00193933534639	-0.00410230078119	-0.00277339401404	-0.0035042598204	-0.00100223505503	-0.00455719484853	-0.00248132504317	-0.00274806823052	0.00352623198838	-0.00114838316113
33160	G43	G43 Migraine	920	3	60	Chapter VI	Y	Y	0.000343837430792	-0.0044242849289	-0.00179969191237	0.00122981634557	-0.00217838999003	-0.00203902395912	-0.00271390517044	-0.00252346163899	0.00557943748488	-0.00369918681269
33170	G430	G43.0 Migraine without aura [common migraine]	33160	4	60	Chapter VI	Y	Y	0.000371874756044	-0.00440565707508	-0.001774886245	0.00122756341229	-0.00218316180264	-0.00204827750928	-0.00272128217909	-0.00250824034222	0.0055579717549	-0.00369958889582
33180	G431	G43.1 Migraine with aura [classical migraine]	33160	4	60	Chapter VI	Y	Y	0.000319323465817	-0.00429451964877	-0.00181576900108	0.00115928483739	-0.00215293971597	-0.00207620873722	-0.00268583402911	-0.00250173317313	0.00549942923328	-0.00359987551279
33190	G432	G43.2 Status migrainosus	33160	4	60	Chapter VI	Y	Y	0.000400378393198	-0.0044969401063	-0.0018691768862	0.00121216244413	-0.00218196528051	-0.00215100337927	-0.00282700587506	-0.00254985902169	0.00565612823356	-0.00364765869991
33200	G433	G43.3 Complicated migraine	33160	4	60	Chapter VI	Y	Y	0.00027861756226	-0.00445281604468	-0.00189597817405	0.00120282188393	-0.00223437120754	-0.00209733342482	-0.00273171992352	-0.00257252097254	0.00566479710053	-0.00373825736699
33210	G438	G43.8 Other migraine	33160	4	60	Chapter VI	Y	Y	0.000317407403565	-0.00446339954599	-0.00196211294664	0.00117041151075	-0.00214928465427	-0.00211726928281	-0.00277975180528	-0.002605100119	0.00563896261264	-0.00363087889744
33220	G439	G43.9 Migraine, unspecified	33160	4	60	Chapter VI	Y	Y	0.000385903314395	-0.0043295250759	-0.00174010379602	0.00118014509489	-0.00209257335649	-0.00205377606621	-0.00271460029989	-0.00239499538248	0.00549225093645	-0.00359831859375
33230	G44	G44 Other headache syndromes	920	3	60	Chapter VI	Y	Y	-0.00153557816555	-0.00372237003961	-0.00381960138301	0.00409577837999	0.000812660803398	0.000402641837293	-0.00218444839815	-0.00390637541523	0.00380149262764	-0.00267541905512
33240	G440	G44.0 Cluster headache syndrome	33230	4	60	Chapter VI	Y	Y	-0.00158116474822	-0.00381313129691	-0.00393506686642	0.00426375052279	0.000832835457732	0.000430968120742	-0.00227943634031	-0.00396027592084	0.00389060179029	-0.00270656933295
33250	G441	G44.1 Vascular headache, not elsewhere classified	33230	4	60	Chapter VI	Y	Y	-0.00158695710071	-0.00369813394531	-0.00385539751372	0.00423920051977	0.000798138023193	0.000459854684132	-0.00228181761984	-0.00388868498969	0.00386350896006	-0.00270871214025
33260	G442	G44.2 Tension-type headache	33230	4	60	Chapter VI	Y	Y	-0.00157025709078	-0.00377279978045	-0.00388206314715	0.00418575180169	0.000811107604558	0.000419603269975	-0.00223186779637	-0.00395421263027	0.00386775356355	-0.00273553060374
33270	G443	G44.3 Chronic posttraumatic headache	33230	4	60	Chapter VI	Y	Y	-0.0015946694122	-0.00367884322336	-0.0038313113674	0.00423295161182	0.000787699287527	0.000467948627087	-0.00228166081823	-0.00388517232492	0.00385368814042	-0.00269223623458
33280	G444	G44.4 Drug-induced headache, not elsewhere classified	33230	4	60	Chapter VI	Y	Y	-0.0015469891873	-0.00381280611489	-0.00387759298548	0.0041318676913	0.000844421410211	0.000402371860822	-0.00231373528809	-0.00385852810522	0.00392212042179	-0.00274032341887
33290	G448	G44.8 Other specified headache syndromes	33230	4	60	Chapter VI	Y	Y	-0.00164597429617	-0.00373996505518	-0.00388308795951	0.00427799531922	0.000807744642998	0.000506681271232	-0.0022591033617	-0.00392847455649	0.00384382661664	-0.00276808402819
33300	G45	G45 Transient cerebral ischaemic attacks and related syndromes	920	3	60	Chapter VI	Y	Y	0.00262296433667	-0.00356474535839	-0.00253675563199	-0.00472526707181	1.30425706584e-05	-0.00139967038838	-0.00445492792016	-0.00375882256507	0.00192714805591	0.00195375621849
33310	G450	G45.0 Vertebro-basilar artery syndrome	33300	4	60	Chapter VI	Y	Y	0.00266259247494	-0.0036542165131	-0.00256415804995	-0.00472388384441	4.27232958689e-06	-0.00138953099485	-0.00458593510096	-0.00384514154132	0.00193050133025	0.00203069730688
33320	G451	G45.1 Carotid artery syndrome (hemispheric)	33300	4	60	Chapter VI	Y	Y	0.00271677596687	-0.00370941533752	-0.0025901697862	-0.00482590079009	3.37223027695e-06	-0.00139444251134	-0.00467013751084	-0.00386287150135	0.00191508330473	0.00209951657735
33330	G452	G45.2 Multiple and bilateral precerebral artery syndromes	33300	4	60	Chapter VI	Y	Y	0.00277050504125	-0.00369223921534	-0.00254601012893	-0.00489284090821	-6.66210239973e-06	-0.00137570211126	-0.00466540609273	-0.00376272189714	0.00183262945245	0.00214908582647
33340	G453	G45.3 Amaurosis fugax	33300	4	60	Chapter VI	Y	Y	0.00274232574439	-0.00369300268101	-0.00259828049046	-0.00494770360161	2.15038526148e-05	-0.00139562270621	-0.00466170891532	-0.00386055895184	0.00191411940898	0.0020854261208
33350	G454	G45.4 Transient global amnesia	33300	4	60	Chapter VI	Y	Y	0.00121294725116	-0.00179127402931	-0.00239911321047	-0.00375838195639	0.000423962780421	-0.00192283230293	-0.0022578462538	-0.00523055187127	0.00371092770873	-0.000284985063504
33360	G458	G45.8 Other transient cerebral ischaemic attacks and related syndromes	33300	4	60	Chapter VI	Y	Y	0.00269957432284	-0.00354954446936	-0.00243612675136	-0.00489318556346	-1.64849922618e-05	-0.00134927241039	-0.00448189865221	-0.00369186140303	0.00178608550111	0.00209272528945
33370	G459	G45.9 Transient cerebral ischaemic attack, unspecified	33300	4	60	Chapter VI	Y	Y	0.00277247954809	-0.00360953076524	-0.00258752833162	-0.00495638312343	-2.78760108632e-05	-0.00140468097918	-0.00456907226835	-0.00384239408175	0.00194579381905	0.00207860647488
33380	G46	G46 Vascular syndromes of brain in cerebrovascular diseases	920	3	60	Chapter VI	Y	Y	0.000292315904602	-0.00183137490496	-0.00249614955903	-0.00156787568056	-0.0011743202945	-0.000991234666574	-0.00143218506722	-0.00412006236487	0.00664606766086	-0.00367539256863
33390	G460	G46.0 Middle cerebral artery syndrome	33380	4	60	Chapter VI	Y	Y	0.000411624669779	-0.0020219234766	-0.00262591985842	-0.00147036872195	-0.00103246476126	-0.00119078448171	-0.00159537621636	-0.00417010575857	0.00656479397903	-0.00359722385517
33400	G461	G46.1 Anterior cerebral artery syndrome	33380	4	60	Chapter VI	Y	Y	0.000349498919141	-0.0019391481748	-0.0025492085241	-0.00156056493205	-0.00117288551419	-0.00106298574922	-0.00151411103339	-0.00423177812257	0.00670777070955	-0.00369230923692
33410	G462	G46.2 Posterior cerebral artery syndrome	33380	4	60	Chapter VI	Y	Y	0.000339885658046	-0.00195209999479	-0.00252363892357	-0.00151741024292	-0.00105722996236	-0.00110921206392	-0.00150819953449	-0.00408203202697	0.0066015110556	-0.0036552920225
33420	G463	G46.3 Brain stem stroke syndrome	33380	4	60	Chapter VI	Y	Y	0.000218741479429	-0.00194438083892	-0.00251446066165	-0.00153795527406	-0.00119330349807	-0.000929638227822	-0.00144909799762	-0.00419209341238	0.00679042194105	-0.00365403806262
33430	G464	G46.4 Cerebellar stroke syndrome	33380	4	60	Chapter VI	Y	Y	0.000334628559645	-0.00188830534429	-0.00256046252321	-0.00158721858695	-0.0011313150705	-0.0010698480322	-0.00148382807791	-0.00417486022752	0.00673704130508	-0.00374496267932
33440	G465	G46.5 Pure motor lacunar syndrome	33380	4	60	Chapter VI	Y	Y	0.000362171478141	-0.00199417727321	-0.00262010018538	-0.00148086534958	-0.00101488039208	-0.00120268931928	-0.0016307636939	-0.00413687770744	0.00659175783172	-0.00352480520671
33450	G466	G46.6 Pure sensory lacunar syndrome	33380	4	60	Chapter VI	Y	Y	0.000281724841497	-0.0019664431238	-0.00252111667488	-0.00145584682169	-0.00101502776714	-0.00112267407771	-0.00151092543279	-0.00402232071408	0.00648081479542	-0.00353667825755
33460	G467	G46.7 Other lacunar syndromes	33380	4	60	Chapter VI	Y	Y	0.000341881566566	-0.00194056206149	-0.00256378263349	-0.00161599280159	-0.00112584266173	-0.00111079244448	-0.00148397969159	-0.00414775221947	0.00673700365282	-0.00379374524869
33470	G468	G46.8 Other vascular syndromes of brain in cerebrovascular diseases	33380	4	60	Chapter VI	Y	Y	0.000341025749774	-0.00194663987418	-0.00253633245461	-0.00151812916602	-0.00116588071232	-0.00106894148475	-0.0014658553966	-0.00414218197281	0.00658906597637	-0.00358862921671
33480	G47	G47 Sleep disorders	920	3	60	Chapter VI	Y	Y	-0.0020007001361	-0.00269819114575	-0.00207974140869	0.00039854822751	0.00119395775318	-0.00624338691637	-0.00248071697652	-0.00463832715502	0.00192724740862	0.000458573318997
33490	G470	G47.0 Disorders of initiating and maintaining sleep [insomnias]	33480	4	60	Chapter VI	Y	Y	-0.00208283042795	-0.00297631225783	-0.00220849806829	0.000364505347859	0.00126212141865	-0.00635189945717	-0.00256029588586	-0.00472046592124	0.00200679014179	0.000470015438102
33500	G471	G47.1 Disorders of excessive somnolence [hypersomnias]	33480	4	60	Chapter VI	Y	Y	-0.00214969075448	-0.00290572350821	-0.00212096043192	0.000374506499406	0.00134993605582	-0.00637736160756	-0.00252456574009	-0.00458081962919	0.0019502855833	0.000418149808416
33510	G472	G47.2 Disorders of the sleep-wake schedule	33480	4	60	Chapter VI	Y	Y	-0.00214221689944	-0.00292402248336	-0.00215572715361	0.000383201292977	0.00133124610202	-0.00639859802138	-0.00246744251852	-0.00461389118608	0.00192848227972	0.000447737235548
33520	G473	G47.3 Sleep apnoea	33480	4	60	Chapter VI	Y	Y	-0.00215391373804	-0.00286865926587	-0.00205676083832	0.000430833228864	0.00128176933687	-0.00632637387396	-0.00250143411949	-0.00457078416017	0.00192611639431	0.000419077607724
33530	G474	G47.4 Narcolepsy and cataplexy	33480	4	60	Chapter VI	Y	Y	-0.00217088001903	-0.0028401010428	-0.00210481485927	0.000410514814914	0.0012468984635	-0.00637286407048	-0.00248630396073	-0.00461656557671	0.00188436461172	0.000438111013609
33540	G478	G47.8 Other sleep disorders	33480	4	60	Chapter VI	Y	Y	-0.0021091833165	-0.00287718485973	-0.0021286705447	0.000378172436583	0.00131694212752	-0.00640368205693	-0.00259687238006	-0.00465855381258	0.00200433888668	0.000461622853231
33550	G479	G47.9 Sleep disorder, unspecified	33480	4	60	Chapter VI	Y	Y	-0.00216831214814	-0.00284105952699	-0.00202081631535	0.000457034561804	0.00126526125089	-0.00631259650897	-0.00251881830869	-0.00453675930183	0.0019365724761	0.000423220684084
33560	G50	G50 Disorders of trigeminal nerve	930	3	60	Chapter VI	Y	Y	0.00306548719208	-0.00460965538731	-0.00567405713521	0.00027899129303	0.00195198113753	-0.000767813885539	-0.0019271834942	-0.00379982904683	0.000914423950888	-0.00208385052433
33570	G500	G50.0 Trigeminal neuralgia	33560	4	60	Chapter VI	Y	Y	0.00305420365972	-0.00454588571598	-0.00555387448559	0.000233853912924	0.00188815870051	-0.000736474722224	-0.00190950703628	-0.00376653595163	0.000873237012952	-0.00202066219157
33580	G501	G50.1 Atypical facial pain	33560	4	60	Chapter VI	Y	Y	0.00311343053164	-0.00464749298979	-0.00559444867952	0.000285873183897	0.00191598672081	-0.000683599509561	-0.00193717862338	-0.00379172082479	0.000843584199208	-0.00209449071892
33590	G508	G50.8 Other disorders of trigeminal nerve	33560	4	60	Chapter VI	Y	Y	0.00309037478699	-0.00458218623471	-0.00570639806088	0.000189169924436	0.00200729549757	-0.000744134560242	-0.00193115115253	-0.0037258047819	0.000863441493613	-0.00211705346394
33600	G509	G50.9 Disorder of trigeminal nerve, unspecified	33560	4	60	Chapter VI	Y	Y	0.00307642848922	-0.00462601581755	-0.00560050920751	0.000257781119171	0.00189191617082	-0.000702224789529	-0.00194729468282	-0.00380017703415	0.000887898768992	-0.00206853477881
33610	G51	G51 Facial nerve disorders	930	3	60	Chapter VI	Y	Y	0.0025548235878	-0.00233032059562	-0.00229597581438	0.00371947847796	0.0029440594467	-0.000921267837776	-0.00388354720247	-0.00487846250501	0.00253192955629	0.00116553445853
33620	G510	G51.0 Bell's palsy	33610	4	60	Chapter VI	Y	Y	0.00271389232292	-0.00240611800306	-0.0022346605527	0.00392078240834	0.00322858602253	-0.00111528315214	-0.00393779094356	-0.00491813409869	0.00239037111858	0.00121684478723
33630	G511	G51.1 Geniculate ganglionitis	33610	4	60	Chapter VI	Y	Y	0.00257120239778	-0.00239394793807	-0.0021324483988	0.00384730483272	0.00318359456094	-0.00101087271142	-0.0038766495636	-0.00486416070285	0.00242588752031	0.00116865557609
33640	G512	G51.2 Melkersson's syndrome	33610	4	60	Chapter VI	Y	Y	0.0024766295794	-0.00230294015313	-0.00204738580166	0.00385194717217	0.00314543341598	-0.000936472555581	-0.00375018211172	-0.00491891512526	0.00239568244136	0.00107423167799
33650	G513	G51.3 Clonic hemifacial spasm	33610	4	60	Chapter VI	Y	Y	0.00258162472172	-0.00227239025968	-0.00210719325652	0.00380311168551	0.00314891098298	-0.000994008818389	-0.0037817606951	-0.00493290942774	0.00238613415085	0.00109487987807
33660	G514	G51.4 Facial myokymia	33610	4	60	Chapter VI	Y	Y	0.0026543759936	-0.00239763995779	-0.00228572960712	0.00382741402313	0.00310514750544	-0.000982462784072	-0.00389979110391	-0.00505231281441	0.0025275982418	0.00118936973458
33670	G518	G51.8 Other disorders of facial nerve	33610	4	60	Chapter VI	Y	Y	0.00267823770251	-0.00237169890098	-0.0022619465221	0.00387566871246	0.00316120839347	-0.00104649784918	-0.00394585077653	-0.00495359417942	0.00246204932374	0.00118808719569
33680	G519	G51.9 Disorder of facial nerve, unspecified	33610	4	60	Chapter VI	Y	Y	0.00266730459519	-0.00230695504096	-0.00226711289988	0.00383163179528	0.0031529670248	-0.00110201445794	-0.00386998818282	-0.00500693859397	0.00246979617642	0.0011395987846
33690	G52	G52 Disorders of other cranial nerves	930	3	60	Chapter VI	Y	Y	0.000135380658409	-0.00671264855451	-0.00280735312761	-0.000596227039969	0.00146445221363	-0.00359828211867	0.00102168070008	-0.0034733243242	0.00173809124452	0.0012105141495
33700	G520	G52.0 Disorders of olfactory nerve	33690	4	60	Chapter VI	Y	Y	0.000112927803358	-0.00685675753707	-0.00284024771541	-0.000668833720217	0.00162248520512	-0.00365651190543	0.00087495893538	-0.00353804744788	0.00184286904642	0.00119196579696
33710	G521	G52.1 Disorders of glossopharyngeal nerve	33690	4	60	Chapter VI	Y	Y	0.000118992151509	-0.00666741589935	-0.00271813139601	-0.00066396396084	0.00153075560649	-0.00353771596765	0.00086980791538	-0.00343501410958	0.00174762886637	0.00119613411623
33720	G522	G52.2 Disorders of vagus nerve	33690	4	60	Chapter VI	Y	Y	0.000171658132687	-0.00676787719152	-0.00287408042723	-0.000587455412572	0.001503941726	-0.00360431051261	0.000868859871023	-0.00360386815821	0.00184977891064	0.00117322985621
33730	G523	G52.3 Disorders of hypoglossal nerve	33690	4	60	Chapter VI	Y	Y	0.000150642598023	-0.00680649864089	-0.00285182670405	-0.000584712761965	0.00144553152966	-0.00366199435712	0.000992814236945	-0.00357598383527	0.00182053896673	0.00118915247677
33740	G527	G52.7 Disorders of multiple cranial nerves	33690	4	60	Chapter VI	Y	Y	0.000101011695664	-0.00692985375476	-0.00285500710792	-0.000652078956819	0.00159494110732	-0.00371657285544	0.000898842113765	-0.0035566774258	0.00186529475192	0.00120271598622
33750	G528	G52.8 Disorders of other specified cranial nerves	33690	4	60	Chapter VI	Y	Y	0.000153948828913	-0.00676867647545	-0.00286144646222	-0.000616446449532	0.00153477267526	-0.00362707951597	0.000882061161746	-0.00354984380955	0.00181846381212	0.00117553351726
33760	G529	G52.9 Cranial nerve disorder, unspecified	33690	4	60	Chapter VI	Y	Y	0.000197226664907	-0.00682367544758	-0.00295275570372	-0.000578183715586	0.00155144681707	-0.00358182914609	0.000861133595972	-0.00363400909831	0.00187696499344	0.00117713314527
33770	G53	G53 Cranial nerve disorders in diseases classified elsewhere	930	3	60	Chapter VI	Y	Y	-0.000279245251875	-0.00349022359262	-0.00346325129368	0.000474259963749	0.00231098957972	0.000708594685321	-0.00234414316791	-0.00512672764154	0.00473456909986	-0.00164787098838
33780	G530	G53.0 Postzoster neuralgia	33770	4	60	Chapter VI	Y	Y	-0.000355346632656	-0.00355449104399	-0.00349177333658	0.000534005403166	0.00246193297511	0.000871808227217	-0.00247780371129	-0.00516175925723	0.004951526575	-0.00182825164542
33790	G531	G53.1 Multiple cranial nerve palsies in infectious and parasitic diseases classified elsewhere	33770	4	60	Chapter VI	Y	Y	-0.000347297531611	-0.00355668318083	-0.00349282731728	0.00055617698307	0.00249293135374	0.000879992455599	-0.00247994971518	-0.00515695041825	0.00496553130544	-0.00185273076828
33800	G532	G53.2 Multiple cranial nerve palsies in sarcoidosis	33770	4	60	Chapter VI	Y	Y	-0.000345672752956	-0.00358973240336	-0.00352518536888	0.000498258006672	0.00239260345702	0.000851009118367	-0.00242932448222	-0.00513164256662	0.00488502107702	-0.00176743316125
33810	G533	G53.3 Multiple cranial nerve palsies in neoplastic disease	33770	4	60	Chapter VI	Y	Y	-0.000256239800738	-0.00352985592448	-0.00349856435684	0.000514101263387	0.00246101346855	0.000775555452907	-0.00253537778449	-0.00519499136467	0.00497235290464	-0.00188874986402
33820	G538	G53.8 Other cranial nerve disorders in other diseases classified elsewhere	33770	4	60	Chapter VI	Y	Y	-0.000333764139125	-0.00366034702026	-0.0035639919189	0.000509825082689	0.00253932065506	0.000821456663631	-0.00249881562123	-0.00526360830897	0.0049735498916	-0.0017825584499
33830	G54	G54 Nerve root and plexus disorders	930	3	60	Chapter VI	Y	Y	0.00385077547397	-0.00291968288659	-0.00421439847245	-0.00348393005555	0.00101866712998	-0.000165533587833	-0.00209569358329	-0.00467499412041	0.000385650526776	-0.00215734131407
33840	G540	G54.0 Brachial plexus disorders	33830	4	60	Chapter VI	Y	Y	0.00414441966456	-0.00305791601648	-0.00428634766324	-0.00364026953791	0.00105345270809	-0.000176082425245	-0.00221219599361	-0.00477146927698	0.000333913859122	-0.00228115135596
33850	G541	G54.1 Lumbosacral plexus disorders	33830	4	60	Chapter VI	Y	Y	0.00384379819522	-0.00296179213578	-0.00433714534146	-0.00351060697514	0.00108157699813	-0.000105835491249	-0.00203749793542	-0.00479415665628	0.00040270162738	-0.00205213552266
33860	G542	G54.2 Cervical root disorders, not elsewhere classified	33830	4	60	Chapter VI	Y	Y	0.0039437229147	-0.00289502026722	-0.00420397484769	-0.00354429127828	0.000985161223433	-0.000163910768395	-0.00209819172847	-0.00478199320883	0.000326761772293	-0.00213818508775
33870	G543	G54.3 Thoracic root disorders, not elsewhere classified	33830	4	60	Chapter VI	Y	Y	0.00399774532279	-0.00302152094755	-0.00430272930164	-0.00356497658997	0.00106790330374	-0.000136800193579	-0.0022131904587	-0.0047957286302	0.000361846389717	-0.00217365411338
33880	G544	G54.4 Lumbosacral root disorders, not elsewhere classified	33830	4	60	Chapter VI	Y	Y	0.00403091956973	-0.00291811798838	-0.00418554990702	-0.00359442675268	0.00102767297723	-0.00019813048892	-0.00204734577876	-0.00471465315045	0.000289119277328	-0.00220567616831
33890	G545	G54.5 Neuralgic amyotrophy	33830	4	60	Chapter VI	Y	Y	0.0040073191219	-0.00283429751327	-0.00415044587592	-0.00358710946584	0.000931392513704	-0.000117091407426	-0.00216010794727	-0.00474761673659	0.000227016559059	-0.00214611416353
33900	G546	G54.6 Phantom limb syndrome with pain	33830	4	60	Chapter VI	Y	Y	0.00398830192641	-0.00301721544806	-0.00431941393031	-0.00357085466056	0.00104755459669	-0.00015452529854	-0.00212188786693	-0.00480355767228	0.000379855054922	-0.00216277012346
33910	G547	G54.7 Phantom limb syndrome without pain	33830	4	60	Chapter VI	Y	Y	0.00399349817955	-0.00295821020103	-0.00425648902605	-0.00358854022295	0.00106284897805	-0.000186210816131	-0.00216175326824	-0.00474314199841	0.00036208436939	-0.00221651590596
33920	G548	G54.8 Other nerve root and plexus disorders	33830	4	60	Chapter VI	Y	Y	0.00398176730737	-0.00292622335523	-0.00420896488523	-0.00357310698135	0.00101465433493	-0.000205231883703	-0.00214647755432	-0.00471365097887	0.000359498470931	-0.00222246818373
33930	G549	G54.9 Nerve root and plexus disorder, unspecified	33830	4	60	Chapter VI	Y	Y	0.00404113594039	-0.00296379886348	-0.00429753329627	-0.00366961546196	0.00104555127653	-0.000116686707888	-0.00218103099187	-0.0047744756993	0.0003083565225	-0.00223253067577
33940	G55	G55 Nerve root and plexus compressions in diseases classified elsewhere	930	3	60	Chapter VI	Y	Y	-0.00165651946582	-0.00437547924855	-0.00399816340522	0.00152629750086	0.00312004941485	2.39467329927e-05	-0.0022714584247	-0.00521116871978	0.00289831263733	1.77252269898e-05
33950	G550	G55.0 Nerve root and plexus compressions in neoplastic disease	33940	4	60	Chapter VI	Y	Y	-0.00148215930241	-0.00431058643004	-0.00408867885795	0.00147411903086	0.00304297929084	-3.81173521276e-05	-0.00222911916794	-0.0052197756164	0.00290846779641	-0.000107578205028
33960	G551	G55.1 Nerve root and plexus compressions in intervertebral disk disorders	33940	4	60	Chapter VI	Y	Y	-0.00157362062385	-0.00438150664452	-0.00417750213604	0.0014700239115	0.00315404792922	-2.15857160472e-05	-0.00225134634563	-0.00532156628314	0.00296369862536	-0.000129961494463
33970	G552	G55.2 Nerve root and plexus compressions in spondylosis	33940	4	60	Chapter VI	Y	Y	-0.00143618449366	-0.004336911889	-0.00410569292432	0.00146014833094	0.00304321973108	-7.73267690298e-05	-0.00223565286378	-0.0052140202412	0.00294665910443	-0.000109540588094
33980	G553	G55.3 Nerve root and plexus compressions in other dorsopathies	33940	4	60	Chapter VI	Y	Y	-0.00173577299496	-0.00437427154062	-0.00416266419009	0.00152545277638	0.00326453768644	9.54467096586e-05	-0.00220526289469	-0.00536462227951	0.0029138022982	-9.603837823e-05
33990	G558	G55.8 Nerve root and plexus compressions in other diseases classified elsewhere	33940	4	60	Chapter VI	Y	Y	-0.00142716594438	-0.00434811371977	-0.00413821589878	0.00146625521222	0.00309471765186	-0.000112079061856	-0.00225933532951	-0.00519228699228	0.00295055177269	-6.65216358037e-05
34000	G56	G56 Mononeuropathies of upper limb	930	3	60	Chapter VI	Y	Y	-0.000573658227109	-0.00295136336198	-0.00182286335904	-0.00176252898841	0.00142868825945	-0.000592463026025	-0.00314854626406	-0.0054179462752	0.00258303105552	-0.00486220779383
34010	G560	G56.0 Carpal tunnel syndrome	34000	4	60	Chapter VI	Y	Y	-0.000622295161601	-0.00300195397897	-0.00185888014098	-0.00176362335823	0.00148823654073	-0.000643961368435	-0.00325294050589	-0.00549199458394	0.00266330833195	-0.00489638950716
34020	G561	G56.1 Other lesions of median nerve	34000	4	60	Chapter VI	Y	Y	-0.00055184123636	-0.00312832995211	-0.00195743557204	-0.00171772766421	0.00155026934137	-0.000652535760749	-0.00323526075317	-0.00552848699974	0.00272284468711	-0.00486085270263
34030	G562	G56.2 Lesion of ulnar nerve	34000	4	60	Chapter VI	Y	Y	-0.00055112807184	-0.00305419347566	-0.00191754159324	-0.00174144432198	0.00142539856932	-0.00066090937347	-0.00316275515407	-0.00550661469041	0.00260813514931	-0.00480252512594
34040	G563	G56.3 Lesion of radial nerve	34000	4	60	Chapter VI	Y	Y	-0.000639048582038	-0.00302635920108	-0.00186430719916	-0.00177957672081	0.00163211862217	-0.000617677751382	-0.00332518887906	-0.00549618151075	0.00276987680351	-0.00499843960292
34050	G564	G56.4 Causalgia	34000	4	60	Chapter VI	Y	Y	-0.000574856130684	-0.00308227506775	-0.00186367696695	-0.00171578861607	0.00148475933829	-0.000697169868609	-0.00327985852055	-0.00548376866545	0.00270717285064	-0.00474326141633
34060	G568	G56.8 Other mononeuropathies of upper limb	34000	4	60	Chapter VI	Y	Y	-0.000612878850331	-0.00306394739871	-0.00196680504963	-0.00177742029482	0.00158081227889	-0.000638023013507	-0.00329925847907	-0.00558245407965	0.00266930814618	-0.00510051485405
34070	G569	G56.9 Mononeuropathy of upper limb, unspecified	34000	4	60	Chapter VI	Y	Y	-0.000529580403365	-0.00313877808946	-0.00194926011669	-0.00172988030321	0.00155651502327	-0.000667078004351	-0.00324481948716	-0.00550976748991	0.00274205963099	-0.00485485088956
34080	G57	G57 Mononeuropathies of lower limb	930	3	60	Chapter VI	Y	Y	0.00374098821332	-0.00263059011541	-0.00435567946579	0.000212658062892	0.00212612805829	-0.00133063738709	0.00123726845372	-0.00392115370827	0.00469285086538	-0.000400917183979
34090	G570	G57.0 Lesion of sciatic nerve	34080	4	60	Chapter VI	Y	Y	0.00378940392655	-0.00272069132956	-0.00459626869807	0.00019367456659	0.00216395927864	-0.00131346073299	0.00116385773649	-0.00394370875754	0.00482060129058	-0.000481751182096
34100	G571	G57.1 Meralgia paraesthetica	34080	4	60	Chapter VI	Y	Y	0.00389108833127	-0.00275913086819	-0.00453515586243	0.000231139334913	0.00225440140628	-0.00142024460572	0.00133548065941	-0.00401708284871	0.00488589505511	-0.000423641339836
34110	G572	G57.2 Lesion of femoral nerve	34080	4	60	Chapter VI	Y	Y	0.00385779095099	-0.00269397657172	-0.00450499191806	0.000196089659681	0.00216651407437	-0.00135090976301	0.00127777292793	-0.00395897306683	0.00480915236839	-0.000407066047709
34120	G573	G57.3 Lesion of lateral popliteal nerve	34080	4	60	Chapter VI	Y	Y	0.00386131017858	-0.0026511574429	-0.00446916399609	0.000197942816434	0.00215180355074	-0.00133266078633	0.00130845441183	-0.00392991116501	0.00482733450763	-0.000388022633017
34130	G574	G57.4 Lesion of medial popliteal nerve	34080	4	60	Chapter VI	Y	Y	0.00376071255321	-0.00279809670321	-0.00448001837113	0.000297550004732	0.00226937692713	-0.0015170452252	0.00116737842177	-0.00396483077783	0.00477516818974	-0.000505935597459
34140	G575	G57.5 Tarsal tunnel syndrome	34080	4	60	Chapter VI	Y	Y	0.00378727838676	-0.002678177518	-0.00442826160784	0.000244959906456	0.00219377020475	-0.00137946785164	0.00127336075902	-0.00396535471511	0.00479617016256	-0.000437721953415
34150	G576	G57.6 Lesion of plantar nerve	34080	4	60	Chapter VI	Y	Y	0.00379422672944	-0.00285397413994	-0.00465526978741	0.000204626816601	0.00218873788293	-0.00134882370856	0.00110433666043	-0.00402122183674	0.00477901974535	-0.000460363912936
34160	G578	G57.8 Other mononeuropathies of lower limb	34080	4	60	Chapter VI	Y	Y	0.00380817688415	-0.00266148282911	-0.00440471048706	0.000271264746381	0.00218626199635	-0.00135588213143	0.00122051162887	-0.00393903691636	0.00479219671889	-0.000420323104565
34170	G579	G57.9 Mononeuropathy of lower limb, unspecified	34080	4	60	Chapter VI	Y	Y	0.0036872952872	-0.00283096082131	-0.0042924431426	0.000331458025425	0.00226010895819	-0.00149168241176	0.00109234190296	-0.00410175275874	0.00477325462702	-0.000392812725004
34180	G58	G58 Other mononeuropathies	930	3	60	Chapter VI	Y	Y	-0.000718722423403	-0.00461119965615	-0.00186985438236	0.00050832265582	0.00395079684793	-0.00141661941219	-0.00128075644754	-0.0059220111686	0.00301559224421	0.00179132784825
34190	G580	G58.0 Intercostal neuropathy	34180	4	60	Chapter VI	Y	Y	-0.000779602089026	-0.00462066304727	-0.00190843993076	0.000443605582326	0.00403786109577	-0.00142907017051	-0.00129124908248	-0.00598943078641	0.00308929600921	0.00185108420759
34200	G587	G58.7 Mononeuritis multiplex	34180	4	60	Chapter VI	Y	Y	-0.000716314646346	-0.0045513236465	-0.00175596095329	0.000548240725614	0.00388249213117	-0.00140735907868	-0.00124920373685	-0.00582329804777	0.00290246508306	0.00177419735419
34210	G588	G58.8 Other specified mononeuropathies	34180	4	60	Chapter VI	Y	Y	-0.000735318362055	-0.00458241871898	-0.00191140375253	0.000408043295298	0.00399321171509	-0.00144064368345	-0.00132557705175	-0.00599037315574	0.00309723448489	0.00183639102543
34220	G589	G58.9 Mononeuropathy, unspecified	34180	4	60	Chapter VI	Y	Y	-0.000833911048031	-0.00469381617007	-0.00191295756808	0.000578857435365	0.00402838699233	-0.00139187932173	-0.00116297298323	-0.00588040373102	0.00306326466352	0.00180691666023
34230	G59	G59 Mononeuropathy in diseases classified elsewhere	930	3	60	Chapter VI	Y	Y	0.00284138833086	-0.00395705982587	-0.00434459626417	0.000886540157808	0.00318001666437	-0.000272011113611	-0.0033075682161	-0.00445174839255	0.00153319200292	0.000611872225503
34240	G590	G59.0 Diabetic mononeuropathy	34230	4	60	Chapter VI	Y	Y	0.00292842333838	-0.00414790933981	-0.00442387787635	0.000927352791258	0.00332401637359	-0.000235517235876	-0.00337474989753	-0.00462915730552	0.0016306032954	0.000559093801597
34250	G598	G59.8 Other mononeuropathies in diseases classified elsewhere	34230	4	60	Chapter VI	Y	Y	0.00295917073061	-0.00408914356222	-0.00437675748836	0.000926626744458	0.00333415270667	-0.000196261919149	-0.0033572366487	-0.00454563434092	0.00155817397007	0.000560500132197
34260	G60	G60 Hereditary and idiopathic neuropathy	940	3	60	Chapter VI	Y	Y	0.000820306766628	-0.00426378086506	0.000576972879105	-0.00107755381937	-2.65655931678e-05	-0.00120616057285	-0.00495071235472	-0.00340100978002	0.00423967974684	0.00308055643286
34270	G600	G60.0 Hereditary motor and sensory neuropathy	34260	4	60	Chapter VI	Y	Y	0.000883222826364	-0.00431624461571	0.000882511505512	-0.00120462242568	-3.88776219316e-05	-0.00125661089785	-0.00510345521355	-0.00337248204441	0.00434403564102	0.00322774682418
34280	G601	G60.1 Refsum's disease	34260	4	60	Chapter VI	Y	Y	0.00104437029901	-0.00418603259977	0.000881027283936	-0.00124847362937	-0.000116739691517	-0.00121405314992	-0.00516931685916	-0.00343026097188	0.00430468213898	0.00327326225468
34290	G602	G60.2 Neuropathy in association with hereditary ataxia	34260	4	60	Chapter VI	Y	Y	0.000893420796677	-0.00420693428429	0.000803593960156	-0.00118604608947	-5.99448621628e-05	-0.00122354937841	-0.00507471653435	-0.00343088701171	0.00428861167957	0.00319956003318
34300	G603	G60.3 Idiopathic progressive neuropathy	34260	4	60	Chapter VI	Y	Y	0.00085693035634	-0.00434947164051	0.00071586129126	-0.0011432018571	-2.28800730966e-05	-0.00119925304546	-0.00507445880587	-0.0034377258664	0.00433355324693	0.00321424076228
34310	G608	G60.8 Other hereditary and idiopathic neuropathies	34260	4	60	Chapter VI	Y	Y	0.000804563703534	-0.00448470030996	0.000802595155345	-0.00118105311214	-3.5041580844e-05	-0.00119645312819	-0.00505180555959	-0.0033545837485	0.00442011490529	0.00326133599664
34320	G609	G60.9 Hereditary and idiopathic neuropathy, unspecified	34260	4	60	Chapter VI	Y	Y	0.000953592336577	-0.00431562422124	0.000803349451762	-0.00120690270537	-8.67495247403e-05	-0.00119010828466	-0.00507581450759	-0.0033963140742	0.00435889021084	0.00324391771269
34330	G61	G61 Inflammatory polyneuropathy	940	3	60	Chapter VI	Y	Y	-0.00220793830743	-0.00603218469633	-0.00229252581413	0.00107891147838	0.000336921980519	0.000220492199855	-0.0050291722127	-0.00327852693637	0.000367571035203	0.00140970136546
34340	G610	G61.0 Guillain-Barre syndrome	34330	4	60	Chapter VI	Y	Y	-0.00228760836053	-0.00641017563576	-0.00242810850859	0.00112496338095	0.000413382633814	0.000153015329202	-0.00526824488249	-0.00340609554975	0.000511669812382	0.0014599109672
34350	G611	G61.1 Serum neuropathy	34330	4	60	Chapter VI	Y	Y	-0.00235291250653	-0.00623618432697	-0.00225942707331	0.00119861118372	0.000265262488515	0.000242115435847	-0.00518125434977	-0.00343893565623	0.000333311652315	0.00145200416332
34360	G618	G61.8 Other inflammatory polyneuropathies	34330	4	60	Chapter VI	Y	Y	-0.00223418912678	-0.00617198059906	-0.00237392753117	0.00111203857168	0.00035644501143	0.000159335619145	-0.00510509238802	-0.00337713559104	0.000487296615432	0.00142948997328
34370	G619	G61.9 Inflammatory polyneuropathy, unspecified	34330	4	60	Chapter VI	Y	Y	-0.00219652915943	-0.00610631769611	-0.0024000293821	0.00109853459462	0.000346332331079	0.000164436731991	-0.00503816090955	-0.00336813023437	0.000504648026777	0.00142310716286
34380	G62	G62 Other polyneuropathies	940	3	60	Chapter VI	Y	Y	-0.00324524907166	-0.00384674802114	-0.00251130084834	0.00105094289334	0.00336378087394	-0.00288726298177	-0.00174015180379	-0.00544077359116	0.000294464486791	-0.00201214902216
34390	G620	G62.0 Drug-induced polyneuropathy	34380	4	60	Chapter VI	Y	Y	-0.00333521415477	-0.00393931303931	-0.00255994773395	0.00105513129466	0.00342648496201	-0.00294880455141	-0.00176775725461	-0.00557774254758	0.000319353380613	-0.00207569901258
34400	G621	G62.1 Alcoholic polyneuropathy	34380	4	60	Chapter VI	Y	Y	-0.00327984991102	-0.00397680826517	-0.00257637394298	0.00105194927663	0.0033984837916	-0.0029121120996	-0.00178957079692	-0.00552889918946	0.000351562128229	-0.0020286529867
34410	G622	G62.2 Polyneuropathy due to other toxic agents	34380	4	60	Chapter VI	Y	Y	-0.00333418183145	-0.00393699565075	-0.00256327880415	0.00103947234895	0.00350186121038	-0.00293456362228	-0.00178003748319	-0.00557562836138	0.000312432155377	-0.0020937965074
34420	G628	G62.8 Other specified polyneuropathies	34380	4	60	Chapter VI	Y	Y	-0.00318603616981	-0.00393380751824	-0.00256424473114	0.00116557070765	0.00335923354823	-0.00292712710739	-0.00180180446587	-0.00554692820339	0.000369319195782	-0.00200212767716
34430	G629	G62.9 Polyneuropathy, unspecified	34380	4	60	Chapter VI	Y	Y	-0.0030037654678	-0.00386595213583	-0.00253874131201	0.00105718286697	0.00331178766724	-0.00288309881412	-0.00176356475497	-0.0053480892078	0.000413374156375	-0.0018976855929
34440	G63	G63 Polyneuropathy in diseases classified elsewhere	940	3	60	Chapter VI	Y	Y	-0.00137101798089	-0.00306187046807	-0.00547280666075	0.00160647371502	-0.00133632605216	0.00130397376229	-0.00225187224962	-0.00221233565386	0.00539538534594	0.000929167035878
34450	G630	G63.0 Polyneuropathy in infectious and parasitic diseases classified elsewhere	34440	4	60	Chapter VI	Y	Y	-0.00155538826151	-0.00304194324703	-0.0055143186887	0.00153865035334	-0.00135377188756	0.00137271574282	-0.00239300226572	-0.00209256326476	0.00539345666725	0.000892848094476
34460	G631	G63.1 Polyneuropathy in neoplastic disease	34440	4	60	Chapter VI	Y	Y	-0.00142980897705	-0.002957800632	-0.00557586979617	0.00156453665703	-0.00130204663041	0.00139428313629	-0.00229937821987	-0.00207274007954	0.00539975439366	0.000927742194884
34470	G632	G63.2 Diabetic polyneuropathy	34440	4	60	Chapter VI	Y	Y	-0.00149502274661	-0.00295809589971	-0.00564310248265	0.00150132222791	-0.00136459904064	0.00137831445906	-0.00235706765501	-0.00208069399347	0.0053678571613	0.000881476437347
34480	G633	G63.3 Polyneuropathy in other endocrine and metabolic diseases	34440	4	60	Chapter VI	Y	Y	-0.00147063188111	-0.00284838568858	-0.00570786626404	0.00154151710173	-0.00136028259507	0.00157101153441	-0.00228217956649	-0.0019193007166	0.00540664741778	0.000974123466025
34490	G634	G63.4 Polyneuropathy in nutritional deficiency	34440	4	60	Chapter VI	Y	Y	-0.00151132247681	-0.00304394654314	-0.00561160529114	0.00155806257745	-0.00135784422969	0.00138519754972	-0.00234957698421	-0.00206830860766	0.00544482764281	0.000938286052217
34500	G635	G63.5 Polyneuropathy in systemic connective tissue disorders	34440	4	60	Chapter VI	Y	Y	-0.00151765442201	-0.00294431377392	-0.0055109477376	0.00149659941653	-0.00137515952992	0.00138328126578	-0.00226177954576	-0.00214210607558	0.00542329365299	0.000913664396922
34510	G636	G63.6 Polyneuropathy in other musculoskeletal disorders	34440	4	60	Chapter VI	Y	Y	-0.00155019133666	-0.00297400647254	-0.0056388342957	0.00153431886128	-0.00136846372009	0.00134146391272	-0.00235240017585	-0.00208057483507	0.00536448605385	0.000864574444213
34520	G638	G63.8 Polyneuropathy in other diseases classified elsewhere	34440	4	60	Chapter VI	Y	Y	-0.00140970467787	-0.00302237242963	-0.00552535079513	0.0015421413443	-0.00132137030499	0.00129559825939	-0.00229348222212	-0.00224264484237	0.0054109487841	0.000884135189135
34530	G64	G64 Other disorders of peripheral nervous system	940	3	60	Chapter VI	Y	Y	-0.00539425422199	-0.0018518875298	0.000731262665901	0.00220208358348	-0.00185148186281	0.00231498975871	-0.00105322073156	-0.00244870928066	2.75414611705e-05	0.00131083604912
34540	G70	G70 Myasthenia gravis and other myoneural disorders	950	3	60	Chapter VI	Y	Y	-0.000191895553437	-0.00573052601247	-0.00522763514872	0.0010754681649	-0.00119711930184	-0.00323297509834	-0.00376062201311	-0.00165982362955	4.10742185756e-05	8.56141192567e-05
34550	G700	G70.0 Myasthenia gravis	34540	4	60	Chapter VI	Y	Y	-0.000211922161256	-0.00567440622842	-0.00522034044212	0.00102417254944	-0.00126707160979	-0.00325739269001	-0.00382547688471	-0.00150345233001	-5.60030619949e-05	8.13416067811e-05
34560	G701	G70.1 Toxic myoneural disorders	34540	4	60	Chapter VI	Y	Y	-0.000232344455238	-0.00556700800879	-0.00521297641999	0.00103247685575	-0.00138553380928	-0.00317912882287	-0.00378276902421	-0.00144590442551	-0.000156124770372	0.000150324615131
34570	G702	G70.2 Congenital and developmental myasthenia	34540	4	60	Chapter VI	Y	Y	-0.000191292668507	-0.00569285713091	-0.00520995615714	0.00101668420032	-0.00126455109688	-0.00333459473933	-0.00391760586946	-0.00131973092046	-8.77772211921e-05	1.75687075803e-05
34580	G708	G70.8 Other specified myoneural disorders	34540	4	60	Chapter VI	Y	Y	-0.000239998137163	-0.00546893730665	-0.00519881315861	0.000990260268874	-0.00140337493596	-0.00310093501062	-0.0037599975212	-0.00142540359578	-0.000179012280315	0.000174465991205
34590	G709	G70.9 Myoneural disorder, unspecified	34540	4	60	Chapter VI	Y	Y	-0.000264169575338	-0.00552186076351	-0.00521314969709	0.000973730623203	-0.00138031659202	-0.0030782269427	-0.00383683505596	-0.00138994803908	-0.000192375987226	0.000161550477734
34600	G71	G71 Primary disorders of muscles	950	3	60	Chapter VI	Y	Y	-0.00431269505916	-0.00546676631841	-0.00451650944548	-0.000543770201094	-0.00101702906775	-0.00120436560601	-0.00164721183317	-0.00323676475044	0.00162153410794	-0.00151418115715
34610	G710	G71.0 Muscular dystrophy	34600	4	60	Chapter VI	Y	Y	-0.0043807350516	-0.00550585584327	-0.00456195496744	-0.000602269941971	-0.00101257611445	-0.00120402467194	-0.001663286844	-0.00321506609391	0.00163859824249	-0.00157279970466
34620	G711	G71.1 Myotonic disorders	34600	4	60	Chapter VI	Y	Y	-0.00424982882873	-0.00543400186208	-0.00447779296944	-0.000595287469205	-0.000910841384169	-0.00122431226421	-0.00161876953866	-0.00324188643954	0.00159509582648	-0.00153371806215
34630	G712	G71.2 Congenital myopathies	34600	4	60	Chapter VI	Y	Y	-0.00431363113199	-0.00551544179493	-0.00458078506058	-0.000625664720182	-0.000863055200187	-0.00124959274251	-0.00165058786547	-0.00331244064233	0.00163586894686	-0.00154143374997
34640	G713	G71.3 Mitochondrial myopathy, not elsewhere classified	34600	4	60	Chapter VI	Y	Y	-0.00432389145259	-0.00557989871864	-0.00454685454257	-0.000489595403436	-0.000973551035111	-0.00122446914347	-0.00169112415187	-0.00327119001947	0.00161401222003	-0.00148396917682
34650	G718	G71.8 Other primary disorders of muscles	34600	4	60	Chapter VI	Y	Y	-0.00419322572206	-0.00556619414717	-0.00464349958352	-0.000572000579398	-0.000766631196212	-0.00129459245219	-0.00170802415895	-0.00335188328909	0.00170804254913	-0.00148926772062
34660	G719	G71.9 Primary disorder of muscle, unspecified	34600	4	60	Chapter VI	Y	Y	-0.00428040861304	-0.00564722783481	-0.00457887809654	-0.000517636508147	-0.000805719339857	-0.00121864446312	-0.00174382896008	-0.00319524324404	0.00162767139685	-0.00149248467304
34670	G72	G72 Other myopathies	950	3	60	Chapter VI	Y	Y	2.83507233893e-06	-0.00366963227662	-0.00198875225622	0.000801948515749	0.00482967851814	-0.00116895944249	-0.00180595724961	-0.00566535337849	0.00044358245124	0.00265571167427
34680	G720	G72.0 Drug-induced myopathy	34670	4	60	Chapter VI	Y	Y	3.52303860518e-06	-0.0036323157485	-0.00186708585413	0.000828698120829	0.00503785325559	-0.00112041663905	-0.0017933376199	-0.00572883632692	0.0002905000121	0.00273556431553
34690	G721	G72.1 Alcoholic myopathy	34670	4	60	Chapter VI	Y	Y	4.52887856609e-05	-0.00362113391266	-0.00195061833325	0.000760597968751	0.00483964411461	-0.00121505955444	-0.00178670340082	-0.00574505397088	0.000445788258237	0.00268577222075
34700	G722	G72.2 Myopathy due to other toxic agents	34670	4	60	Chapter VI	Y	Y	4.6208616107e-05	-0.00366086353601	-0.00197556854903	0.000811898627614	0.00496762571689	-0.00118093430169	-0.00179478158947	-0.00579589944769	0.000410945099471	0.00276424019213
34710	G723	G72.3 Periodic paralysis	34670	4	60	Chapter VI	Y	Y	6.34571543671e-05	-0.00364219372282	-0.00201391313737	0.000763794250246	0.00481625371713	-0.00121691705133	-0.00179377981919	-0.00573755392043	0.000451627484407	0.00269517935736
34720	G724	G72.4 Inflammatory myopathy, not elsewhere classified	34670	4	60	Chapter VI	Y	Y	3.55166786494e-05	-0.00360859060595	-0.00186802622029	0.000801380017773	0.00493850345771	-0.00114615080798	-0.00179290536327	-0.0057623113257	0.000332769092087	0.00270528163849
34730	G728	G72.8 Other specified myopathies	34670	4	60	Chapter VI	Y	Y	-4.59862586328e-06	-0.00363669799931	-0.00200011859675	0.000725930049814	0.00484963650933	-0.00127923588314	-0.00191904442373	-0.00571293700497	0.000545133311734	0.0026417563298
34740	G729	G72.9 Myopathy, unspecified	34670	4	60	Chapter VI	Y	Y	-4.66055896324e-05	-0.00372596292844	-0.00198473993243	0.000774582858925	0.00481273294369	-0.00120972475501	-0.00185319113745	-0.00558868038116	0.00037143378223	0.00257946109086
34750	G73	G73 Disorders of myoneural junction and muscle in diseases classified elsewhere	950	3	60	Chapter VI	Y	Y	0.00177184611327	-0.00409607742302	-0.00192663292855	0.00272689328377	0.00254442930986	0.00237109797474	-0.00154907270245	-0.00625458694355	0.00187400660756	-0.000469546414715
34760	G730	G73.0 Myasthenic syndromes in endocrine diseases	34750	4	60	Chapter VI	Y	Y	0.00166236131617	-0.00406767931247	-0.00173673122143	0.00302627147362	0.00235486508224	0.00232209269774	-0.00132372694608	-0.00641414911417	0.00185101962541	-0.000400735229058
34770	G731	G73.1 Eaton-Lambert syndrome	34750	4	60	Chapter VI	Y	Y	0.00180374039718	-0.00413415002976	-0.00180137900122	0.00293248900891	0.00248526797961	0.00237755491489	-0.00144975450739	-0.00629936443254	0.00189768507103	-0.000399268794719
34780	G732	G73.2 Other myasthenic syndromes in neoplastic disease	34750	4	60	Chapter VI	Y	Y	0.00177970807726	-0.00404827670906	-0.00177449466025	0.00288974959225	0.00247693278874	0.00238838331539	-0.00141004184431	-0.00637098850039	0.00183821901801	-0.000431671798759
34790	G733	G73.3 Myasthenic syndromes in other diseases classified elsewhere	34750	4	60	Chapter VI	Y	Y	0.00179820958412	-0.00410155362306	-0.00182017817378	0.00280467388371	0.00250885225679	0.00235550782554	-0.00147523380972	-0.00613792979299	0.00187030988294	-0.000391534662553
34800	G734	G73.4 Myopathy in infectious and parasitic diseases classified elsewhere	34750	4	60	Chapter VI	Y	Y	0.00178884695724	-0.00413442270289	-0.00182371236136	0.00290309715358	0.0024641080041	0.00234693254079	-0.00143965141924	-0.00621489443845	0.00188812942778	-0.000407973140536
34810	G735	G73.5 Myopathy in endocrine diseases	34750	4	60	Chapter VI	Y	Y	0.00174798536826	-0.00421900414671	-0.00182016794699	0.00294577213506	0.00253601702512	0.00238233283548	-0.00147235722629	-0.00635115413626	0.00191038568808	-0.000364817136174
34820	G736	G73.6 Myopathy in metabolic diseases	34750	4	60	Chapter VI	Y	Y	0.00168684979797	-0.00410993700597	-0.00184751849083	0.00286649754603	0.00245764327052	0.00226117139168	-0.00144179438835	-0.0062795760447	0.00188544830226	-0.000405968145025
34830	G737	G73.7 Myopathy other diseases classified elsewhere	34750	4	60	Chapter VI	Y	Y	0.0018168197097	-0.00406248912084	-0.00180834666801	0.00280914328142	0.00251001120885	0.00239351682075	-0.00147291726446	-0.00620807086035	0.00185286581482	-0.000426078914858
34840	G80	G80 Infantile cerebral palsy	960	3	60	Chapter VI	Y	Y	0.00101952375531	-0.00330956427973	-0.0020414171327	-0.00218809161365	-0.00238573378921	-0.000207119006625	-0.00491727038426	-0.00166496965535	0.00478227500568	0.00291526155497
34850	G800	G80.0 Spastic cerebral palsy	34840	4	60	Chapter VI	Y	Y	0.000973320455159	-0.00335570360356	-0.00210481096006	-0.00221155529364	-0.00230593442337	-0.000267147356524	-0.00496551000884	-0.00165531539769	0.00480787907321	0.0029140892616
34860	G801	G80.1 Spastic diplegia	34840	4	60	Chapter VI	Y	Y	0.00104487838847	-0.00337291400205	-0.00218560950161	-0.0021825804502	-0.00231259894539	-0.000280383006683	-0.00505412097821	-0.00178905772595	0.00492971211992	0.00295314452269
34870	G802	G80.2 Infantile hemiplegia	34840	4	60	Chapter VI	Y	Y	0.00102554959828	-0.00334267622288	-0.00224941418488	-0.00211369858545	-0.00225611474816	-0.00028673233186	-0.0050358346526	-0.00180479913092	0.00495461362234	0.00290322316197
34880	G803	G80.3 Dyskinetic cerebral palsy	34840	4	60	Chapter VI	Y	Y	0.00100818717379	-0.00334388189113	-0.00209325747795	-0.00219229615194	-0.00232184218109	-0.000274723692559	-0.00491418726561	-0.00171672964514	0.0047717154019	0.00290697658936
34890	G804	G80.4 Ataxic cerebral palsy	34840	4	60	Chapter VI	Y	Y	0.00103065231486	-0.00345727457723	-0.0021374888869	-0.00221903063072	-0.00232012117026	-0.000295535780652	-0.00504035592954	-0.00172286248617	0.00487758204669	0.00294927514993
34900	G808	G80.8 Other infantile cerebral palsy	34840	4	60	Chapter VI	Y	Y	0.00104168776717	-0.00338857732637	-0.00219398538886	-0.00208746523475	-0.00217589719704	-0.000356971842367	-0.00492793081643	-0.00183107571834	0.00483986054523	0.00286964432427
34910	G809	G80.9 Infantile cerebral palsy, unspecified	34840	4	60	Chapter VI	Y	Y	0.00101693555996	-0.00346560293697	-0.0022001155775	-0.00214118022419	-0.0022115792984	-0.000370836578746	-0.00499218982276	-0.00178654645679	0.00486999766038	0.0028663372168
34920	G81	G81 Hemiplegia	960	3	60	Chapter VI	Y	Y	0.00219830015481	-0.00151607233493	-0.00533677277145	-0.0012852105197	0.0004563441907	0.000356663002374	-0.00446903945913	-0.00327712775917	0.00469750083502	-0.000285056774664
34930	G810	G81.0 Flaccid hemiplegia	34920	4	60	Chapter VI	Y	Y	0.00226029896415	-0.00142836222407	-0.0054319261862	-0.00136049673172	0.00048568158379	0.000471622695488	-0.00452646654064	-0.00327809992361	0.00476693612683	-0.000354346905898
34940	G811	G81.1 Spastic hemiplegia	34920	4	60	Chapter VI	Y	Y	0.00226249054734	-0.00145567589898	-0.00541274700628	-0.00138858137132	0.000475818259172	0.000486359295885	-0.00450825781186	-0.00330257463451	0.00475121469592	-0.000373742689348
34950	G819	G81.9 Hemiplegia, unspecified	34920	4	60	Chapter VI	Y	Y	0.00222668658578	-0.00154146370115	-0.00543133031355	-0.00129981234777	0.000475778792174	0.000373807381467	-0.00456287973599	-0.00331731440378	0.00478240988899	-0.000284454022623
34960	G82	G82 Paraplegia and tetraplegia	960	3	60	Chapter VI	Y	Y	0.00327430092713	-0.00147568589676	-0.00157120207537	-0.00197562542253	0.000432923259865	-0.00223118708212	-0.00312972995204	-0.00353786300821	0.00557315414967	0.00256281308302
34970	G820	G82.0 Flaccid paraplegia	34960	4	60	Chapter VI	Y	Y	0.00340427944125	-0.0013599980851	-0.00153335864924	-0.00210732618273	0.000432834097805	-0.00231703457143	-0.00316504919731	-0.00360282390099	0.00576817256679	0.00265774343768
34980	G821	G82.1 Spastic paraplegia	34960	4	60	Chapter VI	Y	Y	0.00341073500979	-0.00137088185364	-0.00156810904312	-0.00210223557476	0.00042245407608	-0.00233038531579	-0.0031829865835	-0.00360651039962	0.00577793607158	0.00265304131311
34990	G822	G82.2 Paraplegia, unspecified	34960	4	60	Chapter VI	Y	Y	0.00334410977957	-0.00140579256956	-0.00163643411582	-0.00206160908952	0.000418522803352	-0.00241068215426	-0.00319643140654	-0.00360950420676	0.00583343183523	0.00262802791764
35000	G823	G82.3 Flaccid tetraplegia	34960	4	60	Chapter VI	Y	Y	0.00355363672008	-0.00120490770046	-0.00141920008657	-0.00228723555726	0.000504472394364	-0.00230602321258	-0.00314508768669	-0.00346235802511	0.0057382889416	0.0027427182937
35010	G824	G82.4 Spastic tetraplegia	34960	4	60	Chapter VI	Y	Y	0.00326440729227	-0.00144471837445	-0.00160091629826	-0.0019760673662	0.000423456701523	-0.00234124086867	-0.00316996933804	-0.00358890630245	0.00564833996148	0.00261452848018
35020	G825	G82.5 Tetraplegia, unspecified	34960	4	60	Chapter VI	Y	Y	0.00355032214605	-0.00119649527492	-0.00141117991077	-0.00229533453178	0.000465729890088	-0.00230245602114	-0.00312396592038	-0.00347995886523	0.00574795692216	0.00274191967743
35040	G830	G83.0 Diplegia of upper limbs	35030	4	60	Chapter VI	Y	Y	0.000126061339538	0.000349013617694	-0.00115943531026	0.000130582189169	0.00181328992127	-0.00628572563858	-0.00405513878294	-0.00462474123998	0.0014329172042	0.000661089846167
35050	G831	G83.1 Monoplegia of lower limb	35030	4	60	Chapter VI	Y	Y	0.000143130987547	0.000318356981757	-0.00126914662872	7.80915464622e-05	0.00181624195746	-0.00632013226743	-0.00413099038641	-0.00460156699049	0.00140645863753	0.000648606728372
35060	G832	G83.2 Monoplegia of upper limb	35030	4	60	Chapter VI	Y	Y	0.000187258980409	0.000294770494898	-0.00130478408181	0.000159977984679	0.00170410759683	-0.00623310082494	-0.00403090245186	-0.00468470852405	0.00139979273177	0.000624430768616
35070	G833	G83.3 Monoplegia, unspecified	35030	4	60	Chapter VI	Y	Y	0.00017791495287	0.000269179216794	-0.00128887009975	0.000154853872949	0.00173097296155	-0.00617025958838	-0.00400643884773	-0.00462357491167	0.0014241268316	0.00060942072292
35080	G834	G83.4 Cauda equina syndrome	35030	4	60	Chapter VI	Y	Y	0.000117826875432	0.000366369698287	-0.00122761794153	6.31765728217e-05	0.00188864324655	-0.00637615380921	-0.00418647481822	-0.00463235788238	0.00143213934881	0.000663602598121
35090	G835	G83.5 Locked-in syndrome	35030	4	60	Chapter VI	Y	Y	0.000142735635925	0.000312441078369	-0.00131024224726	8.22361808339e-05	0.00182798982851	-0.00631471613002	-0.00417503573667	-0.00463154111221	0.00142062292968	0.000650107625547
35100	G838	G83.8 Other specified paralytic syndromes	35030	4	60	Chapter VI	Y	Y	0.000142268292396	0.000378808761072	-0.00125360682295	0.000109215038471	0.0017944234383	-0.00627133018716	-0.00407926779384	-0.00462436484867	0.00133149447318	0.000618582931453
35110	G839	G83.9 Paralytic syndrome, unspecified	35030	4	60	Chapter VI	Y	Y	9.80516817025e-05	0.000387350993967	-0.00117079415161	1.19366235629e-05	0.00191294902546	-0.00635101596348	-0.00418571170962	-0.00459061648639	0.00146810474655	0.000680248900277
35130	G900	G90.0 Idiopathic peripheral autonomic neuropathy	35120	4	60	Chapter VI	Y	Y	0.000751087686913	-0.00589367832521	-0.000388482277624	0.00151309797061	-0.00128975480109	-0.00137128887904	-0.00599282111954	-0.00223662612247	0.0014152354436	-0.00129652138351
35140	G901	G90.1 Familial dysautonomia [Riley-Day]	35120	4	60	Chapter VI	Y	Y	0.000801104813785	-0.00594352827988	-0.000473648766535	0.00152447459696	-0.00122310722137	-0.00142588546193	-0.00587517708061	-0.00230660201672	0.00147578848369	-0.00117115734481
35150	G902	G90.2 Horner's syndrome	35120	4	60	Chapter VI	Y	Y	0.000793513261261	-0.00592916793614	-0.000410466677263	0.00150277219799	-0.00124887388012	-0.00145200299044	-0.00600544710097	-0.00226312469209	0.00142930520896	-0.00130041601343
35160	G903	G90.3 Multisystem degeneration	35120	4	60	Chapter VI	Y	Y	0.000807416702977	-0.00612291634909	-0.000422112155343	0.00157181334859	-0.00127349164477	-0.00141861057728	-0.00603994872798	-0.00233921171868	0.00154917406603	-0.00119129699001
35170	G904	G90.4 Autonomic dysreflexia	35120	4	60	Chapter VI	Y	Y	0.000772182433223	-0.00593434851942	-0.000423523303188	0.00152485931227	-0.00127053298181	-0.001410000842	-0.00598263910789	-0.0022607438431	0.00144042387815	-0.00126134305507
35180	G908	G90.8 Other disorders of autonomic nervous system	35120	4	60	Chapter VI	Y	Y	0.000801956328063	-0.00607664701568	-0.000446315580166	0.00156831540486	-0.0012694228376	-0.0014157465262	-0.00599054757723	-0.00235130177499	0.00155334057193	-0.00118651397033
35190	G909	G90.9 Disorder of autonomic nervous system, unspecified	35120	4	60	Chapter VI	Y	Y	0.000757301243292	-0.00594717086353	-0.000397461057626	0.00154853164954	-0.00129245089512	-0.00140686424539	-0.00602705993814	-0.00225396075809	0.00142715088507	-0.00125644486779
35200	G91	G91 Hydrocephalus	970	3	60	Chapter VI	Y	Y	0.00234146562779	-0.00614285825291	0.00049043598868	-0.00156756990758	0.000345800038515	-0.000293740928506	-0.00378612391945	-0.00454484705531	0.00255666771967	-0.000610266565038
35210	G910	G91.0 Communicating hydrocephalus	35200	4	60	Chapter VI	Y	Y	0.00243677137566	-0.00625431595252	0.000591038967255	-0.00171535813261	0.000332496980016	-0.000255326697354	-0.00391036116671	-0.00463319603611	0.00253486574171	-0.000699749144836
35220	G911	G91.1 Obstructive hydrocephalus	35200	4	60	Chapter VI	Y	Y	0.0024346691724	-0.00615480122723	0.000753749502089	-0.00173743559326	0.000336790488638	-6.431551069e-05	-0.00391296324267	-0.00460049499633	0.0024701734849	-0.000744209225458
35230	G912	G91.2 Normal-pressure hydrocephalus	35200	4	60	Chapter VI	Y	Y	0.00238821342632	-0.00616484113826	0.00055355522244	-0.00163708706019	0.000316002837839	-0.00026006540227	-0.00382785777082	-0.00457102877865	0.00251835862368	-0.000671066343123
35240	G913	G91.3 Posttraumatic hydrocephalus, unspecified	35200	4	60	Chapter VI	Y	Y	0.00243524679196	-0.00620818932909	0.000695728808155	-0.00171872561637	0.000323226100904	-8.75890081307e-05	-0.00396061876218	-0.00456655035174	0.00260498318699	-0.000638152148516
35250	G918	G91.8 Other hydrocephalus	35200	4	60	Chapter VI	Y	Y	0.00241635839087	-0.00616218445503	0.000723295397285	-0.0017036299625	0.000356240701056	-0.000122837293254	-0.00389449885397	-0.00455516049221	0.00244681503751	-0.000765628488801
35260	G919	G91.9 Hydrocephalus, unspecified	35200	4	60	Chapter VI	Y	Y	0.00241425912894	-0.00616972839208	0.000661672289447	-0.00170029695739	0.000357358470967	-0.000152899690227	-0.00389599191436	-0.00456392443742	0.00246117268155	-0.000736006539095
35270	G92	G92 Toxic encephalopathy	970	3	60	Chapter VI	Y	Y	0.000447309184701	-0.00202225533731	-0.000756529191524	0.000783629369794	-0.001309702287	-0.00128347636216	-0.000526225941306	-0.00363928239153	0.00176349022121	0.000704282159186
35280	G93	G93 Other disorders of brain	970	3	60	Chapter VI	Y	Y	0.00537916286845	-0.00323822494571	-0.000562160921238	0.00162991159284	-0.000529448126782	-0.000171133266624	-0.00147916640356	-0.0031541954915	0.00526957936752	0.00255388139406
35290	G930	G93.0 Cerebral cysts	35280	4	60	Chapter VI	Y	Y	0.00524945636687	-0.00322673297092	-0.00060356873719	0.00160174724722	-0.000414143115637	-0.000176510098546	-0.00153991037597	-0.0031934271985	0.00531276891273	0.0026391282115
35300	G931	G93.1 Anoxic brain damage, not elsewhere classified	35280	4	60	Chapter VI	Y	Y	0.0052687264753	-0.00322043477344	-0.000669012300182	0.00159063744852	-0.000495814360095	-0.000180467419235	-0.00157214063664	-0.00317145053798	0.00529588265564	0.00260918625064
35310	G932	G93.2 Benign intracranial hypertension	35280	4	60	Chapter VI	Y	Y	0.00538771806462	-0.00318361733986	-0.00052470627209	0.00158000017885	-0.000488286359594	-0.000153406659786	-0.00153012352585	-0.00315764241985	0.0054137727101	0.00265894611708
35320	G933	G93.3 Postviral fatigue syndrome	35280	4	60	Chapter VI	Y	Y	0.00512983818328	-0.00314900519244	-0.000705269999706	0.00153176840954	-0.000457633023398	-0.000198624812331	-0.001588896542	-0.0031339626828	0.0052717046568	0.00259516610769
35330	G934	G93.4 Encephalopathy, unspecified	35280	4	60	Chapter VI	Y	Y	0.00532633749739	-0.00313889353204	-0.000606561334527	0.00155952604422	-0.000498834304524	-0.000176831722704	-0.00155783562218	-0.00314997257198	0.00538408962392	0.00267706542378
35340	G935	G93.5 Compression of brain	35280	4	60	Chapter VI	Y	Y	0.00521794172161	-0.00325068643109	-0.00067968116463	0.00158417223563	-0.000437208758302	-0.000216700118835	-0.00159393307693	-0.00316278946739	0.00536202466381	0.00265535314255
35350	G936	G93.6 Cerebral oedema	35280	4	60	Chapter VI	Y	Y	0.00532817695571	-0.0031657808919	-0.000610814458308	0.00161049308195	-0.000538598465192	-0.00019577212323	-0.00155873465802	-0.00318782034245	0.00534022708634	0.00259028708808
35360	G937	G93.7 Reye's syndrome	35280	4	60	Chapter VI	Y	Y	0.00530301318836	-0.00312752294667	-0.000645425404176	0.00163093781785	-0.000569155788521	-0.000152371858507	-0.00152174603342	-0.00316904224902	0.00524206146966	0.00260604318584
35370	G938	G93.8 Other specified disorders of brain	35280	4	60	Chapter VI	Y	Y	0.00538029638835	-0.00316191621422	-0.000549978603324	0.0015462841552	-0.000450956367713	-0.000200088880284	-0.00153433661209	-0.00308120926901	0.00546878768467	0.00264469590516
35380	G939	G93.9 Disorder of brain, unspecified	35280	4	60	Chapter VI	Y	Y	0.0052205109757	-0.00306849783368	-0.000584274407583	0.00149406410509	-0.000407439347184	-0.000203285398142	-0.00156763189539	-0.00310247362435	0.00543893679257	0.00264836329944
35400	G940	G94.0 Hydrocephalus in infectious and parasitic diseases classified elsewhere	35390	4	60	Chapter VI	Y	Y	0.00107294014162	-0.00513405150112	-0.00275570092807	0.00280459500506	-0.000470090191903	-0.00260543343023	-0.000149891459524	-0.00202152097345	0.00608529252623	0.00150695692898
35410	G941	G94.1 Hydrocephalus in neoplastic disease	35390	4	60	Chapter VI	Y	Y	0.00111078787593	-0.00519190534198	-0.00281478856072	0.00278690397401	-0.000498251971351	-0.00259030680606	-0.000237780423123	-0.00207306916714	0.00612455711814	0.00151175115401
35420	G942	G94.2 Hydrocephalus in other diseases classified elsewhere	35390	4	60	Chapter VI	Y	Y	0.00104475005762	-0.00507354925843	-0.0027191327709	0.0027968629247	-0.000459112145225	-0.00261031904299	-0.00011369024182	-0.00201011532321	0.00605044801654	0.0015150232323
35430	G948	G94.8 Other specified disorders of brain in diseases classified elsewhere	35390	4	60	Chapter VI	Y	Y	0.000936143468589	-0.00498716049203	-0.00270309629621	0.00270044234747	-0.00042666750086	-0.00252468423306	-0.0001632528358	-0.00204280263258	0.0058749956748	0.00147962345206
35440	G95	G95 Other diseases of spinal cord	970	3	60	Chapter VI	Y	Y	-0.00132881847226	-0.00643504647822	-0.00385439246934	-0.000372736684364	0.000418702210592	5.72438021084e-05	-0.000602768286173	-0.00323400194752	0.00402846540506	0.00158545617234
35450	G950	G95.0 Syringomyelia and syringobulbia	35440	4	60	Chapter VI	Y	Y	-0.00139220298906	-0.00664192887137	-0.00394486533036	-0.000393755649708	0.000467467112566	7.47463231029e-05	-0.000597704951498	-0.00328356809821	0.00411433424971	0.00163898418575
35460	G951	G95.1 Vascular myelopathies	35440	4	60	Chapter VI	Y	Y	-0.00150217564399	-0.00654549879359	-0.00398276939012	-0.00046841056226	0.000461947821759	0.000118161141743	-0.000466432338554	-0.00311786679068	0.00409134910013	0.00159500758983
35470	G952	G95.2 Cord compression, unspecified	35440	4	60	Chapter VI	Y	Y	-0.00141235056983	-0.00671969599237	-0.00399027284878	-0.00044749220974	0.000513207169398	6.20393123746e-05	-0.000551998436244	-0.00321836822036	0.00411592697405	0.00162937253285
35480	G958	G95.8 Other specified diseases of spinal cord	35440	4	60	Chapter VI	Y	Y	-0.00143843451522	-0.00654384813977	-0.0039625406842	-0.000390531286621	0.000439396537873	0.000158970162098	-0.000597285337822	-0.0032721787589	0.00404699652052	0.00156364819914
35490	G959	G95.9 Disease of spinal cord, unspecified	35440	4	60	Chapter VI	Y	Y	-0.00135486571655	-0.00656923871099	-0.00392421094987	-0.000376495308279	0.000429766537641	7.36120625176e-05	-0.000615638342076	-0.00326765393186	0.00410015007844	0.00162753728698
35500	G96	G96 Other disorders of central nervous system	970	3	60	Chapter VI	Y	Y	0.00301286097522	-0.00607849287128	0.000395057579273	0.000396243558499	0.000464546241382	-0.00199716966801	-0.00271698943218	-0.00393557745541	0.00396763327786	0.000416498220774
35510	G960	G96.0 Cerebrospinal fluid leak	35500	4	60	Chapter VI	Y	Y	0.00309621427965	-0.00610033100882	0.000621020728145	0.000350435119179	0.000637512361248	-0.00209654738563	-0.00280804107077	-0.0038607341951	0.00385378084493	0.000338327378964
35520	G961	G96.1 Disorders of meninges, not elsewhere classified	35500	4	60	Chapter VI	Y	Y	0.00317442905993	-0.00621036579351	0.000537841897775	0.000325048429377	0.000520910834685	-0.00199085044124	-0.00280174632585	-0.00395598965791	0.0040332103301	0.00041377703918
35530	G968	G96.8 Other specified disorders of central nervous system	35500	4	60	Chapter VI	Y	Y	0.003187711511	-0.0061034502648	0.000625866599081	0.000306464246407	0.000497115879429	-0.00197116559434	-0.00275871004781	-0.00394293100762	0.00389769941849	0.000395688097256
35540	G969	G96.9 Disorder of central nervous system, unspecified	35500	4	60	Chapter VI	Y	Y	0.00302956214418	-0.00610780851056	0.000406443352002	0.000359085145906	0.000521321270158	-0.00201140162466	-0.00276462449121	-0.00390414737227	0.00394746535362	0.000425850439198
35550	G97	G97 Postprocedural disorders of nervous system, not elsewhere classified	970	3	60	Chapter VI	Y	Y	5.25945737433e-05	-0.00233027120733	-0.00365404868988	0.00075873938353	0.00220050359949	-0.00352972549551	-0.00102844231222	-0.00445455724416	0.00407090804692	0.00418216100388
35560	G970	G97.0 Cerebrospinal fluid leak from spinal puncture	35550	4	60	Chapter VI	Y	Y	5.14858984742e-05	-0.002449328589	-0.00368100601733	0.00071071628781	0.00224422954341	-0.00351933892679	-0.00107891378562	-0.00453019994005	0.00402870306501	0.00408813431591
35570	G971	G97.1 Other reaction to spinal and lumbar puncture	35550	4	60	Chapter VI	Y	Y	2.53336235926e-05	-0.0024422226676	-0.00373259660545	0.000683964133455	0.00232425109193	-0.00351532752434	-0.00106611937818	-0.0045775333865	0.00398768929634	0.00408908027684
35580	G972	G97.2 Intracranial hypotension following ventricular shunting	35550	4	60	Chapter VI	Y	Y	3.96207940879e-05	-0.00238764025153	-0.00366865962567	0.000693212545929	0.00221874577613	-0.00353329729009	-0.00105957687341	-0.00444906254282	0.00401096023384	0.00414807948677
35590	G978	G97.8 Other postprocedural disorders of nervous system	35550	4	60	Chapter VI	Y	Y	1.58845997493e-05	-0.00233480444367	-0.00366686384288	0.000696379224432	0.00224725673727	-0.00353772986046	-0.00103608360367	-0.00447303152078	0.00398626348743	0.00410389549721
35600	G979	G97.9 Postprocedural disorder of nervous system, unspecified	35550	4	60	Chapter VI	Y	Y	4.03462634759e-05	-0.00242105870005	-0.00373809199295	0.000698873372431	0.00232060845924	-0.00354753861098	-0.00105914924819	-0.00456819853522	0.0040306629277	0.00415874226642
35610	G98	G98 Other disorders of nervous system, not elsewhere classified	970	3	60	Chapter VI	Y	Y	0.00094710553706	-0.00254948685329	-0.000685368270143	0.000834315404729	-0.00124683330584	-0.00125230576269	-0.000906073593077	-0.00400481268928	0.0023770943298	0.000705963990313
35620	G99	G99 Other disorders of nervous system in diseases classified elsewhere	970	3	60	Chapter VI	Y	Y	0.000495232790633	-0.00563039490375	-0.0022406238332	-0.00224628054593	0.00227896040928	-0.00304535714389	-0.00178595577824	-0.00463831049666	0.000766807139568	0.00292738141191
35630	G990	G99.0 Autonomic neuropathy in endocrine and metabolic diseases	35620	4	60	Chapter VI	Y	Y	0.000466865721985	-0.0055711996422	-0.00220391693569	-0.00226705175756	0.00224827764029	-0.00304947053665	-0.00182668266293	-0.00468566980095	0.000682313854979	0.0028832885575
35640	G991	G99.1 Other disorders of autonomic nervous system in other diseases classified elsewhere	35620	4	60	Chapter VI	Y	Y	0.000412593909719	-0.00573360806479	-0.00228000096142	-0.00233790779722	0.00239560249914	-0.00307107436134	-0.00182025295791	-0.00461363229205	0.000646957222686	0.00299259802347
35650	G992	G99.2 Myelopathy in diseases classified elsewhere	35620	4	60	Chapter VI	Y	Y	0.000510366424243	-0.0056224500447	-0.00221142152805	-0.00222190489577	0.00228566019258	-0.00302768322455	-0.00184235249931	-0.00457163659493	0.000811013756329	0.00288114234604
35660	G998	G99.8 Other specified disorders of nervous system in diseases classified elsewhere	35620	4	60	Chapter VI	Y	Y	0.000494812528643	-0.00562903202553	-0.00222278966668	-0.00221473483745	0.00223993291531	-0.00303096767625	-0.00183404224153	-0.00461392184973	0.000762631364479	0.0028914393087
40110	I00	I00 Rheumatic fever without mention of heart involvement	1130	3	90	Chapter IX	Y	Y	0.00418925067067	0.00340659844041	0.000946740301447	0.000597903708439	-0.00107955847658	-0.00136905653397	-0.000258660832273	0.00127777018139	0.00155850646968	-0.000688043189543
40120	I01	I01 Rheumatic fever with heart involvement	1130	3	90	Chapter IX	Y	Y	-0.00456147944139	-0.00127376791282	0.000862874855992	-0.00194774542431	0.003524466738	0.00361345642487	0.000190840587556	0.00291452995998	-0.00145210118394	0.00208373066344
40130	I010	I01.0 Acute rheumatic pericarditis	40120	4	90	Chapter IX	Y	Y	-0.00459460611638	-0.00129229352293	0.000883231851128	-0.00194020781301	0.00362946703321	0.00357701806449	0.000208001228975	0.00304109391049	-0.00137859020302	0.00207452145642
40140	I011	I01.1 Acute rheumatic endocarditis	40120	4	90	Chapter IX	Y	Y	-0.00459234800216	-0.00127273208004	0.000899981814586	-0.00194357256496	0.00362573952355	0.00360020242528	0.000208447463149	0.00304875992658	-0.00141481428943	0.00210019643218
40150	I012	I01.2 Acute rheumatic myocarditis	40120	4	90	Chapter IX	Y	Y	-0.0044861196212	-0.00125009571338	0.000950244771693	-0.00194561415732	0.00361113108758	0.00363843053778	0.000173323034429	0.00309965001836	-0.00144025264333	0.00207159121616
40160	I018	I01.8 Other acute rheumatic heart disease	40120	4	90	Chapter IX	Y	Y	-0.00457616553044	-0.00128615593876	0.00088976174134	-0.00191332450702	0.00358554537531	0.00356699695349	0.000184214612832	0.00298499642272	-0.0013824478161	0.00206217576025
40170	I019	I01.9 Acute rheumatic heart disease, unspecified	40120	4	90	Chapter IX	Y	Y	-0.00466656537444	-0.0012996781635	0.000868878217696	-0.00198031571722	0.00359889728312	0.00364144506419	0.000197040584217	0.00300232398701	-0.00146632653569	0.00210266676425
40180	I02	I02 Rheumatic chorea	1130	3	90	Chapter IX	Y	Y	0.00448326042727	0.00212267517783	0.00229739479806	0.000411258422257	0.00140192333065	-0.000707122278874	-0.000811600463962	0.00546929960271	9.94839311834e-05	-0.00195451620605
40190	I020	I02.0 Rheumatic chorea with heart involvement	40180	4	90	Chapter IX	Y	Y	0.00467974275103	0.0021491830242	0.00233352233304	0.0004508025784	0.00145133612568	-0.000775989487603	-0.00091965561144	0.00555052979624	9.6188720543e-05	-0.00211082928823
40200	I029	I02.9 Rheumatic chorea without heart involvement	40180	4	90	Chapter IX	Y	Y	0.00488076946242	0.00210820582751	0.00233534208518	0.000651394224053	0.00130024429679	-0.000936348773123	-0.00103561928683	0.00541379186752	0.000111539337456	-0.00222074054044
40210	I05	I05 Rheumatic mitral valve diseases	1140	3	90	Chapter IX	Y	Y	0.00378996060349	0.00206735966277	0.00125915190186	-0.000558133281888	0.00239351900155	0.00157896063752	-0.00202690718927	0.00448467753443	-0.00330053823641	0.000665581269444
40220	I050	I05.0 Mitral stenosis	40210	4	90	Chapter IX	Y	Y	0.00383726012741	0.0021397590148	0.00139407921581	-0.000587192304007	0.00269144221338	0.00167740839882	-0.00217707804619	0.00479669688303	-0.00345071815641	0.000787088878554
40230	I051	I05.1 Rheumatic mitral insufficiency	40210	4	90	Chapter IX	Y	Y	0.00358490598437	0.00211369507607	0.0014058129762	-0.00060513274238	0.00264699346575	0.00172402663914	-0.00203368389658	0.00472988026939	-0.00329195997639	0.000705024983527
40240	I052	I05.2 Mitral stenosis with insufficiency	40210	4	90	Chapter IX	Y	Y	0.0035551102464	0.00210739048737	0.00141350969628	-0.000631642945354	0.00266035287132	0.00175854280444	-0.00201040345084	0.00474654750247	-0.00330387438103	0.00069864801623
40250	I058	I05.8 Other mitral valve diseases	40210	4	90	Chapter IX	Y	Y	0.00386482286116	0.00216730510636	0.0013761114066	-0.000576200313643	0.00265247559757	0.00167705802205	-0.00217652208922	0.00475693087505	-0.0034538320641	0.000773604365321
40260	I059	I05.9 Mitral valve disease, unspecified	40210	4	90	Chapter IX	Y	Y	0.003720565465	0.00213215985522	0.00129135758292	-0.000461630705235	0.00249193678259	0.0014618244217	-0.00209672718271	0.0044357900783	-0.00337849256916	0.000777679883453
40270	I06	I06 Rheumatic aortic valve diseases	1140	3	90	Chapter IX	Y	Y	-0.00110598275465	0.00310466738807	0.00273728857421	-0.00436655917386	0.00424207984995	0.0023348441696	0.000264228978899	0.00210541730451	0.000847541871838	0.00144935211393
40280	I060	I06.0 Rheumatic aortic stenosis	40270	4	90	Chapter IX	Y	Y	-0.00131793677638	0.00327870778276	0.0026130699794	-0.00467561685126	0.00434955961174	0.00231162901	0.000258795566604	0.00201134159412	0.00112576087565	0.00152362272949
40290	I061	I06.1 Rheumatic aortic insufficiency	40270	4	90	Chapter IX	Y	Y	-0.00139913864663	0.00329522205174	0.00253503916741	-0.00454519661777	0.00423285752696	0.002271249551	0.000296200932148	0.00203544396098	0.00109114854217	0.00142181402264
40300	I062	I06.2 Rheumatic aortic stenosis with insufficiency	40270	4	90	Chapter IX	Y	Y	-0.00125409418578	0.00325183501602	0.00267244288678	-0.004651506327	0.00446249615477	0.00231611627068	0.000243911841276	0.00224865450408	0.00109241719684	0.00150553669294
40310	I068	I06.8 Other rheumatic aortic valve diseases	40270	4	90	Chapter IX	Y	Y	-0.00138306333769	0.00327146775548	0.00255072911476	-0.0045506028932	0.00424115742824	0.00228061052121	0.000284649497943	0.00208847178504	0.00108563190047	0.00141793254691
40320	I069	I06.9 Rheumatic aortic valve disease, unspecified	40270	4	90	Chapter IX	Y	Y	-0.00138251868218	0.00331125721071	0.00254699124781	-0.00472623122498	0.00437762006099	0.00230781866477	0.000281150125073	0.0020333793457	0.00119714577754	0.001522400294
40330	I07	I07 Rheumatic tricuspid valve diseases	1140	3	90	Chapter IX	Y	Y	-0.00146228091391	0.00106755307144	0.000446987784946	0.000186081101289	0.0054775349345	0.00268435663656	9.72064234146e-06	0.00221981249574	-0.00461931398799	-0.00137675081321
40340	I070	I07.0 Tricuspid stenosis	40330	4	90	Chapter IX	Y	Y	-0.00142452164731	0.000980923798267	0.000525167152153	9.36104667061e-05	0.00545196290667	0.00269810732053	6.39971915429e-05	0.00239423012436	-0.00456171495109	-0.00131944771218
40350	I071	I07.1 Tricuspid insufficiency	40330	4	90	Chapter IX	Y	Y	-0.0014797351935	0.00100892867731	0.000487626018382	7.91625533266e-05	0.00532604911377	0.00267756678212	0.000111499964813	0.00242775387807	-0.00451296559281	-0.0013414798193
40360	I072	I07.2 Tricuspid stenosis with insufficiency	40330	4	90	Chapter IX	Y	Y	-0.00139024347164	0.00102246404066	0.000607504491337	6.43658461335e-05	0.00552415628571	0.00276316993137	7.35976301541e-05	0.00255833584604	-0.00449746809479	-0.00125888278212
40370	I078	I07.8 Other tricuspid valve diseases	40330	4	90	Chapter IX	Y	Y	-0.00145620494119	0.000982999317041	0.000497322287935	9.51528178835e-05	0.00533329297362	0.00264432139059	9.41547457799e-05	0.00238579361797	-0.00449092177718	-0.00132024808644
40380	I079	I07.9 Tricuspid valve disease, unspecified	40330	4	90	Chapter IX	Y	Y	-0.00142739731662	0.000950852857569	0.000513467829011	9.88311526263e-05	0.00555564975012	0.0027180497924	4.90052387681e-05	0.00232921328898	-0.00461751482756	-0.00130403829739
40390	I08	I08 Multiple valve diseases	1140	3	90	Chapter IX	Y	Y	0.000367182575264	-0.00157594067274	-0.0012615194233	0.000615050495528	0.00202620180824	0.00486472643909	0.00152084680698	0.00543301984419	-0.00152818808257	-5.45481786327e-05
40400	I080	I08.0 Disorders of both mitral and aortic valves	40390	4	90	Chapter IX	Y	Y	0.000332629641577	-0.00167378683348	-0.00141897533561	0.000744177650464	0.00209435465199	0.00503926726637	0.0014877930722	0.00543262806297	-0.0014205673575	2.08379596067e-05
40410	I081	I08.1 Disorders of both mitral and tricuspid valves	40390	4	90	Chapter IX	Y	Y	0.000341253784626	-0.00164338532673	-0.00136626238906	0.000696508937479	0.00208557032545	0.00499883399869	0.00150355423587	0.00546921854607	-0.00146842949932	-1.71181937017e-05
40420	I082	I08.2 Disorders of both aortic and tricuspid valves	40390	4	90	Chapter IX	Y	Y	0.00040636347977	-0.00168635111728	-0.0013260283749	0.00063730961298	0.00209916014015	0.0049646814938	0.00153736415348	0.00550177925798	-0.00158157999415	-7.43048167282e-05
40430	I083	I08.3 Combined disorders of mitral, aortic and tricuspid valves	40390	4	90	Chapter IX	Y	Y	0.000388874035116	-0.00168459421182	-0.00137767621043	0.000670296263856	0.00206914355145	0.00502947411154	0.00152387485446	0.00542364677015	-0.00151342221358	-4.49080995069e-05
40440	I088	I08.8 Other multiple valve diseases	40390	4	90	Chapter IX	Y	Y	0.000316137998417	-0.00151599498778	-0.00126054132809	0.000647436374209	0.00205785508333	0.00479891458719	0.0015432536882	0.00552627436442	-0.00145863914945	-9.11208374606e-05
40450	I089	I08.9 Multiple valve disease, unspecified	40390	4	90	Chapter IX	Y	Y	0.000351709273417	-0.00158369860482	-0.00131281964533	0.000649221679555	0.0021047761513	0.00489420323898	0.00155320024088	0.00556826802349	-0.00149302669736	-7.87902445948e-05
40460	I09	I09 Other rheumatic heart diseases	1140	3	90	Chapter IX	Y	Y	-0.00107300214612	0.000267212037769	0.00550142164767	0.000748724430267	0.00176255454841	0.00361541353661	-0.000661476139272	0.00405463052183	0.00159101466466	0.000352373855444
40470	I090	I09.0 Rheumatic myocarditis	40460	4	90	Chapter IX	Y	Y	-0.00108133896907	0.000270599338555	0.00563218816455	0.000750813038725	0.00179477784227	0.00379953329989	-0.000666716732503	0.00407080646496	0.00153138359936	0.000396271985263
40480	I091	I09.1 Rheumatic diseases of endocardium, valve unspecified	40460	4	90	Chapter IX	Y	Y	-0.00115972854104	0.000209822492704	0.00577998357265	0.00074805445756	0.00174048779798	0.00369898205317	-0.000632774435496	0.00409298363515	0.00167652312498	0.000434960907283
40490	I092	I09.2 Chronic rheumatic pericarditis	40460	4	90	Chapter IX	Y	Y	-0.0011434434884	0.000237669175211	0.00571190424958	0.000769103338311	0.00176316763856	0.00370257815802	-0.000665333159024	0.00410592702113	0.0016686365704	0.000414741195814
40500	I098	I09.8 Other specified rheumatic heart diseases	40460	4	90	Chapter IX	Y	Y	-0.00115959742806	0.000327444152203	0.00560977690946	0.000885851355454	0.00177390431549	0.00379221028031	-0.000775410588572	0.00404830578379	0.00177070315069	0.000306963742534
40510	I099	I09.9 Rheumatic heart disease, unspecified	40460	4	90	Chapter IX	Y	Y	-0.00107512191328	0.000314041875677	0.00567265492791	0.000745092619614	0.0018027737796	0.00382442346077	-0.000643111004697	0.00412285438862	0.00151441241757	0.000383779169155
40520	I10	I10 Essential (primary) hypertension	1150	3	90	Chapter IX	Y	Y	8.93822122051e-05	0.00123711490762	0.00110121991782	-0.000104877333127	-0.000352024356088	0.000387402975665	0.000596525200691	0.000837740717155	-0.000702792201346	-1.64112567516e-05
40530	I11	I11 Hypertensive heart disease	1150	3	90	Chapter IX	Y	Y	0.00136954205117	0.00280230467632	0.00358193514356	0.000120004696379	0.00448710408333	0.00278118983218	0.000471166432515	0.00299094392913	0.0027086838289	0.000968090715576
40540	I110	I11.0 Hypertensive heart disease with (congestive) heart failure	40530	4	90	Chapter IX	Y	Y	0.00146166577936	0.00291868462382	0.00365764725364	0.000136361883397	0.00463430014342	0.00290101725457	0.000527577763481	0.00293700730814	0.00279190413787	0.000988069446973
40550	I119	I11.9 Hypertensive heart disease without (congestive) heart failure	40530	4	90	Chapter IX	Y	Y	0.00147453389715	0.00284368362382	0.00372235272801	6.98395289595e-05	0.00465938230824	0.00280514285046	0.000372938024204	0.00299707312298	0.00298165201505	0.0010092765663
40560	I12	I12 Hypertensive renal disease	1150	3	90	Chapter IX	Y	Y	-0.000461622850272	0.00285807575196	0.00294843522888	-0.000552179463697	0.00423568274582	0.000342491125057	0.00253666034686	0.00359227336724	0.0030346257714	0.00262292995954
40570	I120	I12.0 Hypertensive renal disease with renal failure	40560	4	90	Chapter IX	Y	Y	-0.000459281961134	0.0028544206795	0.00291837886444	-0.000609741660461	0.00433174726068	0.000368450612565	0.0025148178458	0.00363231900477	0.00309352471125	0.00263155946048
40580	I129	I12.9 Hypertensive renal disease without renal failure	40560	4	90	Chapter IX	Y	Y	-0.000443760390637	0.00285419475336	0.00294375939784	-0.000547596636213	0.00430998511187	0.000261342281949	0.0025667738123	0.00349235986875	0.0031582815192	0.00271454944211
40590	I13	I13 Hypertensive heart and renal disease	1150	3	90	Chapter IX	Y	Y	0.000495705637757	0.000745816462904	0.00363164344822	-0.000880572079893	0.00197206475437	0.00248019746716	0.000450057458389	0.00461481994004	0.00245285732752	0.0038810016846
40600	I130	I13.0 Hypertensive heart and renal disease with (congestive) heart failure	40590	4	90	Chapter IX	Y	Y	0.000482904312319	0.000745930069232	0.00373146929881	-0.000926360847414	0.00206070002997	0.00253007970338	0.000441905784634	0.00456370088994	0.00268654275861	0.00401758234993
40610	I131	I13.1 Hypertensive heart and renal disease with renal failure	40590	4	90	Chapter IX	Y	Y	0.000501906433811	0.00071054420838	0.00368806057657	-0.000958062379389	0.00200698554528	0.00249862900691	0.000435498532988	0.00449212433411	0.00263597446899	0.00399307415351
40620	I132	I13.2 Hypertensive heart and renal disease with both (congestive) heart failure and renal failure	40590	4	90	Chapter IX	Y	Y	0.00091120018285	0.000625452464447	0.00331386007742	-0.000568233813132	0.00144437210152	0.00267454024455	0.000616427357131	0.00625738496105	0.00066570418332	0.00357552564678
40630	I139	I13.9 Hypertensive heart and renal disease, unspecified	40590	4	90	Chapter IX	Y	Y	0.000512265809522	0.000720700012332	0.00371934660602	-0.000965166867723	0.00199093925281	0.00249218667807	0.000424862828199	0.00444641624119	0.00267607611106	0.00399602307423
40640	I15	I15 Secondary hypertension	1150	3	90	Chapter IX	Y	Y	-0.00379799508803	0.000702448899126	-0.00262590935224	-0.00122107256111	0.00274225716386	0.003328741445	0.0014979169957	0.00423430695677	0.000213063096533	-0.001805139716
40650	I150	I15.0 Renovascular hypertension	40640	4	90	Chapter IX	Y	Y	-0.00382725657162	0.000666146095067	-0.00269066280097	-0.00133454307856	0.00294796449567	0.00346928789817	0.00158753423531	0.00443423413359	0.000235901805332	-0.00183910294441
40660	I151	I15.1 Hypertension secondary to other renal disorders	40640	4	90	Chapter IX	Y	Y	-0.00399963996578	0.000637606368901	-0.00285682115393	-0.00129872563808	0.00284416708335	0.00346725140741	0.00160684324327	0.00434870399149	0.000189718907657	-0.00190693337114
40670	I152	I15.2 Hypertension secondary to endocrine disorders	40640	4	90	Chapter IX	Y	Y	-0.00375967718581	0.000673514533425	-0.00261964630237	-0.00130939167118	0.00287125481139	0.00339357465932	0.00152394887424	0.00434760842321	0.000189463081459	-0.00183906504448
40680	I158	I15.8 Other secondary hypertension	40640	4	90	Chapter IX	Y	Y	-0.00376078839134	0.000620132724548	-0.00268059066384	-0.00128871182708	0.00282833050586	0.00334455429029	0.00148124227268	0.00425934747543	0.000198803000931	-0.00186655986611
40690	I159	I15.9 Seconday hypertension, unspecified	40640	4	90	Chapter IX	Y	Y	-0.00393630584661	0.000807097761262	-0.00264482793127	-0.00128631724131	0.00275423280771	0.00347295291436	0.00157102084831	0.00436291337539	0.000174077469901	-0.0017818422108
40700	I20	I20 Angina pectoris	1160	3	90	Chapter IX	Y	Y	-0.000888845820596	0.00195293678658	-7.04834551092e-05	-9.05591756198e-05	0.00564283705168	-0.000229471288587	0.00409341578628	0.00337764720646	0.000631720150242	0.000765734171683
40710	I200	I20.0 Unstable angina	40700	4	90	Chapter IX	Y	Y	-0.000888148409553	0.00199905477706	3.79823777856e-05	-0.000144200588948	0.00581002278334	-0.000120481314322	0.00418488786577	0.00372787263796	0.000557659756458	0.000777268522714
40720	I201	I20.1 Angina pectoris with documented spasm	40700	4	90	Chapter IX	Y	Y	-0.000906411887152	0.00194452994689	-9.80417361684e-05	-0.000170212878038	0.00580787310357	-0.00013679854636	0.00419578136415	0.00341924896885	0.000684202278455	0.00075188223293
40730	I208	I20.8 Other forms of angina pectoris	40700	4	90	Chapter IX	Y	Y	-0.000867224551094	0.00212429648351	9.46292022535e-06	0.000104112682507	0.00584735404438	-0.00055374334258	0.00429069092051	0.00351383498169	0.000599499473599	0.00091048569038
40740	I209	I20.9 Angina pectoris, unspecified	40700	4	90	Chapter IX	Y	Y	-0.000886988385588	0.00199683006076	-1.11863092692e-06	-0.000112284808056	0.00576078156441	-0.000225203731627	0.00418193550436	0.00351359774598	0.000626400807642	0.000747137657503
40750	I21	I21 Acute myocardial infarction	1160	3	90	Chapter IX	Y	Y	0.000938767166341	-0.000939592862357	0.00138543922299	-0.00211848864561	0.00200071702867	0.00515706981609	0.0015852245629	0.00458437648404	-0.00104279637003	-0.00193796530901
40760	I210	I21.0 Acute transmural myocardial infarction of anterior wall	40750	4	90	Chapter IX	Y	Y	0.000953301137793	-0.000945470604049	0.00134713679296	-0.00205818649406	0.00199892321643	0.00507796879629	0.00159703221792	0.004524643754	-0.00107913727743	-0.0018832094844
40770	I211	I21.1 Acute transmural myocardial infarction of inferior wall	40750	4	90	Chapter IX	Y	Y	0.000976833874271	-0.000893637330755	0.00139040043306	-0.00209768426461	0.0019489247734	0.00524584009199	0.00157125685321	0.00466971239293	-0.00104059500507	-0.00198566907281
40780	I212	I21.2 Acute transmural myocardial infarction of other sites	40750	4	90	Chapter IX	Y	Y	0.000950093161817	-0.000855075495243	0.00137632969511	-0.00209787194363	0.00197938135082	0.0052292656679	0.00160772677784	0.00469915856621	-0.0011077991265	-0.00198633863324
40790	I213	I21.3 Acute transmural myocardial infarction of unspecified site	40750	4	90	Chapter IX	Y	Y	0.000934562267956	-0.000787972744467	0.00134109043674	-0.00204047197945	0.00190892557338	0.00528567200484	0.00166546458677	0.00465781980684	-0.00117986796134	-0.00206352290928
40800	I214	I21.4 Acute subendocardial myocardial infarction	40750	4	90	Chapter IX	Y	Y	0.000920035397813	-0.000942588476679	0.00142070394484	-0.0021609987122	0.00213212073348	0.00515806615199	0.00160731432461	0.00471577794017	-0.00106871545838	-0.00181982108152
40810	I219	I21.9 Acute myocardial infarction, unspecified	40750	4	90	Chapter IX	Y	Y	0.000916691495294	-0.000895505352176	0.00142160374338	-0.00220289535776	0.002059539151	0.00527688510191	0.00167236438932	0.00474028691507	-0.00108331641895	-0.00197887451099
40820	I21X	I21.X Presumed acute myicardial infaction (unconfirmed)	40750	4	90	Chapter IX	Y	Y	0.00102350906764	-0.000977857602845	0.0014300593062	-0.00209180832196	0.00197427347318	0.00529029932348	0.00152467614962	0.00463402519272	-0.000987626783672	-0.00196033286392
40830	I22	I22 Subsequent myocardial infarction	1160	3	90	Chapter IX	Y	Y	-0.0012073353285	-0.00026845057781	0.00111286137226	-2.77977340899e-05	0.00242306195004	0.00275109588485	0.00441513064015	0.00524460566268	-0.00133462119455	-0.000791506538684
40840	I220	I22.0 Subsequent myocardial infarction of anterior wall	40830	4	90	Chapter IX	Y	Y	-0.00124867089745	-0.000280162331228	0.00112368334472	2.46057886752e-05	0.00242862337967	0.00283038473541	0.00457316056599	0.00536657035852	-0.00135587984846	-0.000836040768341
40850	I221	I22.1 Subsequent myocardial infarction of inferior wall	40830	4	90	Chapter IX	Y	Y	-0.00126651155151	-0.00036969255439	0.00110968049552	3.3781615427e-05	0.00242804197881	0.00284371137745	0.00466025003585	0.00534568595927	-0.00137759712985	-0.000837618436622
40860	I228	I22.8 Subsequent myocardial infarction of other sites	40830	4	90	Chapter IX	Y	Y	-0.00124345121481	-0.000271394538578	0.00110943912374	3.64821997369e-05	0.00241596524389	0.00283518449112	0.00458706301245	0.00536808825129	-0.00136062859727	-0.00084748925429
40870	I229	I22.9 Subsequent myocardial infarction of unspecified site	40830	4	90	Chapter IX	Y	Y	-0.00134167859643	-0.000408581706644	0.00115600439667	-2.10808323255e-05	0.0024913155741	0.00278861055393	0.00459709824784	0.00531440677087	-0.00138529090575	-0.00079756025539
40880	I23	I23 Certain current complications following acute myocardial infarction	1160	3	90	Chapter IX	Y	Y	0.000576919471654	-0.000267320500427	-0.000437679147903	-0.00153167727972	0.00359704873922	0.00170082221409	-0.000623921889603	0.00394396572446	-0.00520771318259	0.000311126822093
40890	I230	I23.0 Haemopericardium as current complication following acute myocardial infarction	40880	4	90	Chapter IX	Y	Y	0.000588974194023	-0.000309475099033	-0.00037983545007	-0.00152343349436	0.00372693988718	0.00180748779319	-0.000629247598313	0.00406152101562	-0.00524232159047	0.00039485529505
40900	I231	I23.1 Atrial septal defect as current complication following acute myocardial infarction	40880	4	90	Chapter IX	Y	Y	0.000658743847924	-0.000405273228934	-0.000409788499698	-0.00157650653172	0.00382841573312	0.0019625096482	-0.000502908800893	0.00429342249359	-0.00531454419578	0.000348935088752
40910	I232	I23.2 Ventricular septal defect as current complication following acute myocardial infarction	40880	4	90	Chapter IX	Y	Y	0.00056963510875	-0.000301295370536	-0.00037130822522	-0.00160400652813	0.00390941471553	0.00178625494948	-0.000689498330037	0.00416902983535	-0.00522359312683	0.000387498396629
40920	I233	I23.3 Rupture of cardiac wall without haemopericardium as current complication following acute myocardial infarction	40880	4	90	Chapter IX	Y	Y	0.000613010571002	-0.000290022819422	-0.00045560515256	-0.0015643385166	0.0036966536293	0.00177816224204	-0.000635583747693	0.00402123558898	-0.00535757155728	0.000332747584922
40930	I234	I23.4 Rupture of chordae tendineae as current complication following acute myocardial infarction	40880	4	90	Chapter IX	Y	Y	0.000649050909766	-0.000374794598833	-0.000477731788015	-0.00154484476347	0.0037873026295	0.0018575458541	-0.000679985682055	0.00402622630612	-0.00545241519826	0.000386832767332
40940	I235	I23.5 Rupture of papillary muscle as current complication following acute myocardial infarction	40880	4	90	Chapter IX	Y	Y	0.000633687286763	-0.000404119755874	-0.000499242576609	-0.00160419718013	0.00374715505927	0.00181149220585	-0.000594873404261	0.00407891975307	-0.00542224391875	0.000360930376932
40950	I236	I23.6 Thrombosis of atrium, auricular appendage and ventricle as current complications following acute myocardial infarction	40880	4	90	Chapter IX	Y	Y	0.000651156329961	-0.000466928919338	-0.000569719129233	-0.00165807552683	0.00379963532705	0.00184719078558	-0.000601225850491	0.0041041110805	-0.00551072797151	0.000339694074431
40960	I238	I23.8 Other current complications following acute myocardial infarction	40880	4	90	Chapter IX	Y	Y	0.000676332011447	-0.000575829507162	-0.00062838197218	-0.00169582157694	0.0037376029288	0.00179804596364	-0.000569860773277	0.00403124069607	-0.00550000464812	0.000274066658857
40970	I24	I24 Other acute ischaemic heart diseases	1160	3	90	Chapter IX	Y	Y	-0.000169320085592	-0.000914691313094	0.00264880929314	-0.00298624431322	0.00258376691897	0.00410427798645	-8.2574209583e-06	0.00445730505296	-0.00178492711722	0.00209129919519
40980	I240	I24.0 Coronary thrombosis not resulting in myocardial infarction	40970	4	90	Chapter IX	Y	Y	-0.000171071955322	-0.000872620955227	0.0027849859223	-0.00306219172135	0.00253955680117	0.00411833044948	2.05622896814e-05	0.00435006931434	-0.00177120670747	0.00218474315718
40990	I241	I24.1 Dressler's syndrome	40970	4	90	Chapter IX	Y	Y	-0.000185277485124	-0.000872938043586	0.00279495942154	-0.00309308811685	0.00263338557523	0.00418938365727	3.48983483793e-05	0.00452113573035	-0.00181576704705	0.0021642375556
41000	I248	I24.8 Other forms of acute ischaemic heart disease	40970	4	90	Chapter IX	Y	Y	-0.000151566625057	-0.000940152022923	0.00278159781274	-0.0030722118731	0.00255428216117	0.00425937504015	-4.34742585725e-06	0.00442588493095	-0.00181740730372	0.00231498861887
41010	I249	I24.9 Acute ischaemic heart disease, unspecified	40970	4	90	Chapter IX	Y	Y	-0.000153477635732	-0.000913554866366	0.00273999110276	-0.00295499900711	0.00252552936838	0.00413367795899	4.66890846449e-05	0.0042990999665	-0.00179224523028	0.00220451242942
41020	I25	I25 Chronic ischaemic heart disease	1160	3	90	Chapter IX	Y	Y	0.00229161637226	-2.47503288075e-05	-0.00023053244997	-0.000132246112227	0.00352811688267	0.000651453695108	0.00156945282891	0.00543501544668	-0.0022862738978	0.00289822388336
41030	I250	I25.0 Atherosclerotic cardiovascular disease, so described	41020	4	90	Chapter IX	Y	Y	0.00235813987353	4.15742985107e-05	-0.000254141807301	-0.000161570463007	0.00351399687261	0.000510033401923	0.00172114051374	0.00555885100414	-0.00221597442133	0.00294814675507
41040	I251	I25.1 Atherosclerotic heart disease	41020	4	90	Chapter IX	Y	Y	0.0023664843506	5.63203618652e-05	-0.000223192883612	-0.00015359992891	0.00345163038051	0.000522423377692	0.00172506592773	0.00548851350351	-0.00220735608767	0.00288801536436
41050	I252	I25.2 Old myocardial infarction	41020	4	90	Chapter IX	Y	Y	0.00237922221257	2.00172099984e-06	-0.000245039304937	-0.000130551853608	0.00349457878333	0.000477922725534	0.00167173499026	0.00545398923035	-0.00225073261318	0.00291294721641
41060	I253	I25.3 Aneurysm of heart	41020	4	90	Chapter IX	Y	Y	0.00237595347803	4.33268780596e-07	-0.000282282447317	-0.000129874800704	0.00346859690491	0.000493964259584	0.00161557080331	0.00544578970701	-0.00221339742911	0.00295827680482
41070	I254	I25.4 Coronary artery aneurysm	41020	4	90	Chapter IX	Y	Y	0.00228588633033	6.14230039277e-05	-0.000182386004693	-0.000197878483961	0.00348251106086	0.000523289220117	0.00172880549451	0.00557492061364	-0.00220122306837	0.00289780474628
41080	I255	I25.5 Ischaemic cardiomyopathy	41020	4	90	Chapter IX	Y	Y	0.00236103913291	5.0896396603e-05	-0.000183929472549	-0.000135985087199	0.00352779828019	0.000546288746759	0.00161403704006	0.00548457938261	-0.00226913486324	0.00285848731744
41090	I256	I25.6 Silent myocardial ischaemia	41020	4	90	Chapter IX	Y	Y	0.00244744186026	-3.78506240662e-05	-0.000269910187418	-0.00010722123144	0.00353249339077	0.000478713085483	0.00168786244576	0.00551605814962	-0.00226882571743	0.0029715065404
41100	I258	I25.8 Other forms of chronic ischaemic heart disease	41020	4	90	Chapter IX	Y	Y	0.00236300917463	5.77939327195e-05	-0.000248589781075	-0.000150157619726	0.00355640372216	0.000535380552718	0.00173780708375	0.00563440150839	-0.00226929853718	0.00294645897419
41110	I259	I25.9 Chronic ischaemic heart disease, unspecified	41020	4	90	Chapter IX	Y	Y	0.00234918185185	4.02235745682e-05	-0.000250519371945	-0.000118660078178	0.00342353991841	0.000514159169465	0.00162264133062	0.00544431639446	-0.00219253905376	0.00291648423862
41120	I26	I26 Pulmonary embolism	1170	3	90	Chapter IX	Y	Y	-0.00246631005845	0.000434318684507	-0.00154469702723	0.00105298308438	0.00152974580952	0.00330271296973	0.00253124763401	0.00600994735658	0.00235501143506	0.000420525209523
41130	I260	I26.0 Pulmonary embolism with mention of acute cor pulmonale	41120	4	90	Chapter IX	Y	Y	-0.00252416496406	0.000463852825559	-0.0014846137034	0.00106661245334	0.00146840611827	0.00328206260549	0.00253869438287	0.0059795721406	0.00227383904493	0.000467878865355
41140	I269	I26.9 Pulmonary embolism without mention of acute cor pulmonale	41120	4	90	Chapter IX	Y	Y	-0.00262421046167	0.00044775051871	-0.00155631034253	0.00113803542989	0.00142212961323	0.00332897554503	0.00260681087874	0.00600198551468	0.00232747587917	0.000466921141673
41150	I27	I27 Other pulmonary heart diseases	1170	3	90	Chapter IX	Y	Y	-0.000256449994964	-0.000488966845769	0.0020583608038	-0.000602706870074	0.00215433239416	-0.00101060900425	0.000447512726571	0.00486813013125	-0.0026001860484	0.00472799648772
41160	I270	I27.0 Primary pulmonary hypertension	41150	4	90	Chapter IX	Y	Y	-0.000239801639019	-0.000527248246993	0.00213759969653	-0.000602485446768	0.00221497656369	-0.00108282007091	0.000426578113955	0.00502763509999	-0.002728116583	0.00500289261904
41170	I271	I27.1 Kyphoscoliotic heart disease	41150	4	90	Chapter IX	Y	Y	-0.000245289910342	-0.000520119580547	0.00207033909758	-0.000585622624282	0.00218536884628	-0.00111821936001	0.000401347365027	0.00480392951544	-0.0027042869071	0.00483537691464
41180	I272	I27.2 Other secondary pulmonary hypertension	41150	4	90	Chapter IX	Y	Y	-0.000228556863687	-0.000493028232105	0.00208043681335	-0.000553103945143	0.00218478768838	-0.00100575702408	0.000443589784646	0.00502887758427	-0.00262028548017	0.00483844255114
41190	I278	I27.8 Other specified pulmonary heart diseases	41150	4	90	Chapter IX	Y	Y	-0.000266351380003	-0.000612244932021	0.00215096754396	-0.000620702863479	0.00216113732703	-0.00094274291439	0.000476585287595	0.00500347524348	-0.00261681040702	0.00482168479222
41200	I279	I27.9 Pulmonary heart disease, unspecified	41150	4	90	Chapter IX	Y	Y	-0.000266936796471	-0.000648573108955	0.00217084840844	-0.000645511498635	0.00217777967382	-0.000950571331238	0.000493076940541	0.00498924615559	-0.00262359279594	0.00484748730057
41210	I28	I28 Other diseases of pulmonary vessels	1170	3	90	Chapter IX	Y	Y	0.000911552364182	0.00200260118375	-0.00158517948994	-0.000878381079191	0.000734428546993	0.00282886603042	0.00110788011281	0.00542748761931	0.00271109897051	-0.00333663242121
41220	I280	I28.0 Arteriovenous fistula of pulmonary vessels	41210	4	90	Chapter IX	Y	Y	0.000999646978752	0.00202746087204	-0.00175061602336	-0.000856381977767	0.000834295696272	0.00286263709881	0.00107532104052	0.00560585798487	0.00299879692709	-0.00358976955971
41230	I281	I28.1 Aneurysm of pulmonary artery	41210	4	90	Chapter IX	Y	Y	0.000924633056119	0.00199518600249	-0.00161827028349	-0.000859940005727	0.00083220070767	0.00282202270022	0.00106188617558	0.00548468305711	0.00284981114442	-0.00342615711984
41240	I288	I28.8 Other specified diseases of pulmonary vessels	41210	4	90	Chapter IX	Y	Y	0.000904048323693	0.00197634806184	-0.0016264436341	-0.000835794949494	0.000861396698358	0.00285441625176	0.00107215747355	0.00554321012059	0.00287993686599	-0.00340491665399
41250	I289	I28.9 Disease of pulmonary vessels, unspecified	41210	4	90	Chapter IX	Y	Y	0.000963042212649	0.0020558778639	-0.00172843006641	-0.000881155960068	0.00090492148155	0.00272041297632	0.000980857795652	0.00566755256047	0.00286602668803	-0.00353178048217
41260	I30	I30 Acute pericarditis	1180	3	90	Chapter IX	Y	Y	-0.00262264550604	0.0028576619318	0.00269814836685	-0.002314936991	0.00279768011613	-0.000200888155912	-0.0012477029201	0.00453412596983	-0.000628770795259	-0.00262178655984
41270	I300	I30.0 Acute nonspecific idiopathic pericarditis	41260	4	90	Chapter IX	Y	Y	-0.0026462264068	0.00295744685794	0.00272027494276	-0.00231990908333	0.00288639613913	-0.000202186462992	-0.00122067506316	0.00468426973209	-0.000635155696032	-0.00261498663601
41280	I301	I30.1 Infective pericarditis	41260	4	90	Chapter IX	Y	Y	-0.00267606727579	0.00289812832107	0.00275469851509	-0.00234733878489	0.00285117233133	-0.000198763517675	-0.00126633241598	0.00456918856922	-0.000626763049366	-0.00267743729421
41290	I308	I30.8 Other forms of acute pericarditis	41260	4	90	Chapter IX	Y	Y	-0.00269061574827	0.00296486344829	0.00277765632768	-0.00237901299788	0.00289513408268	-0.00022086557289	-0.00129200799903	0.00469779457846	-0.000649273106281	-0.00266285247264
41300	I309	I30.9 Acute pericarditis, unspecified	41260	4	90	Chapter IX	Y	Y	-0.00273466336689	0.00293882676126	0.00277039724998	-0.00238689371817	0.00284418498599	-0.000198247997904	-0.001293370577	0.00458124136211	-0.000655036335331	-0.00271491083649
41310	I31	I31 Other diseases of pericardium	1180	3	90	Chapter IX	Y	Y	-0.0010021484472	0.00366048758385	0.00342172107959	-0.00294558167929	0.00295941091135	-0.000181722482314	-0.00166928999733	0.00457833775109	2.85514759896e-06	-0.0012384389015
41320	I310	I31.0 Chronic adhesive pericarditis	41310	4	90	Chapter IX	Y	Y	-0.00101080685882	0.00362641658452	0.00333780278985	-0.00287786772342	0.00292122191461	-0.000180495841708	-0.00158534432683	0.0046166833201	-8.11665766736e-05	-0.00121353524569
41330	I311	I31.1 Chronic constrictive pericarditis	41310	4	90	Chapter IX	Y	Y	-0.00103391239029	0.00361937785501	0.00334922470352	-0.00288800303279	0.00296625578255	-0.000208194448176	-0.00156867676477	0.00471395042221	-6.72536966661e-05	-0.00128756949396
41340	I312	I31.2 Haemopericardium, not elsewhere classified	41310	4	90	Chapter IX	Y	Y	-0.00102434272387	0.00364499856764	0.00334280966251	-0.00289362922177	0.00293503687485	-0.000185855898789	-0.00158095264436	0.0047057023738	-5.41881109093e-05	-0.0012656152604
41350	I313	I31.3 Pericardial effusion (noninflammatory)	41310	4	90	Chapter IX	Y	Y	-0.000963312920456	0.00347565889437	0.00332107627878	-0.00284041133896	0.00297604427077	-0.000156472129331	-0.00160147458748	0.00448817642063	5.22775802933e-06	-0.00117080524501
41360	I318	I31.8 Other specified diseases of pericardium	41310	4	90	Chapter IX	Y	Y	-0.000977614785398	0.00345028167123	0.00327522162811	-0.00282012308235	0.00297231691513	-0.000166056286236	-0.00157547429462	0.0044510688988	1.53917799436e-05	-0.00111920644573
41370	I319	I31.9 Disease of pericardium, unspecified	41310	4	90	Chapter IX	Y	Y	-0.000978046197583	0.00355480745837	0.00335502923036	-0.00287932104373	0.00301615968125	-0.000179950524134	-0.00160965462159	0.00454706346641	2.87073761925e-05	-0.00113901793866
41380	I32	I32 Pericarditis in diseases classified elsewhere	1180	3	90	Chapter IX	Y	Y	-0.00273303407946	0.00327782887822	0.00172094369682	-0.00120256443976	0.00413918555365	-0.000526878366377	-0.000507635574045	0.00423787030101	-0.00118460345535	-0.00221894200882
41390	I320	I32.0 Pericarditis in bacterial diseases classified elsewhere	41380	4	90	Chapter IX	Y	Y	-0.00264245605334	0.00335291674582	0.00176051607684	-0.0013732290728	0.00411561329209	-0.000462289650336	-0.000612074117848	0.0046011100145	-0.00110682543926	-0.0021287660111
41400	I321	I32.1 Pericarditis in other infectious and parasitic diseases classified elsewhere	41380	4	90	Chapter IX	Y	Y	-0.00271450811118	0.00334750554686	0.00173398323638	-0.00130055936805	0.00418620190991	-0.000514566008025	-0.000560563101855	0.0044183131734	-0.00116788230651	-0.00222390227316
41410	I328	I32.8 Pericarditis in other diseases classified elsewhere	41380	4	90	Chapter IX	Y	Y	-0.00277552478706	0.00330087271565	0.0017398589051	-0.00122145347536	0.00424540778798	-0.000538505062028	-0.000505769287742	0.00426303272584	-0.0012567725167	-0.00228783878179
41420	I33	I33 Acute and subacute endocarditis	1180	3	90	Chapter IX	Y	Y	-0.00147801202051	0.00402556165291	0.00140090387111	-0.00236886484589	0.00328694088294	-0.000977051096601	-0.00122716131996	0.00520551825969	-0.000264164436903	-0.000735136392433
41430	I330	I33.0 Acute and subacute infective endocarditis	41420	4	90	Chapter IX	Y	Y	-0.00157097997479	0.00399744243598	0.00145691198107	-0.0024007921244	0.00328597845252	-0.000949797247759	-0.00123254955077	0.00527583367998	-0.000344782457659	-0.000729695547826
41440	I339	I33.9 Acute endocarditis, unspecified	41420	4	90	Chapter IX	Y	Y	-0.0015714405945	0.00406933086658	0.00140157284412	-0.00247846095118	0.00324278501849	-0.00101180776201	-0.00124393360256	0.005252700151	-0.000349949157348	-0.00070248933691
41450	I34	I34 Nonrheumatic mitral valve disorders	1180	3	90	Chapter IX	Y	Y	-0.00210423135079	0.00289475097599	0.000414832444536	-0.00316690797066	0.00175796008262	-0.000307831699218	-0.000985565598621	0.00595790090967	-0.000668073966941	-0.00145966032472
41460	I340	I34.0 Mitral (valve) insufficiency	41450	4	90	Chapter IX	Y	Y	-0.0021762885423	0.00309600216068	0.000437863856685	-0.00323539680323	0.00191418747352	-0.000349147805208	-0.000942218296019	0.00595188481848	-0.000844046293144	-0.00154677692888
41470	I341	I34.1 Mitral (valve) prolapse	41450	4	90	Chapter IX	Y	Y	-0.00215872470707	0.003045239134	0.000308439142032	-0.00332064200891	0.00194169610477	-0.000382520101153	-0.000885477661254	0.00597148646279	-0.000745579317938	-0.00150221943305
41480	I342	I34.2 Nonrheumatic mitral (valve) stenosis	41450	4	90	Chapter IX	Y	Y	-0.0021582010582	0.00307807349058	0.000337603546199	-0.00328829801615	0.00199029047252	-0.00039397595463	-0.000853212364508	0.00592038744972	-0.000784986747318	-0.00147751196216
41490	I348	I34.8 Other nonrheumatic mitral valve disorders	41450	4	90	Chapter IX	Y	Y	-0.00215027881102	0.00303671991562	0.00038411195815	-0.00327861723052	0.00202883913922	-0.000348804005758	-0.000900981697175	0.00596974973828	-0.000722044556891	-0.00149033447475
41500	I349	I34.9 Nonrheumatic mitral valve disorder, unspecified	41450	4	90	Chapter IX	Y	Y	-0.00218052230752	0.00301542351457	0.00025252112739	-0.00330951961683	0.00185866611766	-0.000430212059684	-0.000996608219271	0.00595770699062	-0.00082920030527	-0.00158758675494
41510	I35	I35 Nonrheumatic aortic valve disorders	1180	3	90	Chapter IX	Y	Y	-0.00080017154704	0.00282753098555	0.00201629735014	-0.000846443904559	0.00306502737279	0.000695934256083	-0.00276810231906	0.00536440270207	-0.000398441554057	-0.00160696123057
41520	I350	I35.0 Aortic (valve) stenosis	41510	4	90	Chapter IX	Y	Y	-0.00083663080211	0.00286465287905	0.00209469214513	-0.000864046585072	0.00321631765726	0.000746382504316	-0.00296355455321	0.00560733281693	-0.000317140554269	-0.0016701296752
41530	I351	I35.1 Aortic (valve) insufficiency	41510	4	90	Chapter IX	Y	Y	-0.000900175374559	0.00289321396094	0.00208749651063	-0.000744505917856	0.00316055575208	0.000582630828082	-0.00304212632815	0.00536010605477	-0.000420005169432	-0.00164331638485
41540	I352	I35.2 Aortic (valve) stenosis with insufficiency	41510	4	90	Chapter IX	Y	Y	-0.000724811772649	0.00291188042586	0.00208750230652	-0.000806840829027	0.00318406705237	0.000787864128698	-0.00306254823671	0.0054643745311	-0.000353363964759	-0.00174729954156
41550	I358	I35.8 Other aortic valve disorders	41510	4	90	Chapter IX	Y	Y	-0.000901592615224	0.00297644291157	0.00209462015099	-0.000874438148357	0.00327376865632	0.000624599433088	-0.00300186828492	0.00552420450264	-0.000389130779662	-0.00168632810325
41560	I359	I35.9 Aortic valve disorder, unspecified	41510	4	90	Chapter IX	Y	Y	-0.000857393937279	0.00289688188146	0.0020525715614	-0.000851435798845	0.0032077068528	0.000678401192684	-0.00296317311786	0.00550186393402	-0.000361928942445	-0.00166697131204
41570	I36	I36 Nonrheumatic tricuspid valve disorders	1180	3	90	Chapter IX	Y	Y	-0.00242534246795	0.0024862492045	0.00229046848905	-0.00198521515335	0.00374216045683	0.000184961330973	-0.000989016125732	0.00448253474757	-0.00193022820218	-0.00233547732977
41580	I360	I36.0 Nonrheumatic tricuspid (valve) stenosis	41570	4	90	Chapter IX	Y	Y	-0.00233463257691	0.00266616683725	0.00218007915497	-0.0019301145045	0.0036194039822	0.000118568845282	-0.000986668466151	0.00464765897316	-0.00167959417783	-0.00214209932369
41590	I361	I36.1 Nonrheumatic tricuspid (valve) insufficiency	41570	4	90	Chapter IX	Y	Y	-0.0024841999097	0.00256386671007	0.00236123974621	-0.00215561845089	0.00385396448257	0.000121953475234	-0.00109832941889	0.00461947986149	-0.00192419921313	-0.00233759488527
41600	I362	I36.2 Nonrheumatic tricuspid (valve) stenosis with insufficiency	41570	4	90	Chapter IX	Y	Y	-0.0023441237204	0.00261090608014	0.00223847780066	-0.00193058450754	0.0037123508629	0.000157846523751	-0.000985562179804	0.00464084757615	-0.00180525853386	-0.00226916909508
41610	I368	I36.8 Other nonrheumatic tricuspid valve disorders	41570	4	90	Chapter IX	Y	Y	-0.00243394764386	0.0026168501871	0.00221826795149	-0.00203574052873	0.00377429058219	0.000103585902566	-0.00101441980495	0.00444866953635	-0.00189458216268	-0.00234134819382
41620	I369	I36.9 Nonrheumatic tricuspid valve disorder, unspecified	41570	4	90	Chapter IX	Y	Y	-0.0024612359351	0.00264221920906	0.00217868942863	-0.00200425741367	0.00370232464907	0.000190445640122	-0.000928374177032	0.00449278306169	-0.00190525904053	-0.00230141105652
41630	I37	I37 Pulmonary valve disorders	1180	3	90	Chapter IX	Y	Y	-0.00195066335787	0.00283606753888	0.0032302933527	-0.00212083347029	0.00303478150819	-0.000363979979646	-4.99865190803e-06	0.00524940271195	-2.46210744875e-05	-0.00115016642395
41640	I370	I37.0 Pulmonary valve stenosis	41630	4	90	Chapter IX	Y	Y	-0.00194469398452	0.00277499143396	0.00328844333612	-0.00211887838463	0.00310828986547	-0.000427593329133	2.76550287149e-05	0.0052945546079	8.05570746315e-06	-0.00110579763699
41650	I371	I37.1 Pulmonary valve insufficiency	41630	4	90	Chapter IX	Y	Y	-0.00196095728926	0.00285290063917	0.00329139374419	-0.00210923319221	0.00322734721217	-0.0003844663675	-3.30058383126e-05	0.00544370935571	-2.10752682318e-05	-0.00115020246946
41660	I372	I37.2 Pulmonary valve stenosis with insufficiency	41630	4	90	Chapter IX	Y	Y	-0.00195045729292	0.00280562943742	0.00333523450532	-0.00211911875539	0.00317132221633	-0.000416989959552	1.26914484163e-05	0.00538180891593	-3.2217653278e-05	-0.0011287649578
41670	I378	I37.8 Other pulmonary valve disorders	41630	4	90	Chapter IX	Y	Y	-0.00193182595282	0.00284642135912	0.00323931700807	-0.00206198240222	0.00318029192784	-0.000355189133984	-3.20432478319e-05	0.00536634713148	-4.98725570101e-05	-0.0011381091902
41680	I379	I37.9 Pulmonary valve disorder, unspecified	41630	4	90	Chapter IX	Y	Y	-0.00205438844737	0.00288571396789	0.0034298014131	-0.0023059818765	0.00298424709045	-0.000471403253042	5.27055564622e-05	0.00525073583603	2.16423338966e-05	-0.00117910976868
41690	I38	I38 Endocarditis, valve unspecified	1180	3	90	Chapter IX	Y	Y	-0.00172782326825	0.00308292589662	0.00174135367221	-0.00148327721693	0.00299202240358	-2.1346546987e-05	-0.000581570422457	0.00524028818757	-0.000638190847407	-0.001175032906
41700	I39	I39 Endocarditis and heart valve disorders in diseases classified elsewhere	1180	3	90	Chapter IX	Y	Y	-0.00216154065892	0.0030454729418	0.0010350053133	-0.00258447948301	0.00307580882573	-0.000860100335714	-0.000860403862114	0.00534375304984	-0.00100508597049	-0.0022262363452
41710	I390	I39.0 Mitral valve disorders in diseases classified elsewhere	41700	4	90	Chapter IX	Y	Y	-0.00218963395044	0.00305343968928	0.000788136880315	-0.00259945580361	0.00302924383216	-0.000873601996186	-0.000742589186917	0.0052263631425	-0.000984795059778	-0.0023286299546
41720	I391	I39.1 Aortic valve disorders in diseases classified elsewhere	41700	4	90	Chapter IX	Y	Y	-0.00216757457954	0.00299468011704	0.000763209046303	-0.00264939988597	0.00298487512293	-0.000840112503056	-0.000683001234674	0.00522014515725	-0.00106566773227	-0.00226663098724
41730	I392	I39.2 Tricuspid valve disorders in diseases classified elsewhere	41700	4	90	Chapter IX	Y	Y	-0.00213724630724	0.00299173227987	0.000800186416747	-0.0025599493301	0.00296998627914	-0.000865364361929	-0.000707276866772	0.00515435418642	-0.00101516806317	-0.00227916869524
41740	I393	I39.3 Pulmonary valve disorders in diseases classified elsewhere	41700	4	90	Chapter IX	Y	Y	-0.0021446695368	0.00309410743296	0.000834194850836	-0.00279740318762	0.00307122798446	-0.000918897161274	-0.000813636338858	0.00531892113096	-0.00102565057099	-0.0023553230571
41750	I394	I39.4 Multiple valve disorders in diseases classified elsewhere	41700	4	90	Chapter IX	Y	Y	-0.00213207914199	0.00314864252352	0.000827924958586	-0.00287862710758	0.00310760997682	-0.000961923488851	-0.000829785189662	0.00536785415179	-0.00100953699582	-0.00241148336163
41760	I398	I39.8 Endocarditis, valve unspecified, in diseases classified elsewhere	41700	4	90	Chapter IX	Y	Y	-0.00215349540081	0.00299894770662	0.000805626268027	-0.00262399621924	0.00302019218201	-0.000881775950457	-0.000718141381069	0.00521429285423	-0.000997709141107	-0.00231318261169
41770	I40	I40 Acute myocarditis	1180	3	90	Chapter IX	Y	Y	-0.00236241103025	0.00417717973342	0.00126281558318	-0.00168983265148	0.00408234205786	-0.000273412929726	-0.000993221836511	0.00412064556741	-0.000237664245986	-0.000805135195581
41780	I400	I40.0 Infective myocarditis	41770	4	90	Chapter IX	Y	Y	-0.00240608779007	0.00423798403937	0.00139573662895	-0.00181886436591	0.00423089145293	-0.000284714285842	-0.00105262314761	0.00442196804957	-0.000356607672733	-0.00095614842708
41790	I401	I40.1 Isolated myocarditis	41770	4	90	Chapter IX	Y	Y	-0.00241527678435	0.00430214853475	0.00134051639088	-0.00179391215937	0.00424243166709	-0.000287263060951	-0.00104730154241	0.00422658902378	-0.000303520840823	-0.000923616258488
41800	I408	I40.8 Other acute myocarditis	41770	4	90	Chapter IX	Y	Y	-0.00245383997872	0.00429412072051	0.0013111067486	-0.00178945297029	0.00431733307578	-0.000299472833258	-0.00109240137644	0.00426892599003	-0.000254170199749	-0.000882573165576
41810	I409	I40.9 Acute myocarditis, unspecified	41770	4	90	Chapter IX	Y	Y	-0.00242566077898	0.00423845673068	0.00143323282603	-0.00183465291848	0.00424832708496	-0.00027586759775	-0.00104373582204	0.00445736773844	-0.000362727441354	-0.000989732140883
41820	I41	I41 Myocarditis in diseases classified elsewhere	1180	3	90	Chapter IX	Y	Y	-0.00245136027119	0.00393807896425	0.00171138719648	-0.0010398308949	0.00378681499936	-0.000787783558415	-0.00118247301495	0.00472931172593	-0.000865601853571	-0.00114262511256
41830	I410	I41.0 Myocarditis in bacterial diseases classified elsewhere	41820	4	90	Chapter IX	Y	Y	-0.00254628338699	0.00403216898389	0.00159878860496	-0.000939568510425	0.00386057165932	-0.00089725011276	-0.001286439582	0.00448765620633	-0.000878092593619	-0.00118273109054
41840	I411	I41.1 Myocarditis in viral diseases classified elsewhere	41820	4	90	Chapter IX	Y	Y	-0.00258983337936	0.00410184264683	0.00164380632302	-0.000959506016151	0.0039134441261	-0.000947805620976	-0.00133548133504	0.00457012693853	-0.000869633748759	-0.00118724487483
41850	I412	I41.2 Myocarditis in other infectious and parasitic diseases classified elsewhere	41820	4	90	Chapter IX	Y	Y	-0.0025760683159	0.00407589095072	0.00159535788463	-0.00102997177302	0.00396516471409	-0.0009091893453	-0.00132065530565	0.00451730254539	-0.000874057737354	-0.00123753198646
41860	I418	I41.8 Myocarditis in other diseases classified elsewhere	41820	4	90	Chapter IX	Y	Y	-0.00263462664247	0.00410677276286	0.00164879226838	-0.000932606910923	0.00388299101421	-0.000957763453083	-0.00133066642096	0.00450374289774	-0.000874058528938	-0.00129416679702
41870	I42	I42 Cardiomyopathy	1180	3	90	Chapter IX	Y	Y	-0.00388448775135	-0.000256300792514	0.000772345241888	-0.0001302881295	0.00366160642966	0.00113424132123	-7.79266226963e-06	0.0051804727731	-0.00209525163953	0.000606078567039
41880	I420	I42.0 Dilated cardiomyopathy	41870	4	90	Chapter IX	Y	Y	-0.00409191384271	-0.000210097374372	0.000808117945829	-0.000184148287643	0.0037685778276	0.00112074285559	9.65346830175e-05	0.00545771766184	-0.00213374819967	0.000550372112895
41890	I421	I42.1 Obstructive hypertrophic cardiomyopathy	41870	4	90	Chapter IX	Y	Y	-0.00403103779114	-0.000143405129855	0.000804717390475	-0.000204891024728	0.00368573737208	0.00109118614381	2.67807779188e-05	0.00538546232997	-0.00216286208659	0.000571053719421
41900	I422	I42.2 Other hypertrophic cardiomyopathy	41870	4	90	Chapter IX	Y	Y	-0.00395882394722	-9.13870712176e-05	0.000886968293387	-0.000287404353113	0.00362411956642	0.000970091433982	3.49970538374e-06	0.00522218519062	-0.00213565112723	0.000441576679749
41910	I423	I42.3 Endomyocardial (eosinophilic) disease	41870	4	90	Chapter IX	Y	Y	-0.0040084633566	-0.000183972980705	0.00082950563885	-0.000234247977143	0.00348300477405	0.000979005096044	0.000148725452753	0.0053036145723	-0.0020899125952	0.000473531120563
41920	I424	I42.4 Endocardial fibroelastosis	41870	4	90	Chapter IX	Y	Y	-0.00406012406878	-0.000269679427087	0.000821117921723	-0.0001883792489	0.00368126609611	0.00108941760672	4.60152167574e-05	0.0053164424761	-0.00220141184821	0.000639685285781
41930	I425	I42.5 Other restrictive cardiomyopathy	41870	4	90	Chapter IX	Y	Y	-0.00402172822451	-0.000281165052234	0.000796600891231	-0.000179339887533	0.00358106751945	0.00106144884377	8.66229127381e-05	0.00527863851802	-0.00219150562794	0.000585100490206
41940	I426	I42.6 Alcoholic cardiomyopathy	41870	4	90	Chapter IX	Y	Y	-0.00402894559541	-0.000228806774259	0.000793610026711	-0.000224318195412	0.00380597551747	0.00108974161459	8.89892343258e-06	0.00536645187238	-0.00221546710445	0.000514521029312
41950	I427	I42.7 Cardiomyopathy due to drugs and other external agents	41870	4	90	Chapter IX	Y	Y	-0.00407155971846	-0.000267173731582	0.000811510138611	-0.000197626240283	0.0037244734139	0.00111925809952	2.95985979851e-05	0.00535012330999	-0.00219151937922	0.000643914083972
41960	I428	I42.8 Other cardiomyopathies	41870	4	90	Chapter IX	Y	Y	-0.00406835736364	-0.00013561673434	0.000869166869994	-0.000231718974648	0.00378400355534	0.00112219425914	9.66607927577e-05	0.00555380756428	-0.00205753388772	0.000497603819439
41970	I429	I42.9 Cardiomyopathy, unspecified	41870	4	90	Chapter IX	Y	Y	-0.00397931325438	-0.000123244545457	0.000870301897927	-0.000281129293716	0.00362935830489	0.000997062996205	2.70113999604e-05	0.00525031497069	-0.00215395306701	0.000470760723343
41980	I43	I43 Cardiomyopathy in diseases classified elsewhere	1180	3	90	Chapter IX	Y	Y	-0.00236709599191	0.00418335123455	0.000581673082385	-0.000492214665704	0.00381634504524	-0.00107200921445	-0.000364643485779	0.00490105468644	-0.000465069975702	-0.000781163110338
41990	I430	I43.0 Cardiomyopathy in infectious and parasitic diseases classified elsewhere	41980	4	90	Chapter IX	Y	Y	-0.00241956204035	0.00424818865091	0.000697974566985	-0.000580237601462	0.00388056256385	-0.000955100057332	-0.000392026459352	0.00513594320023	-0.000476246046238	-0.000875918528566
42000	I431	I43.1 Cardiomyopathy in metabolic diseases	41980	4	90	Chapter IX	Y	Y	-0.00243450742365	0.00427738282329	0.000608647025852	-0.000542054533094	0.00391765197482	-0.00107797963861	-0.000399121267035	0.00504559053274	-0.000471228647471	-0.000875645085498
42010	I432	I43.2 Cardiomyopathy in nutritional diseases	41980	4	90	Chapter IX	Y	Y	-0.00250586240673	0.00430308295691	0.000653624176897	-0.000551999410181	0.00399430274823	-0.00107915839551	-0.000395279250716	0.00515098715192	-0.000479600887327	-0.000844120127667
42020	I438	I43.8 Cardiomyopathy in other diseases classified elsewhere	41980	4	90	Chapter IX	Y	Y	-0.00234776747389	0.0042483910448	0.000730577983092	-0.000616259513044	0.00392688974118	-0.00100385302753	-0.000434499614475	0.0052022220007	-0.000469825288981	-0.000890283553577
42030	I44	I44 Atrioventricular and left bundle-branch block	1180	3	90	Chapter IX	Y	Y	-0.00345033725512	0.00182275331606	0.00155101265851	-0.00125134774598	0.00285832586515	-0.000884250823406	4.0700516617e-06	0.00546656989917	-0.00245860662366	0.000672464522668
42040	I440	I44.0 Atrioventricular block, first degree	42030	4	90	Chapter IX	Y	Y	-0.0035136692365	0.00199144248578	0.00161748923697	-0.00123329199141	0.00281993354263	-0.000948092489332	-8.0570987496e-06	0.00559036591536	-0.00247640325611	0.000616810483938
42050	I441	I44.1 Atrioventricular block, second degree	42030	4	90	Chapter IX	Y	Y	-0.00359194955902	0.00191812079413	0.00154264463136	-0.00130414319715	0.00281428816293	-0.00103664520673	9.0415504911e-06	0.00566564942942	-0.00255666962881	0.000693028062826
42060	I442	I44.2 Atrioventricular block, complete	42030	4	90	Chapter IX	Y	Y	-0.00344931939525	0.00187928058327	0.00151664772091	-0.00116658128426	0.00270508668207	-0.000926577824001	-5.7724195662e-05	0.00547789510843	-0.00245071567474	0.000620897823778
42070	I443	I44.3 Other and unspecified atrioventricular block	42030	4	90	Chapter IX	Y	Y	-0.00336850067695	0.00189691645965	0.00155487692587	-0.00133381882864	0.00288450436537	-0.000918631066402	-5.40908998593e-05	0.00573407303953	-0.00243408765795	0.000590422304129
42080	I444	I44.4 Left anterior fascicular block	42030	4	90	Chapter IX	Y	Y	-0.00352144434214	0.00199619188369	0.00160642525478	-0.00122356488137	0.00285361263844	-0.000870281007445	-1.20321742134e-05	0.00558167936388	-0.00251995423944	0.00061184026418
42090	I445	I44.5 Left posterior fascicular block	42030	4	90	Chapter IX	Y	Y	-0.00344776158505	0.00194518699641	0.00153658928571	-0.00124059909185	0.00279832610958	-0.000910385998471	-3.61776453115e-05	0.00558135653584	-0.00253276347517	0.000577794830189
42100	I446	I44.6 Other and unspecified fascicular block	42030	4	90	Chapter IX	Y	Y	-0.00347595181455	0.00189024681434	0.00155412924169	-0.00132055764923	0.00281783239468	-0.000986816015586	-4.33717033745e-05	0.00568784889843	-0.00248157528274	0.000645088625706
42110	I447	I44.7 Left bundle-branch block, unspecified	42030	4	90	Chapter IX	Y	Y	-0.00359551076285	0.00189267749494	0.00156072719457	-0.00130030026357	0.00279672091009	-0.00101593746012	1.61160429514e-05	0.00564823149637	-0.00255931105683	0.000713274676811
42120	I45	I45 Other conduction disorders	1180	3	90	Chapter IX	Y	Y	-0.00143012155382	0.00334479965722	0.00442563049091	-0.00109345007002	0.00200635253909	-4.20606723328e-05	-0.00143317745896	0.00456402575092	0.000633582257903	-0.00166651196218
42130	I450	I45.0 Right fascicular block	42120	4	90	Chapter IX	Y	Y	-0.00149726473107	0.00329911755367	0.0043696765446	-0.000955410943669	0.00190646833345	0.000133133226602	-0.00169155551903	0.0047619893732	0.000706432769084	-0.00176543546176
42140	I451	I45.1 Other and unspecified right bundle-branch block	42120	4	90	Chapter IX	Y	Y	-0.00146164739694	0.00335000231517	0.00452270012468	-0.00101059552693	0.00197327409539	4.96166714113e-05	-0.00163587178594	0.00482548794792	0.000737082216163	-0.00179038697611
42150	I452	I45.2 Bifascicular block	42120	4	90	Chapter IX	Y	Y	-0.00153730516286	0.00331987111867	0.00436570575127	-0.000969534152209	0.00192668538557	0.000131404570803	-0.00170585750107	0.0047786609239	0.000697334578973	-0.00177433211163
42160	I453	I45.3 Trifascicular block	42120	4	90	Chapter IX	Y	Y	-0.00153187820898	0.00334247518473	0.00440082097663	-0.000975206247012	0.00192562840953	0.000149770832952	-0.00169449650408	0.00484897894914	0.000693052736506	-0.00178255387588
42170	I454	I45.4 Nonspecific intraventricular block	42120	4	90	Chapter IX	Y	Y	-0.0015184034569	0.00332389822133	0.00440886434234	-0.000997760527604	0.00204701118839	0.000116990896654	-0.00168484466162	0.00502068453022	0.000642445892713	-0.00184253901934
42180	I455	I45.5 Other specified heart block	42120	4	90	Chapter IX	Y	Y	-0.00147975575316	0.00347915243885	0.00444348209665	-0.00104231783761	0.00197287429419	1.51361055156e-06	-0.00174167276371	0.00475059894334	0.000708148826518	-0.00179552786163
42190	I456	I45.6 Preexcitation syndrome	42120	4	90	Chapter IX	Y	Y	-0.00147581941259	0.00336035555388	0.00452462814897	-0.000981803191211	0.00191907603675	7.27068826775e-05	-0.00169347840402	0.00478585146639	0.000789390434185	-0.00178710278429
42200	I458	I45.8 Other specified conduction disorders	42120	4	90	Chapter IX	Y	Y	-0.00153667372217	0.00338081773956	0.00442009708298	-0.000992576750805	0.00206453980061	0.000117275359386	-0.00166200179797	0.00507117740305	0.000632217296157	-0.00186706769258
42210	I459	I45.9 Conduction disorder, unspecified	42120	4	90	Chapter IX	Y	Y	-0.00148213609311	0.00340277683407	0.00450665488297	-0.00106248213389	0.00204250393344	1.77068526187e-05	-0.00157597795227	0.00487471276295	0.00067596826454	-0.00179641338906
42220	I46	I46 Cardiac arrest	1180	3	90	Chapter IX	Y	Y	-0.00222892824553	0.00296143281587	0.00171995669107	-0.00247932516596	0.00293219574652	-0.00110496745395	-0.00126778377961	0.00521623716496	-0.00110428312757	-0.00183088003739
42230	I460	I46.0 Cardiac arrest with successful resuscitation	42220	4	90	Chapter IX	Y	Y	-0.00226400758877	0.00309152305857	0.00182570812864	-0.00253742764652	0.00291701400275	-0.00110434135294	-0.00132583403863	0.00511254175646	-0.0011602851516	-0.00189501478458
42240	I461	I46.1 Sudden cardiac death, so described	42220	4	90	Chapter IX	Y	Y	-0.00231105299924	0.00292396083331	0.00169361969177	-0.00255584749776	0.00290571520398	-0.00129690037533	-0.00134359424118	0.00520294820175	-0.00101105012668	-0.00196755464218
42250	I469	I46.9 Cardiac arrest, unspecified	42220	4	90	Chapter IX	Y	Y	-0.00223354528266	0.00298877949553	0.00165976714438	-0.00259315250914	0.00283701955819	-0.00118534749412	-0.00130036280647	0.00515858955616	-0.00128730376368	-0.0019036120793
42260	I47	I47 Paroxysmal tachycardia	1180	3	90	Chapter IX	Y	Y	-0.00273529625719	0.00262269912796	0.00229034963297	-0.00271939252442	0.00279886904094	-0.000832491410023	-0.00150285075799	0.00499725956054	-0.000873862672475	-0.00156264393408
42270	I470	I47.0 Reentry ventricular arrhythmia	42260	4	90	Chapter IX	Y	Y	-0.00284592521983	0.00275714778521	0.00239658894848	-0.00284296792061	0.00276063493692	-0.000974763741522	-0.00155001917212	0.00478345499164	-0.00103820979805	-0.0016343662008
42280	I471	I47.1 Supraventricular tachycardia	42260	4	90	Chapter IX	Y	Y	-0.00289056393577	0.00265402415226	0.00247790905866	-0.00272772539926	0.00273620046776	-0.000776208081653	-0.00154127135295	0.00504640618723	-0.000912865868135	-0.00154321637756
42290	I472	I47.2 Ventricular tachycardia	42260	4	90	Chapter IX	Y	Y	-0.00282165145321	0.00287147591187	0.00244997371262	-0.00270678557454	0.00284267235057	-0.000798322721794	-0.0014679944644	0.0049692161283	-0.00104485736191	-0.00160175380286
42300	I479	I47.9 Paroxysmal tachycardia, unspecified	42260	4	90	Chapter IX	Y	Y	-0.00285485281868	0.00273367893639	0.00243183228241	-0.00281480686202	0.00278547632302	-0.000879716167947	-0.00157772988979	0.00496383744887	-0.00098458735345	-0.00161308001507
42310	I48	I48 Atrial fibrillation and flutter	1180	3	90	Chapter IX	Y	Y	-0.000458331263696	0.0041580815843	-7.471589865e-05	-0.00223806960417	0.00228216049953	-0.000805814515167	-8.15069798591e-05	0.00620362098039	-0.000960531187778	0.000162591500115
42320	I480	I48.0 Paroxysmal atrial fibrillation	42310	4	90	Chapter IX	Y	Y	-0.00039991159728	0.00409387425578	-4.99734772924e-05	-0.00216744094018	0.00233147755743	-0.000819429910164	-0.000161492642792	0.00625276667533	-0.00104121423724	0.000156816053487
42330	I481	I48.1 Persistent atrial fibrillation	42310	4	90	Chapter IX	Y	Y	-0.000510005959665	0.00423276377916	-0.000178010886751	-0.00225645028372	0.00218942883673	-0.000751857021386	-4.71915477376e-05	0.00618044149219	-0.000918352988751	0.000189085981492
42340	I482	I48.2 Chronic atrial fibrillation	42310	4	90	Chapter IX	Y	Y	-0.000495614853971	0.00419783476415	-0.000184958726246	-0.00224213558398	0.00217477644378	-0.000787288453938	-3.73514673996e-05	0.00615201713318	-0.000918813819499	0.000223471338894
42350	I483	I48.3 Typical atrial flutter	42310	4	90	Chapter IX	Y	Y	-0.000441062253781	0.00415189173517	-6.31255807106e-05	-0.00213285169399	0.002264894577	-0.000836266063246	-0.000163775812806	0.00624789624231	-0.00103900591479	0.000199342856088
42360	I484	I48.4 Atypical atrial flutter	42310	4	90	Chapter IX	Y	Y	-0.000404232201789	0.00411311650691	-9.13552417419e-05	-0.00217386929057	0.00229148309057	-0.000806902801293	-0.000125106234101	0.00621760499622	-0.00101435896665	0.000186552590297
42370	I489	I48.9 Atrial fibrillation and atrial flutter,  unspecified	42310	4	90	Chapter IX	Y	Y	-0.000340572548254	0.0041124860693	-0.000151646977348	-0.0022548503125	0.00225596699153	-0.000839827243714	-5.15309781415e-05	0.00618915220045	-0.000995438614098	0.000278948097768
42380	I49	I49 Other cardiac arrhythmias	1180	3	90	Chapter IX	Y	Y	-0.00225177068396	0.00183140621407	0.00129691046092	0.000556360346958	0.00339278373728	-0.000379098986806	8.52254970428e-05	0.00511426156818	-0.00133927292693	-0.00311406765133
42390	I490	I49.0 Ventricular fibrillation and flutter	42380	4	90	Chapter IX	Y	Y	-0.00239143962746	0.00186336674166	0.00133309725635	0.000674954715163	0.00361773685222	-0.000344544047899	0.000140763782043	0.00540371737091	-0.00144388133425	-0.00339600202191
42400	I491	I49.1 Atrial premature depolarisation	42380	4	90	Chapter IX	Y	Y	-0.00227114927321	0.00187346772501	0.00129076102463	0.00062317646473	0.00359218735223	-0.000398522942141	0.000104046019148	0.00540799991593	-0.00146169088802	-0.00326713638109
42410	I492	I49.2 Junctional premature depolarisation	42380	4	90	Chapter IX	Y	Y	-0.00232214319309	0.0018519174257	0.00131606364209	0.000681056034707	0.0036079831068	-0.00041061485016	0.000187120807354	0.00534935431082	-0.00138151337068	-0.00327402534665
42420	I493	I49.3 Ventricular premature depolarisation	42380	4	90	Chapter IX	Y	Y	-0.00238066632041	0.00191159690655	0.0013611684138	0.000638590941434	0.00362521466499	-0.000385286402203	0.000133756354827	0.00537268458834	-0.00138872583091	-0.00327881765462
42430	I494	I49.4 Other and unspecified premature depolarisation	42380	4	90	Chapter IX	Y	Y	-0.00224229529514	0.00177495618953	0.00134551181272	0.000649638650313	0.00355348346595	-0.000381092364472	0.000103621261155	0.00534820488603	-0.00144019504336	-0.00330490312057
42440	I495	I49.5 Sick sinus syndrome	42380	4	90	Chapter IX	Y	Y	-0.00234743798299	0.00186523851026	0.00130837972228	0.000637823132477	0.00347005879309	-0.000389474903547	0.000129455150733	0.00517737211218	-0.00137716189979	-0.0032403363292
42450	I498	I49.8 Other specified cardiac arrhythmias	42380	4	90	Chapter IX	Y	Y	-0.00231813291185	0.0018921190328	0.0013010314412	0.000658536349072	0.00368192326238	-0.000422926703342	0.000129697618359	0.00541281183375	-0.00149554233055	-0.0033166528324
42460	I499	I49.9 Cardiac arrhythmia, unspecified	42380	4	90	Chapter IX	Y	Y	-0.00223814676477	0.00185428559071	0.00140233850947	0.000558248488483	0.00364835775895	-0.000384404955239	0.000107593048329	0.00542063403505	-0.00140786014355	-0.00330221164852
42470	I50	I50 Heart failure	1180	3	90	Chapter IX	Y	Y	-0.000916039618829	0.00303581605884	0.00152335596467	-0.0027476354158	0.00212826490466	-0.000217839251878	-0.00217949429983	0.00580024613024	-0.000376001932931	-0.00161179576395
42480	I500	I50.0 Congestive heart failure	42470	4	90	Chapter IX	Y	Y	-0.000960306999135	0.00307532120275	0.00156781303114	-0.00273512355324	0.00220655337309	-0.000182281379595	-0.0021469464188	0.00585262733204	-0.00037219504915	-0.00161672861481
42490	I501	I50.1 Left ventricular failure	42470	4	90	Chapter IX	Y	Y	-0.000971463647475	0.00308710721226	0.00159048831737	-0.00272312574329	0.00222654221879	-0.00018038489303	-0.00214245024463	0.00586738419215	-0.000347083862737	-0.00163156782243
42500	I509	I50.9 Heart failure, unspecified	42470	4	90	Chapter IX	Y	Y	-0.00095691535385	0.003097843661	0.0015510538667	-0.00277090310612	0.00222073855262	-0.000236380349759	-0.00221003873872	0.00588550712534	-0.000368470680434	-0.00164534378115
42510	I51	I51 Complications and ill-defined descriptions of heart disease	1180	3	90	Chapter IX	Y	Y	-0.000980725199808	0.00430377117824	0.00210047242498	-0.00121429718172	0.00130270379848	-0.00098548773271	-6.78678876357e-06	0.00604180576665	0.000602404828849	-0.000756592486537
42520	I510	I51.0 Cardiac septal defect, acquired	42510	4	90	Chapter IX	Y	Y	-0.000992658102558	0.00433427048528	0.00213274674992	-0.0012656216748	0.00136795592553	-0.001038924896	-2.39424039539e-05	0.00614381332011	0.000583214789096	-0.000735138061249
42530	I511	I51.1 Rupture of chordae tendineae, not elsewhere classified	42510	4	90	Chapter IX	Y	Y	-0.000971187774778	0.00440680699497	0.00211735486623	-0.00126367911338	0.00132512277462	-0.00105862177173	1.25353470117e-05	0.00615727839707	0.000613745737722	-0.000712538018153
42540	I512	I51.2 Rupture of papillary muscle, not elsewhere classified	42510	4	90	Chapter IX	Y	Y	-0.000973011958003	0.00437486145962	0.00213261869135	-0.00129383100638	0.00134383226535	-0.00114041544518	1.19869804648e-05	0.00614732523058	0.000706832223664	-0.000690239265711
42550	I513	I51.3 Intracardiac thrombosis, not elsewhere classified	42510	4	90	Chapter IX	Y	Y	-0.000897328140146	0.00441023666799	0.0021705535618	-0.00119122270318	0.0012962337348	-0.00109115125935	6.04830031126e-05	0.00616349963111	0.000682877532988	-0.000739519691966
42560	I514	I51.4 Myocarditis, unspecified	42510	4	90	Chapter IX	Y	Y	-0.00100172012449	0.00427973039705	0.00217106326391	-0.0012221063018	0.00123881354133	-0.00116087032898	-4.56413891839e-06	0.00615214810381	0.000722426361005	-0.000784141584875
42570	I515	I51.5 Myocardial degeneration	42510	4	90	Chapter IX	Y	Y	-0.000884129519453	0.0043189488494	0.00214212684941	-0.00114889069978	0.00123843055398	-0.00104777902854	7.28851728221e-05	0.00606607424598	0.000687421029322	-0.000706096468554
42580	I516	I51.6 Cardiovascular disease, unspecified	42510	4	90	Chapter IX	Y	Y	-0.000997624095896	0.00429074691177	0.00214852311985	-0.00128155349649	0.0014017373883	-0.00105921196426	-2.90347737215e-05	0.00613493606263	0.000609795452982	-0.000739698746452
42590	I517	I51.7 Cardiomegaly	42510	4	90	Chapter IX	Y	Y	-0.000896990407502	0.00436976389376	0.00216138072908	-0.00117364874166	0.00131761355171	-0.00106696990135	7.24728045086e-05	0.00613163781461	0.00068096924176	-0.000732611831662
42600	I518	I51.8 Other ill-defined heart diseases	42510	4	90	Chapter IX	Y	Y	-0.00105723438473	0.00440657662113	0.002156849387	-0.00138721380533	0.00141186432244	-0.00112761156036	-4.65268841634e-05	0.00634892296797	0.000624581867057	-0.00079919909224
42610	I519	I51.9 Heart disease, unspecified	42510	4	90	Chapter IX	Y	Y	-0.000913283250688	0.00435790848478	0.00213790737576	-0.00112516370578	0.00124805870941	-0.00101290003753	9.00779698235e-05	0.00608773474921	0.000686186399355	-0.00072087038252
42620	I52	I52 Other heart disorders in diseases classified elsewhere	1180	3	90	Chapter IX	Y	Y	-0.00194417563831	0.00380947999	0.000862167860639	-0.00228386352168	0.00355187594474	-0.000336943566802	-0.00108065855397	0.00518218526975	-0.000935396557834	-0.000372858327141
42630	I520	I52.0 Other heart disorders in bacterial diseases classified elsewhere	42620	4	90	Chapter IX	Y	Y	-0.00197142315532	0.00404944714848	0.000797519419992	-0.00229406079349	0.00355758911452	-0.00041240254461	-0.00105371265768	0.0051152169615	-0.000942947036666	-0.000359511049918
42640	I521	I52.1 Other heart disorders in other infectious and parasitic diseases classified elsewhere	42620	4	90	Chapter IX	Y	Y	-0.00192492940358	0.0039414218005	0.00052642292036	-0.00240721900083	0.00360056886633	-0.000313613704238	-0.00111055212871	0.00495304650555	-0.000997267142494	-2.92139979177e-05
42650	I528	I52.8 Other heart disorders in other diseases classified elsewhere	42620	4	90	Chapter IX	Y	Y	-0.0019478662069	0.00394230682718	0.000722026758798	-0.00236355409946	0.00360032812901	-0.000351890637275	-0.00109849400708	0.00511958428609	-0.000967182854998	-0.000217428388651
42660	I60	I60 Subarachnoid haemorrhage	1190	3	90	Chapter IX	Y	Y	0.00201333855855	-0.000509442892345	0.00233763632595	0.00177488460489	0.00393345480259	0.000280343951555	0.00318472999498	0.00385370192115	-0.00280688740411	-0.00205105376512
42670	I600	I60.0 Subarachnoid haemorrhage from carotid siphon and bifurcation	42660	4	90	Chapter IX	Y	Y	0.00205381016996	-0.000487084527002	0.00238864623675	0.00185395523886	0.00406167746264	0.000205844835245	0.0032357804293	0.00392984655065	-0.00283378533754	-0.00205052845042
42680	I601	I60.1 Subarachnoid haemorrhage from middle cerebral artery	42660	4	90	Chapter IX	Y	Y	0.0020927513435	-0.000447132994249	0.00239322831006	0.00183970867736	0.00406293106366	8.89493490832e-05	0.00316924340834	0.00391736652253	-0.00281909172127	-0.00202469377797
42690	I602	I60.2 Subarachnoid haemorrhage from anterior communicating artery	42660	4	90	Chapter IX	Y	Y	0.00215342515298	-0.000472591139514	0.00252000466483	0.00199087336738	0.00409633724994	0.000230150332159	0.00317154391294	0.00392650451281	-0.00284974432435	-0.00207074614105
42700	I603	I60.3 Subarachnoid haemorrhage from posterior communicating artery	42660	4	90	Chapter IX	Y	Y	0.00213428908105	-0.000521148019805	0.00231948326052	0.00190758868517	0.00403140085817	0.000148436399545	0.0032335623762	0.00381179003723	-0.00292149854073	-0.00204175650272
42710	I604	I60.4 Subarachnoid haemorrhage from basilar artery	42660	4	90	Chapter IX	Y	Y	0.00208028798184	-0.00055476015952	0.0025067885499	0.00185222849421	0.00414907689654	0.000219079877653	0.00325394393037	0.00393510958928	-0.00289780319537	-0.00209122650341
42720	I605	I60.5 Subarachnoid haemorrhage from vertebral artery	42660	4	90	Chapter IX	Y	Y	0.00203496096096	-0.000456643165781	0.0023670182847	0.00177797363042	0.0040352699079	0.000107375087581	0.00325164998509	0.0040529605588	-0.00279892998646	-0.00204813687936
42730	I606	I60.6 Subarachnoid haemorrhage from other intracranial arteries	42660	4	90	Chapter IX	Y	Y	0.00211786186899	-0.000504981094335	0.0023667638131	0.00190237289104	0.00401009336466	0.000218571924459	0.00323362444055	0.00386251682337	-0.00290398257697	-0.00208460373701
42740	I607	I60.7 Subarachnoid haemorrhage from intracranial artery, unspecified	42660	4	90	Chapter IX	Y	Y	0.00203301974195	-0.000425431304951	0.00233060258275	0.00177338474647	0.00397489074377	5.78230983953e-05	0.00323241041569	0.00403912552877	-0.00279316620231	-0.00201511354039
42750	I608	I60.8 Other subarachnoid haemorrhage	42660	4	90	Chapter IX	Y	Y	0.00208884784502	-0.000541228929835	0.00249849355397	0.00184597578931	0.00418574146769	0.000215393454498	0.00323910371552	0.00396238915763	-0.00287886578291	-0.00208262104025
42760	I609	I60.9 Subarachnoid haemorrhage, unspecified	42660	4	90	Chapter IX	Y	Y	0.00209307751352	-0.000553626246033	0.00248596901002	0.00172565166433	0.00417516528281	4.41220571822e-05	0.00320895417098	0.00391578143455	-0.00279192795316	-0.00199277162904
42770	I61	I61 Intracerebral haemorrhage	1190	3	90	Chapter IX	Y	Y	-0.00109944611203	-0.00110815171041	0.00154986943127	0.00170529925201	0.00110519891189	-0.00257572550826	0.00155888206658	0.00619418421467	-0.00302222480099	-0.00153713354887
42780	I610	I61.0 Intracerebral haemorrhage in hemisphere, subcortical	42770	4	90	Chapter IX	Y	Y	-0.00111772336107	-0.00111208619151	0.00151938837211	0.00172273743097	0.00115887891507	-0.0026022985213	0.00152090036273	0.00618713395463	-0.00299302079692	-0.00153894081198
42790	I611	I61.1 Intracerebral haemorrhage in hemisphere, cortical	42770	4	90	Chapter IX	Y	Y	-0.00112246676023	-0.00118026687051	0.00151758555811	0.00168656049287	0.00117847189425	-0.00266212559372	0.00147040722496	0.00621494265352	-0.00310485381308	-0.00162736449243
42800	I612	I61.2 Intracerebral haemorrhage in hemisphere, unspecified	42770	4	90	Chapter IX	Y	Y	-0.00106128360505	-0.00100715433338	0.00150325650174	0.00176968307866	0.00113643608111	-0.00277155798018	0.00156367119771	0.00623576172145	-0.00293036176908	-0.00166988682079
42810	I613	I61.3 Intracerebral haemorrhage in brain stem	42770	4	90	Chapter IX	Y	Y	-0.00108671770031	-0.00106948296593	0.00148056678344	0.00175524619684	0.00115607020738	-0.00275018359181	0.0015251837245	0.00626095524203	-0.00297101616728	-0.00168566490751
42820	I614	I61.4 Intracerebral haemorrhage in cerebellum	42770	4	90	Chapter IX	Y	Y	-0.00117197131608	-0.00119134682751	0.00143988525314	0.00170184445553	0.00118434159511	-0.00262866037047	0.00146937754753	0.00619470642996	-0.00303568788255	-0.00157236277888
42830	I615	I61.5 Intracerebral haemorrhage, intraventricular	42770	4	90	Chapter IX	Y	Y	-0.00111362659956	-0.00116329411007	0.0015661581767	0.00168645780792	0.00114505994944	-0.00267912492665	0.00148728814708	0.00625879038309	-0.00311545120067	-0.00165354122778
42840	I616	I61.6 Intracerebral haemorrhage, multiple localised	42770	4	90	Chapter IX	Y	Y	-0.00114936473581	-0.00120159527945	0.00142626995918	0.00169714272019	0.00116893421919	-0.00259806032776	0.00142614955695	0.00612059990857	-0.00301357669944	-0.00155427274102
42850	I618	I61.8 Other intracerebral haemorrhage	42770	4	90	Chapter IX	Y	Y	-0.00110960241249	-0.000982036383929	0.0015908340762	0.0017323124845	0.00118552217186	-0.00262905324231	0.00152999719836	0.00634207829117	-0.00289480212105	-0.0016396410902
42860	I619	I61.9 Intracerebral haemorrhage, unspecified	42770	4	90	Chapter IX	Y	Y	-0.00110523715546	-0.00100998656631	0.00154735857334	0.00168956308117	0.00116463192031	-0.00258972093364	0.0015342891728	0.00626987864369	-0.00290682164494	-0.00159351895923
42870	I62	I62 Other nontraumatic intracranial haemorrhage	1190	3	90	Chapter IX	Y	Y	-0.00399548672049	0.000891149933839	0.00447566365405	0.00141924800832	0.00406865816396	0.0015299725484	-0.00051433333579	0.00297382323465	0.000703063957303	-7.78182818708e-05
42880	I620	I62.0 Subdural haemorrhage (acute) (nontraumatic)	42870	4	90	Chapter IX	Y	Y	-0.00423397943979	0.000821773741911	0.00464942154193	0.00133576352086	0.00434795652949	0.00170174348759	-0.000514159286311	0.00306075322644	0.000826768362026	-0.000167494696408
42890	I621	I62.1 Nontraumatic extradural haemorrhage	42870	4	90	Chapter IX	Y	Y	-0.00411934023763	0.000931417121249	0.00451851029886	0.00143694745958	0.00448950705932	0.00159449604818	-0.000656374591988	0.00298142350904	0.000896813406608	-0.000166436721573
42900	I629	I62.9 Intracranial haemorrhage (nontraumatic), unspecified	42870	4	90	Chapter IX	Y	Y	-0.00411379854714	0.000905992095456	0.00460706675266	0.00134914075317	0.0042730102391	0.00166639628584	-0.000461625156764	0.00318405571939	0.000855288638803	-0.00014164306496
42910	I63	I63 Cerebral infarction	1190	3	90	Chapter IX	Y	Y	0.000292853617304	0.000354091646584	0.00232845385791	0.0024180850726	0.00291401164347	0.00320577001551	0.00104648434962	0.00396464933861	0.00283656431428	-0.00367025328621
42920	I630	I63.0 Cerebral infarction due to thrombosis of precerebral arteries	42910	4	90	Chapter IX	Y	Y	0.000299921368298	0.000539605191023	0.00252496981359	0.00248880704379	0.00305125261862	0.00320090358931	0.00109364306961	0.00408834862876	0.00273344542863	-0.00353079622839
42930	I631	I63.1 Cerebral infarction due to embolism of precerebral arteries	42910	4	90	Chapter IX	Y	Y	0.000303056883981	0.000530694868669	0.00247659474425	0.00246332521046	0.0030726940695	0.00328136790648	0.00107520206566	0.00409947765216	0.00284467570828	-0.00366399715922
42940	I632	I63.2 Cerebral infarction due to unspecified occlusion or stenosis of precerebral arteries	42910	4	90	Chapter IX	Y	Y	0.000351509131274	0.000410440641188	0.00233578056953	0.00247901647814	0.00304515196746	0.00324879996995	0.00101186377358	0.00405040816245	0.00286772969969	-0.00353573815504
42950	I633	I63.3 Cerebral infarction due to thrombosis of cerebral arteries	42910	4	90	Chapter IX	Y	Y	0.00024858961393	0.000605645180106	0.00259414802749	0.00248817856376	0.00317624537401	0.00331304472668	0.00114673443725	0.0040192620419	0.0027572955116	-0.00363189379299
42960	I634	I63.4 Cerebral infarction due to embolism of cerebral arteries	42910	4	90	Chapter IX	Y	Y	0.000241207286948	0.000500340817157	0.00251091408833	0.0024141630004	0.00300146223276	0.00325266031162	0.00111290167227	0.00398334279301	0.00276322530469	-0.00363213807406
42970	I635	I63.5 Cerebral infarction due to unspecified occlusion or stenosis of cerebral arteries	42910	4	90	Chapter IX	Y	Y	0.000100204398962	0.00054965917243	0.00254937417214	0.00233920515241	0.00306638522246	0.0032799197886	0.00117403846323	0.00411742945421	0.00269646938875	-0.00367446196711
42980	I636	I63.6 Cerebral infarction due to cerebral venous thrombosis, nonpyogenic	42910	4	90	Chapter IX	Y	Y	0.000301775949759	0.000514478739307	0.00243094947851	0.00244896175948	0.0030307188652	0.00323835305775	0.00105837157055	0.00400761006315	0.0028254007038	-0.00362116753183
42990	I638	I63.8 Other cerebral infarction	42910	4	90	Chapter IX	Y	Y	0.000294383326686	0.000504739334642	0.00247747040077	0.00248040173237	0.00310035682616	0.00328568067138	0.00110218376726	0.00402180568235	0.00280576160301	-0.00362689234935
43000	I639	I63.9 Cerebral infarction, unspecified	42910	4	90	Chapter IX	Y	Y	0.000281791081937	0.000572684505304	0.00256075819077	0.00248921455143	0.00312377887995	0.00331986547998	0.00111804736802	0.00400879883075	0.00280771875855	-0.00364795439134
43010	I64	I64 Stroke, not specified as haemorrhage or infarction	1190	3	90	Chapter IX	Y	Y	-0.0017621206622	0.000929633713442	0.00278713110795	0.000103925283487	0.00209847778532	0.00164776611754	0.00100477748579	0.00332000595526	0.000332707655197	0.00037957086623
43020	I65	I65 Occlusion and stenosis of precerebral arteries, not resulting in cerebral infarction	1190	3	90	Chapter IX	Y	Y	-0.00435529129893	0.00113339720251	0.00239862680215	-0.000526578736216	0.00111105994409	0.00221156999782	0.00124910299515	0.00464114035168	0.00348348711697	-0.00090509526274
43030	I650	I65.0 Occlusion and stenosis of vertebral artery	43020	4	90	Chapter IX	Y	Y	-0.00434922383871	0.00112455592655	0.00253309430327	-0.000704808327351	0.00119984328526	0.0022861379346	0.00118169588273	0.00507327627049	0.00343785323153	-0.000939843823753
43040	I651	I65.1 Occlusion and stenosis of basilar artery	43020	4	90	Chapter IX	Y	Y	-0.00434664737256	0.00117639541833	0.00257804713074	-0.00076463574141	0.00107637313473	0.00232571697981	0.00118274199323	0.00501484669149	0.00343654375069	-0.00102998998524
43050	I652	I65.2 Occlusion and stenosis of carotid artery	43020	4	90	Chapter IX	Y	Y	-0.00435877109329	0.00112875220075	0.00251946447621	-0.000732803799354	0.00113625586143	0.00225888239774	0.00114422970932	0.00500480905757	0.00346854746362	-0.000951967994441
43060	I653	I65.3 Occlusion and stenosis of multiple and bilateral precerebral arteries	43020	4	90	Chapter IX	Y	Y	-0.00437182504433	0.00130621943582	0.00266431005085	-0.000620420184142	0.00125562727021	0.00237339809913	0.00123483338783	0.00505076167764	0.00341732972884	-0.00102676611171
43070	I658	I65.8 Occlusion and stenosis of other precerebral artery	43020	4	90	Chapter IX	Y	Y	-0.00431923539352	0.00116852599183	0.00249802014269	-0.000725216189482	0.00113070341554	0.00230111804039	0.00113537092668	0.00506143693253	0.00342678046836	-0.00100655045231
43080	I659	I65.9 Occlusion and stenosis of unspecified precerebral artery	43020	4	90	Chapter IX	Y	Y	-0.00436147556466	0.00118834519136	0.00249470083487	-0.000721098315232	0.00109794164471	0.0023399035991	0.00120727572411	0.00498570313654	0.00337264317702	-0.000939604564268
43090	I66	I66 Occlusion and stenosis of cerebral arteries, not resulting in cerebral infarction	1190	3	90	Chapter IX	Y	Y	-0.00396063912817	0.00156120069139	0.00201238478071	-0.000727369490633	0.0014589135995	0.00108514972746	-0.000411300987612	0.00498871681882	0.00434920424765	0.00012120221402
43100	I660	I66.0 Occlusion and stenosis of middle cerebral artery	43090	4	90	Chapter IX	Y	Y	-0.00401691397393	0.00162636120822	0.00211508043072	-0.000720008615997	0.0013980697285	0.00109204054441	-0.000340403663064	0.00525668554287	0.0042466273119	0.000184825555312
43110	I661	I66.1 Occlusion and stenosis of anterior cerebral artery	43090	4	90	Chapter IX	Y	Y	-0.00402381092758	0.00159745475242	0.00216262160641	-0.000783622867038	0.00151400107139	0.00114134035432	-0.000396793902991	0.00518028931027	0.00437026769743	0.000142022609407
43120	I662	I66.2 Occlusion and stenosis of posterior cerebral artery	43090	4	90	Chapter IX	Y	Y	-0.00401036820821	0.00158272707238	0.00213236719597	-0.000724133199302	0.00144841621722	0.00110456591397	-0.00036715834126	0.00520296574387	0.00428936006912	0.000150827189195
43130	I663	I66.3 Occlusion and stenosis of cerebellar arteries	43090	4	90	Chapter IX	Y	Y	-0.00404975697903	0.00165329450455	0.00205709230377	-0.000711959403151	0.00146372546428	0.00109291153823	-0.000388297975353	0.00515664194601	0.00436632111981	0.000151387170486
43140	I664	I66.4 Occlusion and stenosis of multiple and bilateral cerebral arteries	43090	4	90	Chapter IX	Y	Y	-0.00399758402122	0.00156807876462	0.00205256434782	-0.000752019584804	0.00147704485688	0.00109827873991	-0.00042057131543	0.00510116273277	0.00441468773974	0.000125216561146
43150	I668	I66.8 Occlusion and stenosis of other cerebral artery	43090	4	90	Chapter IX	Y	Y	-0.00396805351753	0.00160531505211	0.00198371556501	-0.000690884535954	0.00138786187166	0.00103526024703	-0.000409421508796	0.00496361337353	0.00431912175201	9.00388600382e-05
43160	I669	I66.9 Occlusion and stenosis of unspecified cerebral artery	43090	4	90	Chapter IX	Y	Y	-0.00402930390001	0.00161891118817	0.00210654746234	-0.000697856111044	0.0014738939745	0.00112763619273	-0.00037188078597	0.00525199824472	0.00431086784095	0.000172297922901
43170	I67	I67 Other cerebrovascular diseases	1190	3	90	Chapter IX	Y	Y	-0.00018662597205	0.000391429561437	0.00242933301192	0.0018593017605	0.00515436503347	0.00378923526453	0.00233814081609	0.00292814191949	0.001442614099	0.00141143812752
43180	I670	I67.0 Dissection of cerebral arteries, nonruptured	43170	4	90	Chapter IX	Y	Y	-0.000174502413782	0.000409087681205	0.00244434996346	0.00192330969085	0.00515502581976	0.00383469283974	0.00243117894565	0.00293041327263	0.00144291858341	0.00148077315943
43190	I671	I67.1 Cerebral aneurysm, nonruptured	43170	4	90	Chapter IX	Y	Y	-0.00024911601102	0.000483363872599	0.00244015606595	0.00194272220639	0.00525448270833	0.00390542480639	0.00243272443924	0.00312428815646	0.00145288255846	0.00138717617053
43200	I672	I67.2 Cerebral atherosclerosis	43170	4	90	Chapter IX	Y	Y	-0.000175864556884	0.000394634641501	0.00250385611363	0.00190528168394	0.00526305561653	0.00389285739331	0.00246322734509	0.00296533449828	0.00152828375536	0.00148756635822
43210	I673	I67.3 Progressive vascular leukoencephalopathy	43170	4	90	Chapter IX	Y	Y	-0.000137082194428	0.000420645004116	0.00249307658888	0.00191407622887	0.00527063309	0.00391594965427	0.00248997458051	0.00298085446297	0.00153611064827	0.00150809814093
43220	I674	I67.4 Hypertensive encephalopathy	43170	4	90	Chapter IX	Y	Y	-0.000141198036423	0.000385623829398	0.00243947080912	0.00192533502056	0.00514898979406	0.00386511815474	0.00243890096862	0.00283323932266	0.00143507997593	0.00151658723016
43230	I675	I67.5 Moyamoya disease	43170	4	90	Chapter IX	Y	Y	-0.000130340178134	0.000361252447349	0.00244754918958	0.0018710628207	0.00523502566002	0.00378143936487	0.00238828656459	0.00298790095061	0.00134625451993	0.00147380568246
43240	I676	I67.6 Nonpyogenic thrombosis of intracranial venous system	43170	4	90	Chapter IX	Y	Y	-0.000309320590942	0.000522881613817	0.00247536986825	0.00192369057675	0.00526413854691	0.00393424411814	0.00241714609845	0.00320919883611	0.00142329726833	0.00135302135434
43250	I677	I67.7 Cerebral arteritis, not elsewhere classified	43170	4	90	Chapter IX	Y	Y	-0.00013334013515	0.000352960603887	0.00249585702008	0.00187603312948	0.00524240110196	0.00388245329851	0.0024750743917	0.00287003200153	0.00153308696722	0.00153608996116
43260	I678	I67.8 Other specified cerebrovascular diseases	43170	4	90	Chapter IX	Y	Y	-0.000199626053986	0.000392262430979	0.00248156426952	0.00182439407371	0.00522089575165	0.00378025383279	0.00238250383065	0.00309047619251	0.00136865240669	0.00143650995983
43270	I679	I67.9 Cerebrovascular disease, unspecified	43170	4	90	Chapter IX	Y	Y	-0.000200719134915	0.000402846878266	0.00251071716435	0.00189804007895	0.00531188893102	0.0039013695758	0.00242533964663	0.00300695103263	0.00153915909561	0.00144435550985
43280	I68	I68 Cerebrovascular disorders in diseases classified elsewhere	1190	3	90	Chapter IX	Y	Y	-0.00290820698256	-0.000638966614082	0.00494558764353	-0.00114317661971	0.00120291446565	0.00168242029147	-0.00202570528034	0.00484725794004	0.00102353099639	0.000719740708563
43290	I680	I68.0 Cerebral amyloid angiopathy	43280	4	90	Chapter IX	Y	Y	-0.00298529927808	-0.000701800106254	0.00504526943122	-0.00119258025263	0.00132124611401	0.00175121802647	-0.00209287140878	0.00493819572828	0.00114508604883	0.000861993882334
43300	I681	I68.1 Cerebral arteritis in infectious and parasitic diseases classified elsewhere	43280	4	90	Chapter IX	Y	Y	-0.00295188541238	-0.000612116382251	0.00503247507921	-0.0011415682889	0.00129554842879	0.00174280021374	-0.00200372128572	0.00499119934845	0.00103821628747	0.000746108653033
43310	I682	I68.2 Cerebral arteritis in other diseases classified elsewhere	43280	4	90	Chapter IX	Y	Y	-0.00302513767114	-0.000717338039951	0.00507288229456	-0.00123854834336	0.00126154969904	0.0017012457443	-0.00223788500225	0.00486228565756	0.00117294700762	0.000851672499317
43320	I688	I68.8 Other cerebrovascular disorders in diseases classified elsewhere	43280	4	90	Chapter IX	Y	Y	-0.00299172005212	-0.000707082953671	0.0050586007137	-0.00115077225198	0.00136589446232	0.00177547166219	-0.00207783143436	0.00504114426477	0.00113793744575	0.000811199878165
43330	I69	I69 Sequelae of cerebrovascular disease	1190	3	90	Chapter IX	Y	Y	-0.00256265537267	0.000720207320525	0.00130900909878	0.00105129371077	0.001801245281	-0.00357225546819	0.00195830683189	0.00598541089679	0.000755612413507	0.000340645678589
43340	I690	I69.0 Sequelae of subarachnoid haemorrhage	43330	4	90	Chapter IX	Y	Y	-0.00267266740163	0.000741790652775	0.0013089674702	0.00115412562059	0.0016676317217	-0.00373463194787	0.00197235560008	0.00596967993811	0.000798490587221	0.000283585041753
43350	I691	I69.1 Sequelae of intracerebral haemorrhage	43330	4	90	Chapter IX	Y	Y	-0.0026749593636	0.000691303918262	0.00144227962937	0.00120407932609	0.00175119399205	-0.00372181401367	0.00197280785058	0.00600764505257	0.000826591495034	0.000281388721084
43360	I692	I69.2 Sequelae of other nontraumatic intracranial haemorrhage	43330	4	90	Chapter IX	Y	Y	-0.00256563877207	0.000766892795637	0.00127160311325	0.00118741207349	0.00166369348877	-0.00371998166723	0.00191466087902	0.00604801427207	0.000712840149658	0.000228007358056
43370	I693	I69.3 Sequelae of cerebral infarction	43330	4	90	Chapter IX	Y	Y	-0.00263391123549	0.000797027821136	0.00120274701188	0.00114516786403	0.00174194453607	-0.00381779617851	0.00195990850314	0.00619105600209	0.000843768037196	0.000229421269618
43380	I694	I69.4 Sequelae of stroke, not specified as haemorrhage or infarction	43330	4	90	Chapter IX	Y	Y	-0.00268002639953	0.000765791989233	0.00143654463159	0.00114068558659	0.00183291407649	-0.00362369616055	0.00201236165819	0.00614797393175	0.000847271733839	0.000262302196921
43390	I698	I69.8 Sequelae of other and unspecified cerebrovascular diseases	43330	4	90	Chapter IX	Y	Y	-0.00262602411192	0.000791661369223	0.0013807471471	0.00115118767654	0.00183513749982	-0.00365520256051	0.00194639956699	0.0062129229051	0.000800460690735	0.000207743281366
43400	I70	I70 Atherosclerosis	1200	3	90	Chapter IX	Y	Y	-0.000296627992599	-0.00152453820592	0.00323618696542	-0.000487221476869	0.00243023541186	9.8182577206e-08	0.00190098834645	0.00554684993696	0.00023635036239	-0.00181974610889
43410	I700	I70.0 Atherosclerosis of aorta	43400	4	90	Chapter IX	Y	Y	-0.00119435355658	-0.00360199133107	0.00453785158008	0.00287493359127	0.00245453319831	3.27570080765e-05	0.0014578895125	0.00750529669963	0.000371813218494	-0.00522237752653
43420	I7000	I70.00 Atherosclerosis of aorta (without gangrene)	43410	5	90	Chapter IX	Y	Y	-0.00130792826806	-0.00363457928012	0.00466285777566	0.00284744785127	0.00238689774194	7.11284916587e-05	0.00156755766418	0.00778649081149	0.000538901629838	-0.00523794951777
43430	I7001	I70.01 Atherosclerosis of aorta (with gangrene)	43410	5	90	Chapter IX	Y	Y	-0.0012573003226	-0.0035625091092	0.00466561089066	0.0028322651685	0.00243062034481	8.15973313447e-05	0.00156305062741	0.00780087662441	0.000464469767889	-0.00525343755549
43440	I701	I70.1 Atherosclerosis of renal artery	43400	4	90	Chapter IX	Y	Y	0.000810935081199	-0.00468671849496	0.00522471577863	-0.00143321581821	0.00358635862875	0.000128694577118	0.00418092131335	0.00667802101142	-0.000123385788623	-0.00271665757474
43450	I7010	I70.10 Atherosclerosis of renal artery (without gangrene)	43440	5	90	Chapter IX	Y	Y	0.00089966355687	-0.0046325447149	0.00536590029941	-0.00150395166275	0.00365291270854	0.000187310364248	0.00423651564975	0.00697168113946	-0.000143034196191	-0.00278422468494
43460	I7011	I70.11 Atherosclerosis of renal artery (with gangrene)	43440	5	90	Chapter IX	Y	Y	0.000852040315526	-0.00467840135417	0.00533520709363	-0.00147774061727	0.00364290634775	0.000173929726513	0.00423513666693	0.00688210584097	-0.000130606552992	-0.00275725733987
43470	I702	I70.2 Atherosclerosis of arteries of the extremities	43400	4	90	Chapter IX	Y	Y	-0.00134638404609	-0.00386508231127	0.00595496566098	-0.00178969883739	0.00232228685318	-0.00240034699298	0.00282503528151	0.00763818038434	0.00116588664048	0.000162564947877
43480	I7020	I70.20 Atherosclerosis of arteries of extremities (without gangrene)	43470	5	90	Chapter IX	Y	Y	-0.00137719970628	-0.00395302800605	0.00612064072409	-0.00184821405349	0.00246173785712	-0.00241146240558	0.00292847460024	0.00793698836282	0.00120692500554	0.000145282421584
43490	I7021	I70.21 Atherosclerosis of arteries of extremities (with gangrene)	43470	5	90	Chapter IX	Y	Y	-0.00137034194452	-0.00390788756777	0.00607784265985	-0.00184890346021	0.00243810332577	-0.00240587264627	0.00289904200553	0.00787424206685	0.00119217680908	0.000143342059795
43500	I708	I70.8 Atherosclerosis of other arteries	43400	4	90	Chapter IX	Y	Y	-4.31065601292e-05	-0.00364901310799	0.00665243508111	0.00215280299761	0.00547450538153	0.000224561455527	0.00299815466522	0.00564824568572	-0.0001616930035	-0.00268902197134
43510	I7080	I70.80 Atherosclerosis of other arteries (without gangrene)	43500	5	90	Chapter IX	Y	Y	-1.36368856236e-05	-0.00368018063883	0.00657290280966	0.00207779685386	0.00547069596449	0.000239390377572	0.00297454084712	0.00558904432354	-0.00019250801357	-0.00262321691204
43520	I7081	I70.81 Atherosclerosis of other arteries (with gangrene)	43500	5	90	Chapter IX	Y	Y	-1.48889870902e-05	-0.00372011920705	0.00661980664167	0.00208372907129	0.00550188764892	0.000229094073858	0.00299854200741	0.00567760388402	-0.000167038254109	-0.00266672510561
43530	I709	I70.9 Generalised and unspecified atherosclerosis	43400	4	90	Chapter IX	Y	Y	0.00106843150173	-0.000944703867295	-8.75984844325e-05	-0.0035700900065	0.000443634649141	-0.00104258535077	0.003677221686	0.00896917101418	0.00121900978917	-0.00525176608764
43540	I7090	I70.90 Generalized and unspecified atherosclerosis (without gangrene)	43530	5	90	Chapter IX	Y	Y	0.00107249071507	-0.000877421766037	-5.32039410794e-05	-0.00363829658179	0.000447177839825	-0.00102678409219	0.00372246918763	0.00897422497455	0.00119905049947	-0.00529341462708
43550	I7091	I70.91 Generalized and unspecified atherosclerosis (with gangrene)	43530	5	90	Chapter IX	Y	Y	0.00102359835939	-0.00105032633983	3.96725413697e-05	-0.00348873624987	0.000575626145894	-0.00101857080934	0.00365156704005	0.0090648209729	0.00118842862254	-0.00517131110775
43560	I71	I71 Aortic aneurysm and dissection	1200	3	90	Chapter IX	Y	Y	0.00203848901137	-0.000512309723082	0.00258703942191	-0.00199372705579	0.00112533651328	-0.00138160953307	0.00256814957984	0.00610833016704	-2.91329210342e-05	-0.00134507826242
43570	I710	I71.0 Dissection of aorta [any part]	43560	4	90	Chapter IX	Y	Y	0.00216594893194	-0.000590690034419	0.0026230012364	-0.00195637071293	0.000966467057366	-0.00143333373559	0.00267044356807	0.00625346442188	-0.000114174829648	-0.00134451421387
43580	I711	I71.1 Thoracic aortic aneurysm, ruptured	43560	4	90	Chapter IX	Y	Y	0.00210983251988	-0.000546071766512	0.00262616153686	-0.00205693856677	0.00119403715877	-0.00146920943968	0.00267105236407	0.00627776628791	-2.53906844739e-05	-0.00140541953423
43590	I712	I71.2 Thoracic aortic aneurysm, without mention of rupture	43560	4	90	Chapter IX	Y	Y	0.0020847517015	-0.000524477892172	0.00262042847434	-0.0020223504689	0.00116228409165	-0.00141617110503	0.00262733141989	0.00619704871887	-6.67167009267e-05	-0.0013781918919
43600	I713	I71.3 Abdominal aortic aneurysm, ruptured	43560	4	90	Chapter IX	Y	Y	0.00209818708881	-0.000546009341794	0.00268330753956	-0.00206482210572	0.00116003012804	-0.00146241495205	0.00260084871109	0.00636619586989	-5.88149000624e-07	-0.00134916040605
43610	I714	I71.4 Abdominal aortic aneurysm, without mention of rupture	43560	4	90	Chapter IX	Y	Y	0.00206998458211	-0.000548176750472	0.00269331857132	-0.00200452688678	0.00107371726392	-0.0015007676969	0.00261438975772	0.00630275174935	-2.72249768514e-05	-0.00136789331304
43620	I715	I71.5 Thoracoabdominal aortic aneurysm, ruptured	43560	4	90	Chapter IX	Y	Y	0.00211833054912	-0.000558108398925	0.0026854074205	-0.0020369487167	0.00104696316493	-0.00150260734508	0.00259562660838	0.00629918715359	2.6253923905e-05	-0.00132566907033
43630	I716	I71.6 Thoracoabdominal aortic aneurysm, without mention of rupture	43560	4	90	Chapter IX	Y	Y	0.00211069179295	-0.00061089979065	0.00263796921385	-0.00209420098907	0.00124855507502	-0.00159918762759	0.00267691121261	0.0064069425488	0.000149579588278	-0.0014057205755
43640	I718	I71.8 Aortic aneurysm of unspecified site, ruptured	43560	4	90	Chapter IX	Y	Y	0.00211628321439	-0.000558949369966	0.00268826520674	-0.00205810450212	0.00104821478742	-0.00150676613248	0.00259632249915	0.00629897202908	2.65621419739e-05	-0.00133388255568
43650	I719	I71.9 Aortic aneurysm of unspecified site, without mention of rupture	43560	4	90	Chapter IX	Y	Y	0.00215443567757	-0.000604844274638	0.0026435784723	-0.00207262126291	0.00117422948892	-0.00153343076141	0.00269741367269	0.00630076224531	6.44644391287e-05	-0.0014270246386
43660	I72	I72 Other aneurysm	1200	3	90	Chapter IX	Y	Y	-0.00224320798412	-0.00155373697432	8.494729601e-05	-0.00146814065988	0.000676133426851	0.00432076416198	-0.00157227605515	0.00614811734811	-0.000644582693789	-0.002237775283
43670	I720	I72.0 Aneurysm of carotid artery	43660	4	90	Chapter IX	Y	Y	-0.00216838985292	-0.0016166849918	8.36031258946e-05	-0.00142594302737	0.000660413802608	0.00432103278839	-0.00159902316501	0.00598886609653	-0.000684367161546	-0.00221113942121
43680	I721	I72.1 Aneurysm of artery of upper extremity	43660	4	90	Chapter IX	Y	Y	-0.00218331991662	-0.00163580354916	5.22646046963e-05	-0.00138804008042	0.000655407677793	0.0043418448359	-0.00157401191005	0.0060832746382	-0.000814200827651	-0.00219448787839
43690	I722	I72.2 Aneurysm of renal artery	43660	4	90	Chapter IX	Y	Y	-0.0020303066622	-0.00163257832438	0.000146111089004	-0.00137650712723	0.00074724572465	0.00424962660768	-0.00164795103262	0.00609143863689	-0.000651112670067	-0.00221420401332
43700	I723	I72.3 Aneurysm of iliac artery	43660	4	90	Chapter IX	Y	Y	-0.00214641585467	-0.00165993209443	8.05030878587e-05	-0.00139573489744	0.000671123762197	0.00426131076116	-0.00168752535411	0.00609618882011	-0.000714684346811	-0.00222755654636
43710	I724	I72.4 Aneurysm of artery of lower extremity	43660	4	90	Chapter IX	Y	Y	-0.00104809001077	-0.00147269765067	0.000678629563412	0.000979195748566	-0.000790609366356	9.75910014706e-05	-0.000939389197606	0.00568226928517	-0.00234656215761	-0.00210346377092
43720	I725	I72.5 Aneurysm and dissection of other precerebral arteries	43660	4	90	Chapter IX	Y	Y	-0.00233005034018	-0.00162078523081	-7.90703635434e-06	-0.0014097016805	0.000577447217129	0.00430369765498	-0.00159775408286	0.00612440544646	-0.000841104341594	-0.00222311633708
43730	I726	I72.6 Aneurysm and dissection of vertebral artery	43660	4	90	Chapter IX	Y	Y	-0.00219567478465	-0.00167650225968	5.70898530381e-05	-0.00139020015544	0.000663511837393	0.00433877764918	-0.00167560948065	0.00615450838212	-0.000776795805912	-0.00221043544616
43740	I728	I72.8 Aneurysm of other specified arteries	43660	4	90	Chapter IX	Y	Y	-0.00213014735758	-0.0015274034631	0.000145105682817	-0.00144571894699	0.00072700352197	0.0042704867468	-0.00150740338944	0.005962850623	-0.000637800102364	-0.00214376572205
43750	I729	I72.9 Aneurysm of unspecified site	43660	4	90	Chapter IX	Y	Y	-0.00218609588747	-0.00164675856159	5.02654664138e-05	-0.00136237269209	0.000628421301978	0.00429898284531	-0.00166146500715	0.00611752644968	-0.000801285213228	-0.00220648839198
43760	I73	I73 Other peripheral vascular diseases	1200	3	90	Chapter IX	Y	Y	-0.000149686267621	-0.00200083020509	0.00140738582015	-0.00277004737384	0.00254861640558	0.00145661903754	0.00326390708632	0.0057919382772	2.83945712783e-05	-0.000468132172422
43770	I730	I73.0 Raynaud's syndrome	43760	4	90	Chapter IX	Y	Y	-0.000113930854397	-0.00235363334782	0.00137268760797	-0.0029045970906	0.00241645282582	0.0015487157694	0.00350922198264	0.00568082272246	5.57679801336e-05	-0.000444606880184
43780	I731	I73.1 Thromboangiitis obliterans [Buerger]	43760	4	90	Chapter IX	Y	Y	-9.29380241256e-05	-0.0021532557871	0.00145866717705	-0.00288238574056	0.00246039950166	0.0015076122362	0.00344479088402	0.00574740894092	4.27314232724e-05	-0.000507650353942
43790	I738	I73.8 Other specified peripheral vascular diseases	43760	4	90	Chapter IX	Y	Y	-0.000101713333353	-0.00234591791356	0.00139712253736	-0.00296268165392	0.00242331186112	0.00158549142488	0.00360145772156	0.00578617004067	3.86731379383e-05	-0.000438977402503
43800	I739	I73.9 Peripheral vascular disease, unspecified	43760	4	90	Chapter IX	Y	Y	-7.59318835209e-05	-0.00222120250591	0.0013932763379	-0.00292551348574	0.00251216248889	0.00148904352725	0.00345077117907	0.00578525873095	9.19686633781e-05	-0.000479488717501
43810	I74	I74 Arterial embolism and thrombosis	1200	3	90	Chapter IX	Y	Y	0.000299597402065	0.000796648241234	0.00107593483863	-0.00334525567403	0.00523142697652	-0.000174738013793	0.0028012913436	0.00303799542018	-0.00227328609068	-0.00155877959989
43820	I740	I74.0 Embolism and thrombosis of abdominal aorta	43810	4	90	Chapter IX	Y	Y	0.000331530145632	0.000744360415504	0.00108659553289	-0.00341752711784	0.00530571599319	-3.99547970427e-05	0.00288058340261	0.00319973884314	-0.00221974416185	-0.00152068594315
43830	I741	I74.1 Embolism and thrombosis of other and unspecified parts of aorta	43810	4	90	Chapter IX	Y	Y	0.000297343288612	0.000712922533915	0.00107187190418	-0.00339841607674	0.0052614178698	-1.81963583336e-05	0.00280416417937	0.00315238431385	-0.00215024855282	-0.00156385169844
43840	I742	I74.2 Embolism and thrombosis of arteries of the upper extremities	43810	4	90	Chapter IX	Y	Y	0.000433842174116	0.000674579983284	0.00109136284592	-0.00342397980819	0.00535565134995	-9.04371208126e-05	0.0029080327937	0.003087611062	-0.00222337073958	-0.00156924474768
43850	I743	I74.3 Embolism and thrombosis of arteries of the lower extremities	43810	4	90	Chapter IX	Y	Y	0.000285627264499	0.000721937868449	0.00109052817766	-0.00345516889666	0.00549279847651	-0.000112286875142	0.00292933612931	0.00311629306272	-0.00231728786418	-0.00163793893337
43860	I744	I74.4 Embolism and thrombosis of arteries of extremities, unspecified	43810	4	90	Chapter IX	Y	Y	0.000322674698801	0.000760871188583	0.0011090547108	-0.00340755125208	0.0053785964638	-0.000138493789844	0.0028266152473	0.0030899047243	-0.00228529971242	-0.00161894458386
43870	I745	I74.5 Embolism and thrombosis of iliac artery	43810	4	90	Chapter IX	Y	Y	0.000297958279548	0.000749714147758	0.00112342997317	-0.00341531335615	0.00544346452737	-0.000101128156118	0.00291151519981	0.00318861826493	-0.00229805125375	-0.00158958127319
43880	I748	I74.8 Embolism and thrombosis of other arteries	43810	4	90	Chapter IX	Y	Y	0.00026790713484	0.000731102609739	0.00106567414073	-0.00337681643595	0.00530935066836	-0.000152218884534	0.00280641754643	0.00310083207267	-0.00228461980807	-0.00159408088937
43890	I749	I74.9 Embolism and thrombosis of unspecified artery	43810	4	90	Chapter IX	Y	Y	0.000292901646082	0.000714908665521	0.0010644878531	-0.00336298208732	0.00532147362398	-9.24382397906e-05	0.00278752791159	0.00314893573048	-0.00225372410807	-0.00157687501056
43900	I77	I77 Other disorders of arteries and arterioles	1200	3	90	Chapter IX	Y	Y	-0.00181806389825	0.0022576603926	-0.000806615387081	-0.00557395128791	0.00183406385155	0.0020910136054	0.000395157846573	0.00395899497386	-0.000160173900414	-0.00196516220097
43910	I770	I77.0 Arteriovenous fistula, acquired	43900	4	90	Chapter IX	Y	Y	-0.00175059149943	0.00229118478456	-0.000693739374093	-0.00560842404785	0.00199976945882	0.00205157746157	0.000412098634543	0.004140854277	-0.000191605838099	-0.00187057804868
43920	I771	I77.1 Stricture of artery	43900	4	90	Chapter IX	Y	Y	-0.00177530340835	0.00225410994323	-0.00076097635204	-0.00560528935478	0.00186315784327	0.00214362806203	0.000481003867469	0.00407800229807	-0.000132466376215	-0.00192395853247
43930	I772	I77.2 Rupture of artery	43900	4	90	Chapter IX	Y	Y	-0.00168846001061	0.00230235934132	-0.000686797816899	-0.00558648047422	0.00202820322607	0.00218142971231	0.000438369169267	0.00416421317847	-8.67154892661e-05	-0.00197081186571
43940	I773	I77.3 Arterial fibromuscular dysplasia	43900	4	90	Chapter IX	Y	Y	-0.00179806017721	0.0023037675199	-0.000685939704421	-0.00554477789494	0.00184178323858	0.00212122440434	0.000469841721347	0.00420059571582	-0.000144081531177	-0.00192271016836
43950	I774	I77.4 Coeliac artery compression syndrome	43900	4	90	Chapter IX	Y	Y	-0.00180569035454	0.00224997167536	-0.000497481027293	-0.00544842072671	0.00187562695813	0.00224358517075	0.000548036293995	0.0043158472411	-0.000125494631673	-0.00190247439246
43960	I775	I77.5 Necrosis of artery	43900	4	90	Chapter IX	Y	Y	-0.00188629459094	0.00228777725628	-0.00077728326192	-0.00558269083971	0.00184687803688	0.00209536885226	0.00037509095849	0.00401035087709	-0.000199933636631	-0.00187510522256
43970	I776	I77.6 Arteritis, unspecified	43900	4	90	Chapter IX	Y	Y	-0.00165107363669	0.00222505264721	-0.000635307428704	-0.00550774846127	0.00202488618191	0.00226438368348	0.000515649233584	0.00403363162559	-0.000197461929575	-0.00188056272803
43980	I778	I77.8 Other specified disorders of arteries and arterioles	43900	4	90	Chapter IX	Y	Y	-0.00182683970913	0.00232232707588	-0.000850917091432	-0.00569494511097	0.0018460626562	0.00220727294819	0.000399151014611	0.00393473406813	-0.000133043185796	-0.00196339077616
43990	I779	I77.9 Disorder of arteries and arterioles, unspecified	43900	4	90	Chapter IX	Y	Y	-0.0016545983761	0.00230890849589	-0.000683031647494	-0.00561787590694	0.00203379028952	0.00221470811018	0.000448966404562	0.00416720009601	-7.12027976096e-05	-0.00198743148488
44000	I78	I78 Diseases of capillaries	1200	3	90	Chapter IX	Y	Y	0.00186363228766	-0.00137284970971	0.00279437641677	-0.00292746284309	0.00265000991706	0.00101928214711	0.00279744792855	0.00519885915826	-0.000239060108737	-0.0006719571519
44010	I780	I78.0 Hereditary haemorrhagic telangiectasia	44000	4	90	Chapter IX	Y	Y	0.00195936625707	-0.00148190204066	0.00295304688044	-0.00299265965035	0.00271402543473	0.00108804867939	0.00289863190201	0.00530907534474	-0.00017972830505	-0.000630694113862
44020	I781	I78.1 Naevus, nonneoplastic	44000	4	90	Chapter IX	Y	Y	0.00199863464908	-0.00143341759072	0.00284815984571	-0.00301763414534	0.00274062305088	0.00103549997678	0.00286248496431	0.00530517469178	-0.000246736733606	-0.000593987621067
44030	I788	I78.8 Other diseases of capillaries	44000	4	90	Chapter IX	Y	Y	0.00195418151997	-0.0014238835542	0.00288948359596	-0.00300799135511	0.0027126608536	0.00102851714197	0.00288817417691	0.00532396803348	-0.000256934837296	-0.000682756166065
44040	I789	I78.9 Disease of capillaries, unspecified	44000	4	90	Chapter IX	Y	Y	0.00194200884844	-0.00139062042307	0.00282514430809	-0.00300857853803	0.00279127974192	0.00103660988302	0.00279677538347	0.00540176478299	-0.000215584223908	-0.0005975444548
44050	I79	I79 Disorders of arteries, arterioles and capillaries in diseases classified elsewhere	1200	3	90	Chapter IX	Y	Y	-0.000909050243311	-0.000743326026766	0.00264164574862	-0.00203026719481	0.00340931419849	-0.000320270457578	0.00421766465603	0.00467221589763	0.00159954954889	-0.00156181382623
44060	I790	I79.0 Aneurysm of aorta in diseases classified elsewhere	44050	4	90	Chapter IX	Y	Y	-0.000871855649042	-0.000661759316216	0.00263902285683	-0.00202822835531	0.00346549277725	-0.000230580484854	0.00413785359891	0.00482697260643	0.00152435852453	-0.00152294446252
44070	I791	I79.1 Aortitis in diseases classified elsewhere	44050	4	90	Chapter IX	Y	Y	-0.000870495509868	-0.000669423174621	0.00260112675106	-0.00199485943445	0.00338938347258	-0.000264847998484	0.0042647598325	0.00474834690911	0.00156640743205	-0.0015550046949
44080	I792	I79.2 Peripheral angiopathy in diseases classified elsewhere	44050	4	90	Chapter IX	Y	Y	-0.000979763662982	-0.000769957373806	0.0027511771167	-0.00204643208686	0.00357608585645	-0.000291008068703	0.00414519051065	0.00475729862054	0.00164507109805	-0.00160778383939
44090	I798	I79.8 Other disorders of arteries, arterioles and capillaries in diseases classified elsewhere	44050	4	90	Chapter IX	Y	Y	-0.000848108542511	-0.00067780375331	0.00260692595833	-0.00198746386276	0.0033976190085	-0.000266994111053	0.00427903563517	0.00476099114414	0.00157328745941	-0.00152824211802
44100	I80	I80 Phlebitis and thrombophlebitis	1210	3	90	Chapter IX	Y	Y	0.000257065752254	0.00210435977217	0.000289888981838	0.00178348805132	0.00161642415803	0.00404782307745	-0.00278159451131	0.00567634828941	-8.24514077516e-05	6.20627395485e-05
44110	I800	I80.0 Phlebitis and thrombophlebitis of superficial vessels of lower extremities	44100	4	90	Chapter IX	Y	Y	0.000268053014338	0.0019108903652	0.000349626061406	0.00179272498883	0.00171148447494	0.00413114491518	-0.00280873929103	0.00563342483002	-3.32522617942e-05	-1.11003905077e-05
44120	I801	I80.1 Phlebitis and thrombophlebitis of femoral vein	44100	4	90	Chapter IX	Y	Y	0.000396653846602	0.00202576720408	-4.22202949949e-05	0.00170952473731	0.00172464745189	0.00408707791201	-0.00302130727362	0.00582488392741	0.000145180307817	0.000113258661791
44130	I802	I80.2 Phlebitis and thrombophlebitis of other deep vessels of lower extremities	44100	4	90	Chapter IX	Y	Y	0.000253633860723	0.00211027579042	0.000339485792079	0.00187095551066	0.00154312851421	0.00418273112682	-0.00288294861683	0.00559661811189	-6.00684571773e-05	0.000109685640072
44140	I803	I80.3 Phlebitis and thrombophlebitis of lower extremities, unspecified	44100	4	90	Chapter IX	Y	Y	0.000330193137265	0.00206155811887	0.000180125884348	0.00181561825285	0.00166016228109	0.0041943370382	-0.00295920511829	0.00575949290267	1.00228280189e-05	7.65208878128e-05
44150	I808	I80.8 Phlebitis and thrombophlebitis of other sites	44100	4	90	Chapter IX	Y	Y	0.000308296258454	0.00214958723681	0.000275342713449	0.00190985783745	0.00160116901454	0.00430467608175	-0.00301500121028	0.0057636703934	-0.000100929117305	3.22637732277e-05
44160	I809	I80.9 Phlebitis and thrombophlebitis of unspecified site	44100	4	90	Chapter IX	Y	Y	0.000258773690237	0.00203132728071	0.000358591680212	0.0018658732054	0.00154075040085	0.00420348207224	-0.00283120720963	0.00557752228742	-5.5313853121e-05	0.000103418237499
44170	I81	I81 Portal vein thrombosis	1210	3	90	Chapter IX	Y	Y	-0.000499269970859	0.00194103205338	0.00120970315995	0.000354908454066	0.00167998695544	0.00144896483787	-0.000100732733745	0.00460933978992	-0.000653358237279	-0.00024871142229
44180	I82	I82 Other venous embolism and thrombosis	1210	3	90	Chapter IX	Y	Y	-0.000574500274431	0.000869472258004	0.000500042021913	0.00277887759831	0.0034700363296	0.00175124974934	-0.00105089334286	0.00511287433439	-0.00244574094193	0.00307410564148
44190	I820	I82.0 Budd-Chiari syndrome	44180	4	90	Chapter IX	Y	Y	-0.000589701804458	0.000829679388175	0.000497956367728	0.00275537964609	0.00343263861174	0.00172020810263	-0.0010802482737	0.0051327781119	-0.00249789097972	0.00300609600144
44200	I821	I82.1 Thrombophlebitis migrans	44180	4	90	Chapter IX	Y	Y	-0.000598652226987	0.000776893967592	0.000493752985209	0.00275852552546	0.00349566041208	0.00171610313477	-0.00105342038783	0.00512156530089	-0.00258097963155	0.00313583296773
44210	I822	I82.2 Embolism and thrombosis of vena cava	44180	4	90	Chapter IX	Y	Y	-0.000594920605535	0.00089414200561	0.000527014949164	0.00280924884107	0.00347391920126	0.00174509429205	-0.00103556292117	0.00515438930053	-0.00251043854687	0.00305064618066
44220	I823	I82.3 Embolism and thrombosis of renal vein	44180	4	90	Chapter IX	Y	Y	-0.000585194799161	0.000719915269507	0.000489494495859	0.0028181602698	0.00348995404414	0.00170248137847	-0.00100120631165	0.00501174456587	-0.00257699732229	0.00323915194032
44230	I828	I82.8 Embolism and thrombosis of other specified veins	44180	4	90	Chapter IX	Y	Y	-0.000579694302204	0.000907482343591	0.000494997998761	0.00283719009313	0.00348918344318	0.00176129753887	-0.00105964673911	0.00517883301557	-0.00249730679414	0.00306108838792
44240	I829	I82.9 Embolism and thrombosis of unspecified vein	44180	4	90	Chapter IX	Y	Y	-0.000583598467341	0.000851530283316	0.000480116086389	0.00285124856618	0.0034795250651	0.00173714603893	-0.0010603634005	0.00513322326302	-0.00254396808072	0.00310916480665
44250	I83	I83 Varicose veins of lower extremities	1210	3	90	Chapter IX	Y	Y	-0.00293351500494	0.000902858269583	0.000508479423424	0.00276209360534	0.00162997088445	0.000988440907977	-0.0008253742639	0.00642563113253	1.94801671407e-05	0.00248026914935
44260	I830	I83.0 Varicose veins of lower extremities with ulcer	44250	4	90	Chapter IX	Y	Y	-0.00315151086542	0.000882904671247	0.000606448843765	0.00281554851227	0.00165188706774	0.00124582108168	-0.000856200416987	0.00633273474155	3.1594091666e-05	0.00254109355835
44270	I831	I83.1 Varicose veins of lower extremities with inflammation	44250	4	90	Chapter IX	Y	Y	-0.00316402118159	0.000833232022977	0.000561543315875	0.00282418585089	0.00151982670487	0.00111259631424	-0.000804161756013	0.00627539795615	5.64150506404e-05	0.00261571263176
44280	I832	I83.2 Varicose veins of lower extremities with both ulcer and inflammation	44250	4	90	Chapter IX	Y	Y	-0.00310139888572	0.000885705572518	0.000586090519444	0.00272731757716	0.00149737673565	0.00109607652773	-0.000798237698272	0.00623276746817	3.88540249227e-05	0.00256603644674
44290	I839	I83.9 Varicose veins of lower extremities without ulcer or inflammation	44250	4	90	Chapter IX	Y	Y	-0.0031207763948	0.000871949408038	0.00054406295909	0.00286186979544	0.00163328354854	0.00111365853191	-0.000834383368454	0.00642643232924	4.39800939039e-05	0.00261451609735
44300	I84	I84 Haemorrhoids	1210	3	90	Chapter IX	Y	Y	0.000856020723359	0.00327761183763	0.00172237409369	0.000690606102525	0.000714703900715	0.000956878067224	-0.002856944606	0.00488170006694	-0.00316870421273	-0.00200388497343
44310	I840	I84.0 Internal thrombosed haemorrhoids	44300	4	90	Chapter IX	Y	Y	0.000598411593879	0.00339402361401	0.00176356024924	0.000668181046041	0.000713124271225	0.000992777882553	-0.00291267462302	0.00495259445521	-0.00337443068544	-0.00211325441143
44320	I841	I84.1 Internal haemorrhoids with other complications	44300	4	90	Chapter IX	Y	Y	0.000699714350696	0.00336592197419	0.00180644598668	0.000773315263641	0.000802998913384	0.00100985270275	-0.00296226121827	0.00509008588051	-0.00329426885859	-0.0020794966159
44330	I842	I84.2 Internal haemorrhoids without complication	44300	4	90	Chapter IX	Y	Y	0.000546415655813	0.00338808801698	0.00179267106291	0.000808012658833	0.000847618288202	0.001057017177	-0.00304410991625	0.0052002516817	-0.00335092762304	-0.00217578356616
44340	I843	I84.3 External thrombosed haemorrhoids	44300	4	90	Chapter IX	Y	Y	0.000570092039636	0.00340742082815	0.00174009655244	0.000784387922995	0.000815908750248	0.00107286701105	-0.00299345758993	0.00513240566237	-0.00332289315215	-0.00212326154329
44350	I844	I84.4 External haemorrhoids with other complications	44300	4	90	Chapter IX	Y	Y	0.000578291021935	0.00336624633766	0.00181887606162	0.000797583937827	0.000885554818977	0.00101381038599	-0.00301813200801	0.00520094021997	-0.00327549999469	-0.00213998071974
44360	I845	I84.5 External haemorrhoids without complication	44300	4	90	Chapter IX	Y	Y	0.000599329019773	0.00337536524639	0.00178764736083	0.00079856961628	0.000843700611104	0.00103238759214	-0.00301994861981	0.00516147273186	-0.00331070634364	-0.0021625671337
44370	I846	I84.6 Residual haemorrhoidal skin tags	44300	4	90	Chapter IX	Y	Y	0.000631208905191	0.00338255370609	0.00175798149623	0.000668391319549	0.000698194422802	0.000984055258818	-0.0029114666702	0.00493155971168	-0.00334945505143	-0.00211228631103
44380	I847	I84.7 Unspecified thrombosed haemorrhoids	44300	4	90	Chapter IX	Y	Y	0.000704637523758	0.00340337911895	0.00175304782543	0.000733911256555	0.000734705831012	0.000977610572709	-0.00300049878927	0.00503994235374	-0.00330844622628	-0.00213296241963
44390	I848	I84.8 Unspecified haemorrhoids with other complications	44300	4	90	Chapter IX	Y	Y	0.000585130006732	0.00350461736219	0.00163657839041	0.000727431626576	0.000757367613277	0.00110253000544	-0.0029297359038	0.00514280540179	-0.00336954003723	-0.00208743231881
44400	I849	I84.9 Unspecified haemorrhoids without complication	44300	4	90	Chapter IX	Y	Y	0.000797535285166	0.00349527182362	0.00175822665173	0.00069810971717	0.000605669585278	0.00102552061099	-0.00293183105767	0.00500621299176	-0.0033853157844	-0.00214181373801
44410	I85	I85 Oesophageal varices	1210	3	90	Chapter IX	Y	Y	0.00135679573038	0.00267874645842	0.000156166025655	0.00316991714457	0.00265658734778	0.00285929635141	-0.00155404794412	0.00548829260302	-7.09232917405e-05	-0.00140207018096
44420	I850	I85.0 Oesophageal varices with bleeding	44410	4	90	Chapter IX	Y	Y	0.00137637814721	0.00272971198567	0.000100608172823	0.00319318154773	0.00262625350146	0.00287051947518	-0.00156507618683	0.0054708248214	-8.15735322868e-05	-0.00145464096674
44430	I859	I85.9 Oesophageal varices without bleeding	44410	4	90	Chapter IX	Y	Y	0.00135762928461	0.00272206825124	0.000126244835773	0.00317033489963	0.00266545974674	0.00286029466159	-0.00157387944197	0.00557601236724	-7.23034425599e-05	-0.00144055705981
44440	I86	I86 Varicose veins of other sites	1210	3	90	Chapter IX	Y	Y	-0.000811008855428	0.000988174088944	-9.56779066735e-05	0.00322463292377	0.00196981545911	-0.000291207639966	-0.0021001086817	0.00619995869409	-0.00229542242262	-8.84206164414e-05
44450	I860	I86.0 Sublingual varices	44440	4	90	Chapter IX	Y	Y	-0.000767165524093	0.00102160196768	-9.30329145592e-05	0.00329225267196	0.00194583319654	-0.000307287385172	-0.002224298688	0.00637335895592	-0.00228692746896	-9.91030866256e-05
44460	I861	I86.1 Scrotal varices	44440	4	90	Chapter IX	Y	Y	-0.000777522755813	0.000925137371731	-7.70650432719e-05	0.00325891645089	0.00199551429218	-0.00032048022814	-0.00221545615558	0.00633617121372	-0.00229130385161	-9.69212216588e-05
44470	I862	I86.2 Pelvic varices	44440	4	90	Chapter IX	Y	Y	-0.000788176602825	0.000989218626128	-5.71658521784e-05	0.00324477651924	0.0020127106383	-0.000211081479046	-0.00221801743967	0.00648457389583	-0.00230383116146	-6.98089104111e-05
44480	I863	I86.3 Vulval varices	44440	4	90	Chapter IX	Y	Y	-0.000722685001743	0.00100787422767	-6.65695788432e-05	0.00321297611334	0.00205006642972	-0.000205219521787	-0.00223940085528	0.00647095726551	-0.00230315841376	-0.000159443743257
44490	I864	I86.4 Gastric varices	44440	4	90	Chapter IX	Y	Y	-0.000888209861215	0.000855940176414	1.79976201494e-05	0.00328775811436	0.0018440953477	-0.000257013603505	-0.00222571862812	0.00630610541451	-0.0022020835488	1.71479367252e-05
44500	I868	I86.8 Varicose veins of other specified sites	44440	4	90	Chapter IX	Y	Y	-0.000878148454448	0.00095740607021	-2.10739547846e-05	0.00327968280736	0.00187292998816	-0.0002464011826	-0.00222316367829	0.00636695542945	-0.00219879346982	-1.44185366705e-05
44510	I87	I87 Other disorders of veins	1210	3	90	Chapter IX	Y	Y	-0.000161437718541	0.00287495036972	0.000541995255806	0.00186213263932	0.00143601270035	0.000768082972161	-0.00268563838978	0.00545080459572	-0.00199711258443	-0.00301599243787
44520	I870	I87.0 Postphlebitic syndrome	44510	4	90	Chapter IX	Y	Y	-0.000169030773063	0.00295892221719	0.000483577644848	0.00194077629413	0.00134134668273	0.000709776926939	-0.00282385038288	0.00544804768604	-0.00210404656182	-0.00325937647226
44530	I871	I87.1 Compression of vein	44510	4	90	Chapter IX	Y	Y	-0.000160301219857	0.00293523047563	0.000481658857384	0.00194757607141	0.00133200517372	0.000726544252717	-0.00280720238155	0.00536419424614	-0.00208236319954	-0.0032206904278
44540	I872	I87.2 Venous insufficiency (chronic) (peripheral)	44510	4	90	Chapter IX	Y	Y	-0.000134531302191	0.00296356520514	0.000554503362224	0.00199299990181	0.00132342562097	0.000753292283181	-0.00284633717778	0.00555970827046	-0.00213073934505	-0.00319262375221
44550	I878	I87.8 Other specified disorders of veins	44510	4	90	Chapter IX	Y	Y	-0.000162220126937	0.00296876449386	0.000520974331985	0.00198856652909	0.00137399990185	0.000694938899827	-0.00289916604398	0.00559469653542	-0.00216961987425	-0.00322030494511
44560	I879	I87.9 Disorder of vein, unspecified	44510	4	90	Chapter IX	Y	Y	-0.000138077722623	0.00295385329124	0.000524197800636	0.0019704014436	0.00137378431693	0.000729925244428	-0.00284331288735	0.00554337146493	-0.00212256392045	-0.00321171178485
44570	I88	I88 Nonspecific lymphadenitis	1210	3	90	Chapter IX	Y	Y	-0.000751519521814	0.00219607632409	-0.000702833838685	0.00283845390528	0.00188746152898	0.00338449073252	-0.00132350862845	0.00582920806555	-0.00135532191831	-0.00127514384876
44580	I880	I88.0 Nonspecific mesenteric lymphadenitis	44570	4	90	Chapter IX	Y	Y	-0.000792824131609	0.00216696537286	-0.000788143431582	0.00285650692788	0.00191606907666	0.00339559525876	-0.00140021614032	0.00577984162297	-0.00129972583699	-0.00132837221797
44590	I881	I88.1 Chronic lymphadenitis, except mesenteric	44570	4	90	Chapter IX	Y	Y	-0.000728258564061	0.00221205333671	-0.000802192334046	0.00284956819965	0.00196609266588	0.00339110329054	-0.00140887653467	0.00584360785043	-0.00146160873546	-0.00129175112678
44600	I888	I88.8 Other nonspecific lymphadenitis	44570	4	90	Chapter IX	Y	Y	-0.000736394479535	0.00224609723566	-0.00070102888121	0.00284978112057	0.00197876453192	0.00337302872093	-0.00139256933867	0.00601389235232	-0.00146480469403	-0.0013057758754
44610	I889	I88.9 Nonspecific lymphadenitis, unspecified	44570	4	90	Chapter IX	Y	Y	-0.00072715052751	0.00213888800534	-0.000780270452547	0.00282812820236	0.00190478325977	0.00331141763617	-0.00137070087744	0.00573587359222	-0.001331875352	-0.00129555001925
44620	I89	I89 Other non-infective disorders of lymphatic vessels and lymph nodes	1210	3	90	Chapter IX	Y	Y	-0.000783867854161	0.00377563545054	-0.0016048614722	0.00238083909956	0.00306962874624	0.00160451254969	0.000686461474715	0.00502989567443	0.000817534649869	-0.00271049373541
44630	I890	I89.0 Lymphoedema, not elsewhere classified	44620	4	90	Chapter IX	Y	Y	-0.000750701651878	0.00366835547172	-0.00156059250612	0.00230310847498	0.00302816538896	0.00162117203526	0.000613897163505	0.00504406020995	0.000780228088508	-0.00266437391033
44640	I891	I89.1 Lymphangitis	44620	4	90	Chapter IX	Y	Y	-0.000729125855198	0.00374161797701	-0.00161826553107	0.00233355621535	0.00306336814304	0.00164052816969	0.000649448313756	0.0051147955622	0.000799367841104	-0.00274164328621
44650	I898	I89.8 Other specified non-infective disorders of lymphatic vessels and lymph nodes	44620	4	90	Chapter IX	Y	Y	-0.000687585340555	0.00385267053118	-0.00174977034596	0.00235257072258	0.00301663228394	0.00166972778243	0.000634865181123	0.00519851317436	0.000769799197416	-0.00297792811215
44660	I899	I89.9 Non-infective disorder of lymphatic vessels and lymph nodes, unspecified	44620	4	90	Chapter IX	Y	Y	-0.000640422051327	0.00372787444046	-0.00170841057905	0.00249298717367	0.00306965342474	0.00170592506905	0.000654291539382	0.00512634920131	0.000785691810083	-0.00278733614831
44670	I95	I95 Hypotension	1220	3	90	Chapter IX	Y	Y	0.00366434366717	0.00201325467903	0.00303165888162	-0.001735687957	0.00323400769716	0.00290358348577	0.00187423400635	0.00364020136111	-0.000139720563069	7.96487723634e-05
44680	I950	I95.0 Idiopathic hypotension	44670	4	90	Chapter IX	Y	Y	0.00380540532843	0.00206073278599	0.00309703491452	-0.00169788946911	0.00324547351423	0.00305804164506	0.00192060461431	0.00368393180323	-7.40412127769e-05	0.000104576191793
44690	I951	I95.1 Orthostatic hypotension	44670	4	90	Chapter IX	Y	Y	0.00375487627665	0.00197751463858	0.00303928480111	-0.00173031282801	0.00324499667987	0.00292334165896	0.00191866739139	0.00373003660622	-8.56807948581e-05	7.37154520922e-05
44700	I952	I95.2 Hypotension due to drugs	44670	4	90	Chapter IX	Y	Y	0.00375455598195	0.00188752070104	0.00302255008763	-0.00178181704354	0.00322064810373	0.00285879135269	0.00195012486776	0.00371782647805	-7.46050742512e-05	2.81047671391e-05
44710	I958	I95.8 Other hypotension	44670	4	90	Chapter IX	Y	Y	0.00366849511849	0.00191873831867	0.00305651318475	-0.00163019825065	0.00318703175634	0.00297016451522	0.00189953139285	0.00377421331419	-2.91758513021e-05	6.88750055698e-05
44720	I959	I95.9 Hypotension, unspecified	44670	4	90	Chapter IX	Y	Y	0.00362560192465	0.00200812410066	0.00299769112	-0.00168399510864	0.00326147004667	0.00286650238274	0.00187256197984	0.00381723471173	-8.39254485099e-05	7.54262350694e-05
44730	I97	I97 Postprocedural disorders of circulatory system, not elsewhere classified	1220	3	90	Chapter IX	Y	Y	0.000989724282908	0.00258635658842	-0.000887546660557	0.000459115663329	0.00351302054537	0.0029230220696	0.00135328600052	0.0045243343602	0.000490465763943	0.00353649766466
44740	I970	I97.0 Postcardiotomy syndrome	44730	4	90	Chapter IX	Y	Y	0.00104958331511	0.00263971917294	-0.00109143934045	0.000543742313189	0.00360224173745	0.00304837524086	0.00145102924539	0.0044535048019	0.000483979742196	0.003758352622
44750	I971	I97.1 Other functional disturbances following cardiac surgery	44730	4	90	Chapter IX	Y	Y	0.000985561402886	0.00259191510698	-0.00092296986217	0.000431435817184	0.00349697356286	0.00295533414425	0.00135565169241	0.00448074504367	0.000475066148874	0.00356591021057
44760	I972	I97.2 Postmastectomy lymphoedema syndrome	44730	4	90	Chapter IX	Y	Y	0.00102880454298	0.00265851788305	-0.00104208987849	0.000520901230982	0.0035979748054	0.00307337852934	0.00145339016624	0.00450574923845	0.000495503576171	0.00372234339528
44770	I978	I97.8 Other postprocedural disorders of circulatory system, not elsewhere classified	44730	4	90	Chapter IX	Y	Y	0.000994499670391	0.00261981969843	-0.00113625712978	0.000571377945192	0.00363263014291	0.00302365935673	0.00136806194339	0.00455895641426	0.000464894598475	0.00367935856846
44780	I979	I97.9 Postprocedural disorder of circulatory system, unspecified	44730	4	90	Chapter IX	Y	Y	0.00102885074205	0.00260315242366	-0.00103089415695	0.00049930636893	0.00352346892078	0.00298083163278	0.00136610533672	0.00444767198974	0.000499425870152	0.00367126297241
44790	I98	I98 Other disorders of circulatory system in diseases classified elsewhere	1220	3	90	Chapter IX	Y	Y	0.00184571162599	-0.00013057432072	0.00266279124267	0.00246947603091	0.00227992959975	-0.00249177369584	-0.000837632259362	0.00567248832727	-0.000976248553095	0.000454677131797
44800	I980	I98.0 Cardiovascular syphilis	44790	4	90	Chapter IX	Y	Y	0.00190841461269	-0.000189947459803	0.00273345731924	0.00256367109161	0.00241180093936	-0.00258038938255	-0.000900583448686	0.00583634975159	-0.00101424786453	0.000468748690766
44810	I981	I98.1 Cardiovascular disorders in other infectious and parasitic diseases classified elsewhere	44790	4	90	Chapter IX	Y	Y	0.00190467129853	-0.000212699652474	0.00269842714171	0.00250700893227	0.00232303434081	-0.00253415759621	-0.00089414166538	0.00576810474791	-0.000951336738003	0.000453495128084
44820	I982	I98.2 Oesophageal varices in diseases classified elsewhere	44790	4	90	Chapter IX	Y	Y	0.00186240671062	-0.000239804796194	0.00259341791861	0.00244413897905	0.00232162969503	-0.00255172382546	-0.00091472136571	0.00560326356697	-0.000924233037883	0.000452208654381
44830	I983	I98.3 Oesophageal varices with bleeding in diseases classified elsewhere	44790	4	90	Chapter IX	Y	Y	0.00186680797068	-0.000141996687664	0.0026818800903	0.00254302633616	0.00231260182769	-0.00256064746583	-0.000843056533574	0.00574137290925	-0.00098222766803	0.000441630310437
44840	I988	I98.8 Other specified disorders of circulatory system in diseases classified elsewhere	44790	4	90	Chapter IX	Y	Y	0.00188718123701	-0.000107395077415	0.00274850881348	0.00256592465284	0.00238924752961	-0.00253781349494	-0.000909819180173	0.0058673143849	-0.000996053449261	0.000460504720518
44850	I99	I99 Other and unspecified disorders of circulatory system	1220	3	90	Chapter IX	Y	Y	-0.000205041254329	0.00217197740253	0.00109447244474	-0.00050424508458	5.4437566133e-05	0.00116450971987	0.00021051130112	0.00246471130699	-0.000533447564157	0.000101950330114
